"buyer_id","company_id","unique_id","buyer_ref","party_type","buyer_name","buyer_add","buyer_country","buyer_state","buyer_city","contact_no","buyer_mobile","buyer_email","buyer_website","contact_person","c_person_email","c_person_contact","skype_id","about","legal_status","cstatus","is_active","products","buyer_type_id","buyer_margin_type","entry_date"
"1","1",,"Interzoo","EXPORTER","AGRICOM IMPEX","202, 2ND FLOOR, AMALTAS APT, RAJNAGAR, NAGPUR, MAHARASTRA","101","0","0","-","-","agricom.impex@hotmail.com","www.agricomimpex.com","MR. AKASH GHADSE","akash@agricomimpex.com","07122591130","-",,,"0","0","0","4","0","2024-01-06 16:07:31"
"2","1",,"OLD DATA","IMPORTER","AL SIDDICK TRADING AGENCIES ","-","243","0","0","-","-","alsiddick1@gmail.com","-","MR. Al SIDDICK","alsiddick1@gmail.com","9673240500","-","test 1","test 4","0","0","0","2","0","2024-01-06 16:07:31"
"3","1",,"OLD DATA","IMPORTER","CO.PRO.SEM.EL S.R.L.","VIA VITTORIO VENETO NR 87 - 35019				TOMBOLO - PD (ITALY)				VAT. NR./EORI NR IT00227000288","107","0","0","bcontactu","390495969444","NICOLAFRIGO@COPROSEMEL.IT","-","Mr. Frigo","NICOLAFRIGO@COPROSEMEL.IT","39337498007","-",,,"0","0","11","2","0","2024-01-06 16:07:31"
"4","1",,,"IMPORTER","NEWTON SEEDS","-","157","0","0","-","-","info@newtonsseeds.co.nz","-","mr. John Tut","john@newtonseed.co.nz","6496364918","-",,,"0","0","0","2","0","2024-01-06 16:07:31"
"5","1",,,"IMPORTER","PADANA SEMENTI ELATTE SRL","-","107","0","0","-","390495969054","COMMERCIALE@PADANASEMENTI.COM","-","Mr. Fabio Secco","COMMERCIALE@PADANASEMENTI.COM","390495969054","-",,,"0","0","0","2","0","2024-01-06 16:07:31"
"6","1",,"-","IMPORTER","GONZALO ZARAGOZA MANRESA, S.L.","-","205","0","0","bcontactu","-","gzmsl@gzmsl.com","-","   PATRICIA ZARAGOZA MANRESA","gzmsl@gzmsl.com","34966758360","-",,,"0","0","12","2","0","2024-01-06 16:07:31"
"7","1",,,"IMPORTER","MANITOBA SRL VIA PON ANGELO","VIA DELMONCELLO 9,26037 SAN GIOVANNI IN CROCE CREMONA-ITALIA VAT.NR./EROI NR IT02325420343","107","0","0","+39 0375 310418 ","-","manitobasrl@libero.it,info@manitobasrl.com","www.manitoba.eu","mr. patrick","PATRICK.ROSSI@MANITOBASRL.COM","393385088511","-",,,"0","0","0","2","0","2024-01-06 16:07:31"
"9","1",,,"IMPORTER","PPHU KAMPOL KRYSZTOF LUZNJAK","-","175","0","0","-","48697000003","MARKETING@KAMPOLRUSIEC.PL","WWW.KAMPOLRUSIEC.PL","MISS DAGMARA","MARKETING@KAMPOLRUSIEC.PL","48697000002","-",,,"0","0","0","2","0","2024-01-06 16:07:31"
"11","1",,"OLD DATA","IMPORTER","HAKAN AGRO DMCC","-","229","0","0","bcontactu","-","amjathexports@gmail.com","-","MOHAMMED FURKAN ","mohammad.furkan@hakanfoods.tk","+971 4 423 0700","-",,,"0","0","0","2","0","2024-01-06 16:07:31"
"12","1",,"OLD DATA","IMPORTER","CERAGRO PRODUTOS AGRICOLAS LDA.","-","176","0","0",,"-","ceragro@live.com.pt","-","FERNANDO ","ceragro@live.com.pt","351256583867","-",,,"0","0","17","2","0","2024-01-06 16:07:31"
"13","1",,"OLD DATA","IMPORTER","KU-FU-CHEN TRADING CO. LTD.","NO. 44-106 TAIZIGONG TAI PEI LI, XINGYING DIST., TAINAN CITY, TAIWAN R.O.C","214","0","0","bcontactu","+886 6 652 4659","-","-","MISS PEKO","PEKO1980@MSN.COM","886935178332","-",,,"0","0","12","2","0","2024-01-06 16:07:31"
"14","1",,,"IMPORTER","EXIMCAN CANADA","-","38","0","0","-","-","-","<HTTP://WWW.EXIMCAN.COM/> WWW.EXIMCAN.COM","MINIL XAVIER","minil@eximcan.com","4169797967",,,,"0","0","12","2","0","2024-01-06 16:07:31"
"15","1",,"OLD SOFTWARE DATA","IMPORTER","SERVIZI PRODOTTI AGRICOLI SNC","-","107","0","0","bcontactu","-","-","-","MR MATTEO GHIDONI","-","39053555515","-",,,"0","0","0","2","0","2024-01-06 16:07:31"
"16","1",,"Global data Safflower sheet","IMPORTER","VALMAN ","-","107","0","0","bcontactu","-","info@valman.it","-","LARANZO","info@valman.it","+39 0444975663","-",,,"0","0","0","2","0","2024-01-06 16:07:31"
"17","1",,"-","IMPORTER","LEVANTE IMPORT EXPORT S.L.","-","205","0","0","bcontactu","-","norberto.mari@levantex.com","-","DADIT","t.mari@levantex.com ","34961854625","-",,,"0","0","0","2","0","2024-01-06 16:07:31"
"18","1",,,"IMPORTER","IMPORTADORA CAPRILS SA","-","43","0","0","-","-","mpinto@importadoracaprile.cl","-"," MAURICIO PINTO","mpinto@importadoracaprile.cl","56322228423",,,,"0","0","17","4","0","2024-01-06 16:07:31"
"19","1",,,"IMPORTER","UNEE","-","64","0","0","-","-","unee@idsc.net.eg","-","MR IHAB ","gi_mankabady@yahoo.com","-","-",,,"0","0","0","2","0","2024-01-06 16:07:31"
"20","1",,"OLD DATA","IMPORTER","ICA ,  SA.","-","205","0","0","bcontactu","34--928714422","igonzalez@icasa.com","-","ISABEL GONZALEZ","jlbermejo@icasa.com","+34 674 155111","-",,,"0","0","0","2","0","2024-01-06 16:07:31"
"21","1",,"OLD DATA","IMPORTER","VALLE GALBARRO SL","-","205","0","0","bcontactu","34955830864","-","https://legumbresvalle.es/contacto/","ANDRES","info@vallegalbarro.es","34955836823","-",,,"0","0","0","2","0","2024-01-06 16:07:31"
"22","1",,"OLD DATA","IMPORTER","AHMED AR BIN AFIF TRADING LLC","-","191","0","0","-","-","MUBASHIR@ARBA-GROUP.COM","-","MR. JAFAR","MUBASHIR@ARBA-GROUP.COM","966505615256","-",,,"0","0","0","2","0","2024-01-06 16:07:31"
"23","1",,,"IMPORTER","VOOWHER FIVE TRADING ","-","173","0","0","6325272527","639496169869","MS.PIAMONTE@YAHOO.COM","-","MISS MARCELA ","MS.PIAMONTE@YAHOO.COM","6325272527",,,,"0","0","9","2","0","2024-01-06 16:07:31"
"24","1",,"OLD DATA","IMPORTER","DHOFAR ENVIRONMENTAL SAFETY AND SERVICES LLC","-","165","0","0","bcontactu","+968 23 212869","dhofarllc@gmail.com","-","MR. GYANSHYAM PATEL","dhofarllc@gmail.com","96895241514","-",,,"0","0","0","2","0","2024-01-06 16:07:31"
"25","1",,,"IMPORTER","ISSAAKIDIS & CO.EE ","-","85","0","0","-","302104174182 ","trade@issaakidis.com","-","PANOS ISSAAKIDIS","trade@issaakidis.com","302104174196 ",,,,"0","0","3","2","0","2024-01-06 16:07:31"
"26","1",,,"IMPORTER","LAYDON LEE ","-","173","0","0","6325221279","639175379480","llglobal2013@gmail.com","-","MR LEE ","llglobal2013@gmail.com","6325225487",,,,"0","0","9","2","0","2024-01-06 16:07:31"
"27","1",,"OLD DATA","IMPORTER","ICHTHYS INVESTMENT (PTY) LTD","-","13","0","0","bcontactu","6188924 3100"," enquiries@INPEX.com.au","-","-","info@ichthysinvs.com.au","61862136000","-",,,"0","0","0","2","0","2024-01-06 16:07:31"
"28","1",,"OLD DATA","IMPORTER","HUSSAIN AND LUCKY GENERAL TRADING LLC ","-","229","0","0","bcontactu","+971 4 226 9160","info@hussainlucky.com","-","MR.SANJAY","info@hussainlucky.com","97142356465","-",,,"0","0","0","2","0","2024-01-06 16:07:31"
"29","1",,,"IMPORTER","FAROOK KAID MOHAMED ALSHAIR DAR SAAD","-","243","0","0","-","9672306770","faroukalshair@hotmail.com","-","MR FAROOQUE KAID","faroukalshair@hotmail.com","967777785717",,,,"0","0","41","2","0","2024-01-06 16:07:31"
"31","1",,,"IMPORTER","ISHIGURO TRADING CO LTD","-","109","0","0","-","5444555","birdseed@birdseed.jp","-","Ishiguro","birdseed@birdseed.jp","1122334455",,,,"0","0","25","2","0","2024-01-06 16:07:31"
"32","1",,,"IMPORTER","SEMINART S.R.L.","VIA SAN ANTONIO, 60 - 35019				TOMBOLO - PADOVA (ITALIA)				VAT. NR./EORI NR IT01601950288","107","0","0",,"39335274267","G.TOMBOLAN@SEMINART.IT","-","GIUSEPPE TOMBOLAN","G.TOMBOLAN@SEMINART.IT","390499471516","-",,,"0","0","75","2","0","2024-01-06 16:07:31"
"33","1",,,"IMPORTER","ITALMIX DI POLI GIULIANO E ROBERTO S.N.C.","-","107","0","0","-","390522846924","italmix@italmix.net","-","MR. ROBERTO","italmix@italmix.net","37585533",,,,"0","0","17","2","0","2024-01-06 16:07:31"
"34","1",,"OLD DATA","IMPORTER","CENAN GROUP INTERNATIONAL,","-","223","0","0","bcontactu","-","info@cenangi.com","-","MR.YASIN CENAN","info@cenangi.com","+90 541 377 74 18","-",,,"0","0","0","2","0","2024-01-06 16:07:31"
"35","1",,"OLD DATA","IMPORTER","DIYABLAR TARIM URULERI VI GIDA IHRACAT","-","223","0","0","bcontactu","+90 324 237 03 89","DIYAB@@SUPERONLINE.COM","-","Shukru","DIYAB@@SUPERONLINE.COM","903242336082","-",,,"0","0","0","2","0","2024-01-06 16:07:31"
"36","1",,"OLD DATA","IMPORTER","VIET STAR INTERNATIONAL JSC ","-","238","0","0","bcontactu"," +84 24 3376 6611","impex@vinastar.com.vn","WWW.VIETSTARCO.COM.VN","MS. TERESA DIEP","impex@vinastar.com.vn","835888673","-",,,"0","0","0","2","0","2024-01-06 16:07:31"
"37","1",,"OLD DATA","IMPORTER","MANSOOR R. SAYED TRAD EST.","-","191","0","0","bcontactu","-","FOOD_MRSEST499@HOTMAIL.COM","-","MR. RAJ","-","-","-",,,"0","0","0","2","0","2024-01-06 16:07:31"
"38","1",,"-","IMPORTER","KHALID ALDEREA FOR TRAD& MARKETING EST","-","191","0","0","bcontactu","-","-","-"," LUCERO BAGTAS","-","+966544390969","-",,,"0","0","0","2","0","2024-01-06 16:07:31"
"39","1",,"OLD DATA","IMPORTER","ALBASHAK CO","-","124","0","0","bcontactu","-","albashak.company@gmail.com","-","MR. TAREK ASHOUR","albashak.company@gmail.com","-","-",,,"0","0","0","2","0","2024-01-06 16:07:31"
"40","1",,,"IMPORTER"," GGK IMPORTS","-","206","0","0","-","-","kavin_imports@yahoo.com","-","MR.LALIT KUMAR ","kavin_imports@yahoo.com","94727400450",,,,"0","0","17","2","0","2024-01-06 16:07:31"
"41","1",,"-","IMPORTER","KERCHEV AND SONS ","-","33","0","0","bcontactu","+359 0700 900 77","kerchev@kerchevandsons.com","-","MR PETER","kerchev@kerchevandsons.com, kerchev@kerchevandsons.com","+359 88 859 8304","-",,,"0","0","0","2","0","2024-01-06 16:07:31"
"42","1",,,"IMPORTER","FIORY","-","107","0","0","-","-","nicola@fiory.com","-","MR NICOLA","nicola@fiory.com","393481509650",,,,"0","0","11","2","0","2024-01-06 16:07:31"
"43","1",,"-","IMPORTER","UNIVERSAL CHERNG INDUSTRIAL CO. LTD","-","214","0","0","bcontactu","886228868848","universal.cherng@gmail.com","-","MISS CLAIRE WANG","R1112.R1112@MSA.HINET.NET","+886 228868848","-",,,"0","0","0","2","0","2024-01-06 16:07:31"
"44","1",,"OLD DATA","IMPORTER","KIAN ABZI PARVAR ZAGROS CO.","-","103","0","0","bcontactu","+98 21 8934 3630","khakisaeed@yahoo.com","-","MR.SAEID KHAKI","khakisaeed@yahoo.com","989125793614","-",,,"0","0","0","2","0","2024-01-06 16:07:31"
"45","1",,"OLD DATA","IMPORTER","AL HASNAA TRADING COMPANYY LLC ","-","229","0","0","bcontactu","-","-","-","-","-","97143493366","-",,,"0","0","0","2","0","2024-01-06 16:07:31"
"46","1",,,"IMPORTER","KOREA AGRO FISHERIES AND FOOD TRADE CORPORATION ","-","115","0","0","-","82619311114","EASTONE@AT.OR.KR","-","MR. PARK PONG IL","EASTONE@AT.OR.KR","619310935",,,,"0","0","6","2","0","2024-01-06 16:07:31"
"47","1",,,"IMPORTER","MARRIAGES SPECIALIST FOODS","-","230","0","0","-","-","sales@marriagefeeds.co.uk","HTTP://WWW.MARRIAGEFEEDS.CO.UK","MISS JO MONTAGU","sales@marriagefeeds.co.uk","441245612019",,,,"0","0","25","2","0","2024-01-06 16:07:31"
"48","1",,"OLD DATA","IMPORTER","GLOBAL VENTURES FZE","-","229","0","0","bcontactu","-","-","-","-","-","+971 4 580 5893","-",,,"0","0","0","4","0","2024-01-06 16:07:31"
"49","1",,,"IMPORTER","CONSOLIDATED GRAIN TRADERS (PTY) LTD","P.O BOX 5038, HELDERBERG 7135,
BLAAUWKLIP OFFICE PARK, BLOCK 1, WEBERSVALLEY ROADM JAMESTOWN,
STELLENBOSCH","202","0","0","-","-","DAWIE@CGTRADERS.CO.ZA","-","DAWIE LE ROUX","NICOLETTE@CGTRADERS.CO.ZA","27218802871",,,,"0","0","15","2","0","2024-01-06 16:07:31"
"50","1",,"OLD SOFTWARE DATA","IMPORTER","BFB PLUS KFT","-","99","0","0","bcontactu","+36307926133","-","-","ms. Christiana","purchase@bfbplus.hu","-","-",,,"0","0","0","2","0","2024-01-06 16:07:31"
"51","1",,,"IMPORTER","AGRICOL EDMS BPK PVT LTD","-","202","0","0","-","27219811126","JDUPLOOY@AGRICOL.CO.ZA","-","MR. JOHAN DU PLOOY","JDUPLOOY@AGRICOL.CO.ZA","27832660779",,,,"0","0","31","2","0","2024-01-06 16:07:31"
"52","1",,"OLD DATA","IMPORTER","ANTHEM FZE","-","229","0","0","bcontactu","+971 52 178 8845 ","ANTHEM.FZE@GMAIL.COM","-","mahendra","ANTHEM.FZE@GMAIL.COM","97167426252","-",,,"0","0","0","2","0","2024-01-06 16:07:31"
"53","1",,,"IMPORTER","HAMZA TRADING HOUSE","-","243","0","0","967711232495","9673208787","HAMZACO@HAMZACO.COM","-","MR MUSHTAQUE RASHID","HAMZACO@HAMZACO.COM","967711103436",,,,"0","0","23","2","0","2024-01-06 16:07:31"
"54","1",,"OLD DATA","IMPORTER","PARARIN GROUP ","-","103","0","0","bcontactu","00982122891070","y.ghobadi@pararin.com","-","MR YASAMAN GHABADI","p.kazerooni@pararin.com","22890515","-",,,"0","0","0","2","0","2024-01-06 16:07:31"
"55","1",,"OLD DATA","IMPORTER","MOHAMMED A AL-ABAD TRADING EST","-","191","0","0","bcontactu",":+966 13 837 4459","-","-","-","-","-","-",,,"0","0","0","2","0","2024-01-06 16:07:31"
"56","1",,,"IMPORTER","DALSACE FRERES ","-","75","0","0","-","-","dalsace@dalsace.com","-","-","dalsace@dalsace.com","33385345678",,,,"0","0","17","2","0","2024-01-06 16:07:31"
"57","1",,"OLD DATA","IMPORTER","A\\\'SAFFA POULTRY FARMS SAOG","-","165","0","0","bcontactu","+968-22360250, +9682","-","-","-","contact@asaffa.com","96824591800","-",,,"0","0","0","2","0","2024-01-06 16:07:31"
"58","1",,,"IMPORTER","ZOO FOOD SRL ","-","107","0","0","-","-","-","-","-","-","39049615675",,,,"0","0","17","2","0","2024-01-06 16:07:31"
"59","1",,"OLD DATA","IMPORTER","TAN HUNG TRADING DEVELOPMENT JOINT STOCK COMPANY","-","238","0","0","bcontactu","84904648988","vietnamcma@gmail.com","-","MS. TRAN THU HOA","tanhungtrading@gmail.com","+84 42 3243691","-",,,"0","0","0","2","0","2024-01-06 16:07:31"
"60","1",,,"IMPORTER","IRCA SRL ","-","107","0","0","-","-","ACQUISTI@IRCA.EU","WWW.IRCASRL.IT","MISS ROSARIA ","rosaria@irca.eu","390331284111",,,,"0","0","1","2","0","2024-01-06 16:07:31"
"61","1",,"OLD DATA","IMPORTER","CHOWON PRODUCTS LTD","-","116","0","0","bcontactu"," +82-2-961-6089","chowon7337@hanmail.net","WWW.CHOWONHERB.COM","MR.HAN","chowon7337@hanmail.net","+82237711462","-",,,"0","0","0","2","0","2024-01-06 16:07:31"
"62","1",,"OLD DATA","IMPORTER","MISTRAL TRADING OOO","4 Pudovkina Street, Moscow","181","0","0","-","-","kleshina@tkmistral.ru","-","ANNA KLESHINA ","kleshina@tkmistral.ru","74957417888","-",,,"0","0","0","2","0","2024-01-06 16:07:31"
"63","1",,"OLD DATA","IMPORTER","VITAKRAFT ","-","57","0","0","bcontactu","420558412652","obchod@vitakraft.cz","-","MR MAREK ","marek.schulhauser@agrochovex.cz","+420 558 412 630","-",,,"0","0","0","2","0","2024-01-06 16:07:31"
"64","1",,"OLD DATA","IMPORTER","RUDLOFF","-","82","0","0","bcontactu","491723519439","info@rudloff.de ","https://www.rudloff.de/Futter/Haustier/","Raik","r.nohrn@Rudloff.de","+49 451 39 876-0","-","-","-","0","0","0","2","0","2024-01-06 16:07:31"
"65","1",,,"IMPORTER","SOCIETA COFICA PTY. LTD.","-","13","0","0","-","-","dia@societacofica.com.au","-","MR. RAWI","dia@societacofica.com.au","6139429 8070",,,,"0","0","17","2","0","2024-01-06 16:07:31"
"66","1",,"OLD DATA","IMPORTER","ZEIAD TRADING EST ","Al Sanaiya, Al Ain - Abu Dhabi - United Arab Emirates","229","0","0","bcontactu","+971 50 6188724","ASD_COM55@YAHOO.COM","-","MR. ABDULLA AL AMOUDI","as.alamoudi@hotmail.com","+971 50 618 7143","-",,,"0","0","0","2","0","2024-01-06 16:07:31"
"67","1",,"OLD DATA","IMPORTER","KHIMJI RAMDAS AND SONS ","-","229","0","0","bcontactu","+971 4 226 3388","commoditydubai@kr.om","-","Jay","commoditydubai@kr.om","97142252238","-",,,"0","0","0","2","0","2024-01-06 16:07:31"
"68","1",,"OLD DATA","IMPORTER","A ALI ESSA ALI ESSA ALDAAYSI CO WLL","-","17","0","0",,"-","purchase@aldaaysiholding.com","WWW. ALDAAYSIHOLDING.COM","IBRAHIM ALDAAYSI","ALDAAYSI@BATELCO.COM.BH","97317785053","-",,,"0","0","26","2","0","2024-01-06 16:07:31"
"69","1",,"OLD DATA","IMPORTER","TAREK MOHAMMED AMIN ","-","64","0","0","bcontactu","-","""tarek.amen23@gmail.com"" <tarek.amen23@gmail.com>","-","tarek","-","201001685624","-",,,"0","0","0","2","0","2024-01-06 16:07:31"
"70","1",,"OLD DATA","IMPORTER","ANGSTREM TRADING COMPANY LTD ","6 Shotlandskaya Street, Saint Petersburg","181","0","0","-","78123039391","import@afg-national.ru","WWW.AFG-NATIONAL.RU","Dmitri Valerevich Kuznetsov ","M.DZHUGAS@AFG-NATIONAL.RU","78123039397","-",,,"0","0","0","2","0","2024-01-06 16:07:31"
"72","1",,,"IMPORTER","DAWNGREEN LTD","-","230","0","0","-","-","enquiries@dawngreen.co.uk","-4419956013555","MS. ANNA","ALEXCOWEY@DAWNGREEN.CO.UK","4419956013555",,,,"0","0","25","2","0","2024-01-06 16:07:31"
"73","1",,,"IMPORTER","DITTA SALVATORE BOCCIA DEI","-","107","0","0","-","-","SBOCCIA@NETFLY.IT","-","MR. SALVATORE BOCCIA","SBOCCIA@NETFLY.IT","39081916989",,,,"0","0","11","2","0","2024-01-06 16:07:31"
"74","1",,"OLD DATA","IMPORTER","TRANS JORDAN","-","111","0","0","bcontactu",":+962 6 4204181","GLOBALGRAINS@GMAIL.COM/GLOBAL3GRAINS@GMAIL.COM","-","AHMAD MAKAHLEH ","transjordan1@gmail.com","962795023332","-",,,"0","0","0","2","0","2024-01-06 16:07:31"
"75","1",,"Global data Safflower sheet","IMPORTER","EVERLIFE GENERAL MARKETING","-","173","0","0","bcontactu","-","-","-","RUBY JANE","-","639175008561","-",,,"0","0","0","2","0","2024-01-06 16:07:31"
"76","1",,"OLD DATA","IMPORTER","ARAB & INDIA SPICES LTD","-","229","0","0","bcontactu","+971 6 743 8111","info@arabindia.com","-","SUNDER BHAI","ARABINDS@HOTMAIL.COM"," 97165432645 ","-",,,"0","0","0","2","0","2024-01-06 16:07:31"
"78","1",,"new data","IMPORTER","OVERGADO ","-","176","0","0","bcontactu","351256580684","LIGIAPODE@OVARGADO.PT","-","DANIELA","petplanet2@ovargado.pt","351256790670","-",,,"0","0","12","2","0","2024-01-06 16:07:31"
"79","1",,,"IMPORTER","ZOO INDUSTRIJA REPIC D.O.O.","-","54","0","0","-","38514111029","zoo-industrija-repic@kc.t-com.hr","-","MR  MARCELO"," zoo-industrija-repic@kc.t-com.hr","38548621259",,,,"0","0","9","2","0","2024-01-06 16:07:31"
"80","1",,"OLD DATA","IMPORTER","ARABIAN DEVELOPMENT ENTERPRISE FOR TRADING ","-","191","0","0","bcontactu","-","ADETCO@INMAA-SA.COM","-","MR.FARES FAROUK BASHITI ","info@inmaa-sa.com","+966 11 420 0036","-",,,"0","0","0","2","0","2024-01-06 16:07:31"
"81","1",,"OLD SOFTWARE DATA","IMPORTER","EURL MALOUKI","-","3","0","0","bcontactu","-","-","-","BENMEHDI DJABER","-","213560231467","-",,,"0","0","0","2","0","2024-01-06 16:07:31"
"82","1",,"safflower sheet ","IMPORTER","CHENGUANG BIO TECH COMPANY LIMITED","-","44","0","0","bcontactu","8615032886016","gypa111@gmail.com","-","RICK","gypa111@gmail.com, cgsw@cn-cg.com","863108852088, +86 0310-8859023","-",,,"0","0","0","2","0","2024-01-06 16:07:31"
"83","1",,"OLD DATA","IMPORTER","RAMADA OVERSEAS TRADING CO LLC","-","229","0","0","bcontactu","+971-4-2352182","-","-","MR. RAMESH AGRAWAL (GENERAL MANAGER) ","ramadaovers@gmail.com","971503505451","-",,,"0","0","0","2","0","2024-01-06 16:07:31"
"84","1",,"OLD DATA","IMPORTER","BEYAZ DEGIRMEN GIDA SAN VE TIC LTD STI","-","223","0","0","bcontactu","902822613850","bilge.hd@beyazdegirmen.com.tr","-","BILGE HAN DENIZ","muratbeser@beyazdegirmen.com.tr","905559803755","-",,,"0","0","0","2","0","2024-01-06 16:07:31"
"85","1",,,"IMPORTER","ANIMAL SCIENCE","-","85","0","0","-","302106149336","dpandos@animalsscience.com","-","MR DIMITRIS PANDOS","dpandos@animalsscience.com","306948678564",,,,"0","0","11","2","0","2024-01-06 16:07:31"
"86","1",,,"IMPORTER","FARM HARVEST ","-","85","0","0","-","-","afoiageorgiadi@gmail.com","-","-","afoiageorgiadi@gmail.com","302510317085",,,,"0","0","11","2","0","2024-01-06 16:07:31"
"87","1",,,"IMPORTER","PET CENTER INC","-","231","0","0","-","3237341445","storrap@aol.com","-","MR.ALEXANDRE ","alex@petcenterinc.com","2137933939",,,,"0","0","11","2","0","2024-01-06 16:07:31"
"88","1",,,"IMPORTER","JOSE N. SORIANO BALAGUER, S.L.","-","205","0","0","-","-","juan@sorianobalaguer.com","-","TOLOSA","JUAN@SORIANOBALAGUER.COM","0034963302354",,,,"0","0","11","2","0","2024-01-06 16:07:31"
"89","1",,,"IMPORTER","AVON PRODUCTS ","-","202","0","0","-","27317660016","rick@spesfeed.co.za","-","MS. SHARON ( PURCHASE MANAG","sharon@aviproducts.co.za","27832514299",,,,"0","0","9","2","0","2024-01-06 16:07:31"
"90","1",,"Global data ","IMPORTER","GRANARIA NV","-","21","0","0","bcontactu","-","info@granaria.be","-","christoph","info@granaria.be","3232139380 ","-",,,"0","0","0","2","0","2024-01-06 16:07:31"
"91","1",,,"IMPORTER","TOOKEEYA LTD.","-","106","0","0","-","-","tookeeya@netvision.net.il","-","AHARON REIN","tookeeya@netvision.net.il","972522472480",,,,"0","0","11","2","0","2024-01-06 16:07:31"
"92","1",,"OLD DATA","IMPORTER","VIVID BIRD ","-","223","0","0","bcontactu","+90 532 232 72 73","info@vividbird.com.tr","-","MR ERGIN","kocaslar@hotmail.com","+90 282 261 30 02","-",,,"0","0","0","2","0","2024-01-06 16:07:31"
"93","1",,,"IMPORTER"," LI WAN CHEUN LTD","-","140","0","0","-","-","hermes@intnet.mu","-","MR ROLAND NG","hermes@intnet.mu","23059149229",,,,"0","0","59","2","0","2024-01-06 16:07:31"
"94","1",,,"IMPORTER","TOM DANISH MATHEW","-","229","0","0","-","97142255651","-","-","TOM","-","971506240869",,,,"0","0","26","2","0","2024-01-06 16:07:31"
"95","1",,,"IMPORTER","POPULAR FEEDMILL CORPORATION ","Michelle Bldg. 80 B Aranas St. Tabo-an Cebu City,  6000 Philippines","173","0","0","-","-","ALLANPABELGAS@YAHOO.COM","WWW.POPULARFEEDMILL.COM","LIMLEEN","ALLANPABELGAS@YAHOO.COM","63322610964","-",,,"0","0","0","2","0","2024-01-06 16:07:31"
"96","1",,,"IMPORTER","BORGOVIT","-","107","0","0","-","-","info@borgovit.it","-","GIOVANNA","info@borgovit.it","31650344",,,,"0","0","11","2","0","2024-01-06 16:07:31"
"97","1",,"OLD DATA","IMPORTER","WON PET COMPANY LIMITED ","-","44","0","0","-","-","vivi@wonpet.com","-","MS. LILY","info@wonpet.com ,  wonpetmail@gmail.com","862087282878","-","WONPET is a China-based pet products manufacturer specialising in pet toys, pet beds, pet accessories, grooming products, and other pet supplies for global wholesale, distribution, and private-label customers. The company focuses on OEM/ODM manufacturing services and exports a wide range of pet products to international markets through customised production and sourcing solutions.","Private Limited Company / Trading Company (China-based) engaged in the export and wholesale supply of pet products, offering OEM/ODM and private-label services to international customers.","0","0","0","2","0","2024-01-06 16:07:31"
"98","1",,,"IMPORTER","PL GLOBAL SOLUTIONS PTE LTD","-","196","0","0","-"," 63239186"," admin@plglobal.com","-","MR. SUNDARAM","finance.sg@plglobal.com","6563239146",,,,"0","0","41","2","0","2024-01-06 16:07:31"
"99","1",,"OLD DATA","IMPORTER","ATIQ ABDULLA FLOUR MILL LLC","-","229","0","0","bcontactu","+971 4 258 5144","atiqmill@emirates.net.ae","-","-"," pro@rfcombine.com","97142712847","-",,,"0","0","0","2","0","2024-01-06 16:07:31"
"100","1",,"OLD DATA","IMPORTER","NAMGA AGRICULTURE","-","116","0","0","bcontactu","827043792970","Info@namgangagriculture.com","-","MR.JAMES LEE","aju2007@daum.net","821045363423","-","-","-","0","0","0","2","0","2024-01-06 16:07:31"
"101","1",,,"IMPORTER","ADRIO C SANTOS & FILHOS LDA,","-","176","0","0","-","-","adriaocsantos@gmail.com","-","MR.SANTOS","ADRIAO.C.SANTOS@MAIL.TELEPAC.PT","351219830002",,,,"0","0","25","2","0","2024-01-06 16:07:31"
"102","1",,,"IMPORTER","EYAD SAIFI CO.","-","106","0","0","-","97292370191","AYMANEYAD@HOTMAIL.COM","-","AYMAN","AYMANEYAD@HOTMAIL.COM","97292388553",,,,"0","0","12","2","0","2024-01-06 16:07:31"
"103","1",,,"IMPORTER","GAH CHUNG TRADING COMPANY  LIMITED ","-","214","0","0","-","-","-","-","-","-","886426222274",,,,"0","0","17","2","0","2024-01-06 16:07:31"
"104","1",,"OLD DATA","IMPORTER","AGRO COMMODITY TRADER","-","229","0","0","-","971553821284","surajpandey@mulkholdings.com","-","SURAJ PANDEY","surajpandey@mulkholdings.com","-","-",,,"0","0","0","2","0","2024-01-06 16:07:31"
"105","1",,"OLD DATA","IMPORTER","HONG SHANG AGRICULTURAL COMMODITIES LTD. ","-","214","0","0","bcontactu","886937912905 ","info@hongshang.com","WWW.HONGSHANGGRAIN.COM.TW   ","ERIC HUANG"," hongshangcch@gmail.com","886222475865 ","-",,,"0","0","0","2","0","2024-01-06 16:07:31"
"106","1",,,"IMPORTER","GLOBAL TRADING D.O.O.","-","54","0","0","-","-","globaltradingdoo@gmail.com","-","-","globaltradingdoo@gmail.com","38551704444",,,,"0","0","9","2","0","2024-01-06 16:07:31"
"107","1",,,"IMPORTER","TURKMEN TARIM URUNLERI SAN. VE DIS TIC. LTD. STI.","-","223","0","0","-","-","turkmen@ttmail.com","-","FIKRI TURKMEN","turkmen@ttmail.com","902324589066",,,,"0","0","13","2","0","2024-01-06 16:07:31"
"108","1",,,"IMPORTER","NORTH PACIFIC INTERNATIONAL TRADING LIMITED","-","231","0","0","13602246851","16042959077 ","northpacifictrading@yahoo.com","-","-","northpacifictrading@yahoo.com","16047827747",,,,"0","0","11","2","0","2024-01-06 16:07:31"
"109","1",,"OLD DATA","IMPORTER","RIFATER LTD","-","223","0","0","bcontactu","+90 533 820 00 20","info@rifaterltd.com","-","KAMIL GURSAN","info@rifaterltd.com","903922291430","-",,,"0","0","0","2","0","2024-01-06 16:07:31"
"110","1",,,"IMPORTER","ABDULLA ALI AL MAJID EST ","-","178","0","0","-","-","-","-","-","abc@abc.com","-",,,,"0","0","26","6","0","2024-01-06 16:07:31"
"111","1",,"PRIYA BAHRAIN","IMPORTER","VM BROS. CO. WLL","-","17","0","0","bcontactu","-","INFO@VMBROS.COM","-","FAIZAL","FAIZAL@VMBROS.COM","97317732411","-",,,"0","0","0","2","0","2024-01-06 16:07:31"
"112","1",,,"IMPORTER","ITB-DRY FOOD ITEMS","-","229","0","0","-","-","binu@mgtgroup.ae","-","BINU JACOB MATHEWS","binu@mgtgroup.ae","97143386444",,,,"0","0","20","2","0","2024-01-06 16:07:31"
"113","1",,,"IMPORTER","AWAN INTERNATIONAL GENERAL TRADING W.L.L.","-","17","0","0","-","97339680869","aziz.alansari@hotmail.com","-","ABDULAZIZ ALANSARI","aziz@awangroups.com","97317311128",,,,"0","0","11","2","0","2024-01-06 16:07:31"
"114","1",,,"IMPORTER","MEGA MARKET PVT LIMITED","-","246","0","0","2632060379","2632061517","ceo@ssmagrouae.com","HTTPS://WWW.GMDU.NET/CORP-831388.HTML","MR. SAIRAAN","ceo@ssmagrouae.com","971566548164",,,,"0","0","58","2","0","2024-01-06 16:07:31"
"115","1",,"OLD DATA","IMPORTER","ADFICO ","-","111","0","0","bcontactu","+962 6 5823996","adfico-zarqa@batelco.jo","-","MR OMAR ","omar@adfico.com.jo","96265826020","-",,,"0","0","0","2","0","2024-01-06 16:07:31"
"116","1",,"OLD DATA","IMPORTER","SOUTH AT","-","10","0","0","bcontactu","+54 297 488 23 45","diego@south-at.com","WWW.SOUTH-AT.COM","DIEGO","info@southlatitudeargentina.com","5491138516430","-",,,"0","0","0","2","0","2024-01-06 16:07:31"
"117","1",,"OLD DATA","IMPORTER","AL BAYRK CO  LTD.","-","104","0","0","bcontactu","+964 750 501 4500","luayhamid@gmail.com","-","MR.LUAY HAMID","luayhamid@bayrk.com","9647711941121","-",,,"0","0","0","2","0","2024-01-06 16:07:31"
"118","1",,,"IMPORTER","GAVRAV IMPORTS ( PVT ) LIMITED ","-","206","0","0","94777780931","94114716443","-","-","-","-","0112380130",,,,"0","0","19","2","0","2024-01-06 16:07:31"
"119","1",,"pallavi greece","IMPORTER","IKOSITA","-","85","0","0","bcontactu","306945361279","-","-","MR NIKOLAS ","-","302271032357","-",,,"0","0","0","2","0","2024-01-06 16:07:31"
"120","1",,"OLD DATA","IMPORTER","GONDOAGRI LDA ","-","176","0","0","bcontactu","-","geral@gondoagri.pt ","-","-","geral@gondoagri.pt ","351224646677","-",,,"0","0","11","2","0","2024-01-06 16:07:31"
"121","1",,"OLD SOFTWARE DATA","IMPORTER","ARATA CO LTD ","-","109","0","0",,"-","import@arata-jp.com","-","SANTOS","import@arata-jp.com","81569223822","-",,,"0","0","17","2","0","2024-01-06 16:07:31"
"122","1",,"OLD DATA","IMPORTER","ARABIAN AREEJ TRADING EST","-","17","0","0","bcontactu","+971 55 408 3829","areej@arabianareej.ae","-","MR EMAAD MANSOOR","emad@arabianareej.com","97339663088","-",,,"0","0","0","2","0","2024-01-06 16:07:31"
"123","1",,,"IMPORTER","ABU KHALID ALAKABI TRADING PLACES","-","243","0","0","-","9673247436","kmaak@yemen.net.ye","-","MR. KHALID AL AKABI","kmaak@yemen.net.ye","967777214229",,,,"0","0","26","2","0","2024-01-06 16:07:31"
"124","1",,,"IMPORTER","STE JENAYAH FRERES DE COMMERCE ","-","222","0","0","-","-","jenaih.commerce@planet.tn","-","MR.FATI ","jenaih.commerce@planet.tn","21673631450",,,,"0","0","26","2","0","2024-01-06 16:07:31"
"125","1",,"OLD DATA","IMPORTER","INBO CORPORATION ","-","116","0","0","bcontactu","+82 17 244 7737","JINHD@YAHOO.CO.KR","HTTP://WWW.GMDU.NET/CORP-679521.HTML","MR H.D. JIN","JINHD@YAHOO.CO.KR","8229699835","-",,,"0","0","0","2","0","2024-01-06 16:07:31"
"126","1",,"OLD DATA","IMPORTER","WESTERN BAKERIES COMPANY LTD","-","191","0","0","bcontactu","-","-","HTTP://WWW.WESTBAKE.COM/","-","md@westbake.com","+966114536688","-",,,"0","0","0","2","0","2024-01-06 16:07:31"
"127","1",,"OLD DATA","IMPORTER","BELIMPEX","-","176","0","0","bcontactu","351916354049","helena.belimpex@netcabo.pt","-","HELENA LOPES REI","helena.belimpex@netcabo.pt"," 351214147390 ","-",,,"0","0","0","2","0","2024-01-06 16:07:31"
"128","1",,,"IMPORTER","CAT BOX ","-","175","0","0","-","114625279","leonmeyer@xsinet.co.za","-","MR LEON MEYER ","leonmeyer@xsinet.co.za","828932093",,,,"0","0","17","2","0","2024-01-06 16:07:31"
"129","1",,,"IMPORTER","BRIDGEWELL RESOURCES","-","231","0","0","-","-","info@bridgewellresources.com","-","MR.RICK HANSEN","info@bridgewellresources.com","8669441172 ",,,,"0","0","11","2","0","2024-01-06 16:07:31"
"130","1",,"OLD DATA","IMPORTER","SIDDIQ AHMED TRADING CO. LTD.","-","191","0","0","bcontactu","-","ZAIQUA@SADRFOODSTUFF.COM","-","MR.FAROOQUE ","INFO@SADRFOODSTUFF.COM","-","-",,,"0","0","0","2","0","2024-01-06 16:07:31"
"131","1",,"OLD DATA","IMPORTER"," ORHAN SUNGUR","-","223","0","0","bcontactu","-","-","-"," ORHAN SUNGUR","info@sungur.com.tr","+90 212 414 2000","-",,,"0","0","0","2","0","2024-01-06 16:07:31"
"132","1",,"OLD DATA","IMPORTER","GUNARJAN HANDELSAGENTUR","-","82","0","0","bcontactu","+49 172 - 4021988","GUNARAJAN@T-ONLINE.DO","-","GUNARAJAN ","GUNARAJAN@T-ONLINE.DO","4904215769593","-",,,"0","0","0","2","0","2024-01-06 16:07:31"
"133","1",,,"IMPORTER","SEMFOR SRL","-","107","0","0","-","-","SEMFOR@SEMFOR.IT","-","CRISTINA BRUNELLI ","CRISTINA.BRUNELLI@SEMFOR.IT","390442330444",,,,"0","0","17","2","0","2024-01-06 16:07:31"
"134","1",,,"IMPORTER","TOPFLITE LTD","-","157","0","0","-","-","-","-","MS. LISA ROBERTSON","-","6434349244",,,,"0","0","9","2","0","2024-01-06 16:07:31"
"135","1",,,"IMPORTER","CONTINENTAL SEMENCES ","VIA MONZATO, 9, 43029 TRAVERSETOLO PR, ITALY TVA: IT02098280346 	","107","0","0","-","-","roberto@continentalsemences.com","www.continentalsemences.com","MR ROBERTO ","roberto@continentalsemences.com","+39 0521 842210",,,,"0","0","17","2","0","2024-01-06 16:07:31"
"137","1",,"OLD DATA","IMPORTER","ZETA TRADING CO,.","-","111","0","0","bcontactu","(305) 889-3599","INFO@ZETAGRAIN.COM","-","RAED M.AZZEH","INFO@ZETAGRAIN.COM","962788515400","-",,,"0","0","0","2","0","2024-01-06 16:07:31"
"138","1",,"OLD DATA","IMPORTER","A COSTA E SILVA  LDA","-","176","0","0","bcontactu","-","ricardoc.silva@sapo.pt","-","RICARDO COSTA E SILVA","ricardosilva@acostaesilva.pt","351252640840","-",,,"0","0","0","2","0","2024-01-06 16:07:31"
"139","1",,"OLD SOFTWARE DATA","IMPORTER","BAN SENG GUAN SDN BHD ","-","132","0","0","bcontactu","60320319877","-","-","DR CHUA","-","60320780583","-",,,"0","0","0","2","0","2024-01-06 16:07:31"
"140","1",,"OLD DATA","IMPORTER","MOAGEM RIUL ","-","176","0","0","bcontactu","-","-","-","Ana Sofia Vaz","qualidade@germiciclo.pt","351219830002","-",,,"0","0","0","2","0","2024-01-06 16:07:31"
"141","1",,"OLD DATA","IMPORTER","GEIBLERS","-","82","0","0","bcontactu","+49 34233 25 396","h.frank@tiernahrung-seerhausen.de","-","MR HARALD FRANK ","info@geissler-kg.de","35268858310","-",,,"0","0","0","2","0","2024-01-06 16:07:31"
"142","1",,"OLD DATA","IMPORTER","NON SHENG COMPANY LIMITED ","-","214","0","0","bcontactu","-","JENNY.NONSHEN@MSA.HINET.NET","-","Noke","info@non-sheng.com.tw","88676951121","-",,,"0","0","0","2","0","2024-01-06 16:07:31"
"143","1",,"OLD DATA","IMPORTER","KUWAIT ENGINEERING CO. FOR AGRICULTURAL & ANIMAL FEED","Al Rai Area Shuwaikh, 90801 Kuwait","117","0","0","bcontactu","96524768849","info@keaaf.com","-","MR. MOHAMMAD SULTAN","info@keaaf.com","96599797898","-",,,"0","0","0","2","0","2024-01-06 16:07:31"
"144","1",,,"IMPORTER","MICHELOTTI ZEI SRL ","-","107","0","0","-","-","PAOLO@MICHELOTTIEZEI.IT","-","PAOLO","PAOLO@MICHELOTTIEZEI.IT","39057384117",,,,"0","0","17","2","0","2024-01-06 16:07:31"
"145","1",,,"IMPORTER","SIGNTECH & DEV?T. CO.,INC.","-","173","0","0","-","6329459919","SIGNTECH & DEV?T. CO.,INC.","-","BOBBY SHIN","SIGNTECH & DEV?T. CO.,INC.","6309189136698",,,,"0","0","9","2","0","2024-01-06 16:07:31"
"146","1",,"OLD DATA","IMPORTER","GALIAN COGASA SL","-","205","0","0","bcontactu","-","contactar@galiancogasa.net ","-","JOSE GALIAN","contactar@galiancogasa.net ","34968885038","-",,,"0","0","11","6","0","2024-01-06 16:07:31"
"147","1",,"Pallavi  Singapore","IMPORTER","SAYEED MUHAMMAD AND SONS TRADERS PTE LTD","-","196","0","0","bcontactu","6565320490","-","HTTP://WWW.SMSTRADERS.COM.SG <HTTP://WWW.SAYEEDMUH","MOHAMMED RAFI","-","6598570643","-",,,"0","0","71","2","0","2024-01-06 16:07:31"
"148","1",,"-","IMPORTER","ORIENT GROUP INTERNATIONAL TRADING ","-","64","0","0","-","201000006390","hisham@orienteg.com","-","MR HISHAM EL-MASRY","hisham@orienteg.com","2034889820","-",,,"0","0","0","2","0","2024-01-06 16:07:31"
"149","1",,,"IMPORTER","STARGOOD S.R.O","-","197","0","0","-","-","info@krmivoprepapagaje.sk","-","MICHAL ?TAFFA","info@krmivoprepapagaje.sk","-",,,,"0","0","17","2","0","2024-01-06 16:07:31"
"150","1",,,"IMPORTER","NERI TRADING S.R.L.","VIA DELL'ACERO N 5, 52025 MONTEVARCHI (AR) C. P.IVA: IT02066310513","107","0","0","-","3955980293","nando@neritrading.com","-","-","nando@neritrading.com","335372885",,,,"0","0","11","2","0","2024-01-06 16:07:31"
"151","1",,,"IMPORTER","PETERS COMMODITIES - INDIA","-","101","0","0","-","-","Bhanu@petcom.com.au","-","BHANU","Bhanu@petcom.com.au","9810206641",,,,"0","0","12","2","0","2024-01-06 16:07:31"
"152","1",,"-","IMPORTER","HORST BODE IMPORT EXPORT GMBH","-","82","0","0","bcontactu","-","BODE@BOBENATURKOST.DE sib@bode.bio","https://www.bode.bio/","FRANK/ NATHHALY","nna@bode.bio","+49 40 7393320","-",,,"0","0","0","2","0","2024-01-06 16:07:31"
"153","1",,,"IMPORTER","HYGROTECH S.A (PTY) LTD","-","202","0","0","-","-","marek@hygrotech.co.za","-","MR MAREK ","marek@hygrotech.co.za","27125458000",,,,"0","0","26","2","0","2024-01-06 16:07:31"
"154","1",,,"IMPORTER","CAPSTONE SEEDS SA PTY LTD","-","202","0","0","-","27333304474","philip@capstoneseeds.com","-","RENATE / MR SHONA ","philip@capstoneseeds.com","27333304381",,,,"0","0","12","2","0","2024-01-06 16:07:31"
"155","1",,"OLD DATA","IMPORTER","SPRING VALLEY TRADING CO LLC","-","229","0","0","bcontactu","97148847840","svtdxb@emirates.net.ae,tony@svtdxb.com","-","TOM","svtdxb@emirates.net.ae,tom@svtdxb.com","-","-",,,"0","0","0","4","0","2024-01-06 16:07:31"
"156","1",,"OLD DATA","IMPORTER","SAUDI PAN GULF ","-","191","0","0","bcontactu","+966 13 867 0444","CORP@SAUDIPANGULF.COM","-","-","info@pgiic.com","-","-",,,"0","0","0","2","0","2024-01-06 16:07:31"
"157","1",,"OLD DATA","IMPORTER","B.P FOOD OVERSEAS, TRADING COMPANY","-","229","0","0","bcontactu","+971 6 7427999","-","-","-","info@bpfoverseas.com","971554308115","-",,,"0","0","0","2","0","2024-01-06 16:07:31"
"158","1",,,"IMPORTER","STROCCHI NATALE & CSNC","-","107","0","0","-","390543703975","-","HTTP://WWW.STROCCHI.NET ","-","-","390543703879",,,,"0","0","20","2","0","2024-01-06 16:07:31"
"159","1",,"OLD DATA","IMPORTER","CASA DOS CEREAIS","-","176","0","0","bcontactu","351227340517","CASACEREAIS@MAIL.TELEPAC.PT","-","Valdemar","CASACEREAIS@MAIL.TELEPAC.PT","351227319218","-",,,"0","0","0","2","0","2024-01-06 16:07:31"
"160","1",,"OLD DATA","IMPORTER","DUY PHAT (AGRICULTUREAL) COMPANY LTD","-","238","0","0","bcontactu","-","-","-","MR. DUY NGUYEN DUC","nongsanduyphatloc@gmail.com","84533777855","-",,,"0","0","10","2","0","2024-01-06 16:07:31"
"161","1",,,"IMPORTER","TORNE VALLEY","-","230","0","0","-","-","SALES@TORNEVALLET.CO.UK","-","-","SALES@TORNEVALLET.CO.UK","1302756000",,,,"0","0","17","2","0","2024-01-06 16:07:31"
"162","1",,"-","IMPORTER","M/S SC ORLANDO IMPORT EXPORT","importuri@orlandos.ro","180","0","0","-","0730444406","office@orlandos.ro","-","Mr.Sorin","achizitii@orlandos.ro","+400799100610","-",,,"0","0","9","2","0","2024-01-06 16:07:31"
"163","1",,"OLD DATA","IMPORTER","SUN TING TRADING COMPANY","-","214","0","0","bcontactu","-","-","-","CHIEN YUAN WANG","stt@sun-ting.com.tw","88662295658","-",,,"0","0","0","2","0","2024-01-06 16:07:31"
"164","1",,"OLD SOFTWARE DATA","IMPORTER"," BOUTOU BROS O.E-187","-","85","0","0","bcontactu","-","-","-","-","info@boutos-pets.gr","2310 780 000","-",,,"0","0","0","2","0","2024-01-06 16:07:31"
"165","1",,"OLD DATA","IMPORTER","ASTRA FOOD COMPANY LTD","-","191","0","0","bcontactu","+966 14 422 6661","INFO@ASTRA.CO.SA<br>","-","MR.ABRAAR ","INFO@ASTRA-GRAIN.COM.SA","-","-",,,"0","0","0","2","0","2024-01-06 16:07:31"
"166","1",,,"IMPORTER","KASCO CENTER ","-","17","0","0","-","97339800225","kascocenter@hotmail.com","-","MR JALIL ","kascocenter@hotmail.com","97317682281",,,,"0","0","26","2","0","2024-01-06 16:07:31"
"167","1",,,"IMPORTER","JSC  ""NEVSKIE KUPOLA""","-","181","0","0","-","78123371654 ","dubies@nevskie-kupola.ru","-","MR. SUSHIL "," sushil@nevskie-kupola.ru","00781206775931",,,,"0","0","48","2","0","2024-01-06 16:07:31"
"168","1",,"OLD SOFTWARE DATA","IMPORTER","AL RAHAMA TRADING COMPANY","-","178","0","0","bcontactu","-","-","-","MR. AAMIR","-","97444500163 ,97466229065","-",,,"0","0","0","2","0","2024-01-06 16:07:31"
"169","1",,,"IMPORTER","CORAKORN GMBH","-","82","0","0","-","491712406030","info@corakorn.de","WWW.CORAKORN.DE","-","info@corakorn.de","4986342518320",,,,"0","0","17","2","0","2024-01-06 16:07:31"
"170","1",,"Interzoo","IMPORTER","UKR AGRO","-","228","0","0","bcontactu","-","geral@ukragro.pt","WWW.UKRAGRO.PT  ","ALEXANDRE NASCIMENTO","geral@ukragro.pt","351261812369","-",,,"0","0","0","2","0","2024-01-06 16:07:31"
"171","1",,"OLD DATA","IMPORTER","MUGATLAL P PANDAYA LLY","-","229","0","0","bcontactu","97142267928","mugatlalpandya@hotmail.com","WWW.MPPANDYA.COM","MR CHIRAG","hello@mugatlalpandya.ae","971508497414","-",,,"0","0","0","2","0","2024-01-06 16:07:31"
"172","1",,"OLD DATA","IMPORTER","CEREALS DELANOIA SL ","-","205","0","0","bcontactu","34938087152","info@cerealsdelanoia.com","-","SALVADOR","info@cerealsdelanoia.com","34938087105","-",,,"0","0","0","2","0","2024-01-06 16:07:31"
"173","1",,"OLD DATA","IMPORTER","M/S BOMBAY FOOD STUFF TRADING","-","229","0","0","bcontactu","97142251330","bombay@eim.ae","-","MR. RISHABH","info@bombayfoodstuff.com","+971 50 456 3923.","-",,,"0","0","0","2","0","2024-01-06 16:07:31"
"174","1",,"OLD SOFTWARE DATA","IMPORTER","ALBERT E JAMES & SON LTD 	","-","230","0","0","bcontactu","-","enquiries@aejames.com ","-","-","enquiries@aejames.com;  joe@aejames.com","441275463496  ","-",,,"0","0","0","2","0","2024-01-06 16:07:31"
"175","1",,"OLD DATA","IMPORTER","KAPITAN TRADING","-","202","0","0","bcontactu","-","yogesh@kapitantrading.com","-","MR. YOGESH","yogesh@kapitantrading.com","0027419949900","-",,,"0","0","0","2","0","2024-01-06 16:07:31"
"176","1",,"OLD DATA","IMPORTER","JAIDEV STORES FZE","-","229","0","0","bcontactu","-","mukesh_rajwanie@yahoo.com ","-","-","sales@javidevstores.com","+971 50 275 4696","-",,,"0","0","0","2","0","2024-01-06 16:07:31"
"177","1",,,"IMPORTER","RICE ISLAND ","-","109","0","0","-","81352887700","info@riceisland.co.jp","-","MISS SUGITA ","info@riceisland.co.jp","81582530303",,,,"0","0","17","2","0","2024-01-06 16:07:31"
"178","1",,"OLD DATA","IMPORTER","HAWIL AL FORAT TRADING ","-","191","0","0","bcontactu","-","hawlforat2@yahoo.com","-","MOHAMEMD ALI ","hawlforat2@yahoo.com","966505934837","-",,,"0","0","0","2","0","2024-01-06 16:07:31"
"179","1",,"OLD DATA","IMPORTER","GUSTAV SCHIELE IMPORT EXPORT ","-","82","0","0","bcontactu","-","PHILIPPSEN@GUSTAVSCHIELE.DE","-","KAREN","K.schiele@gustavschiele.de","49421360880","-","-","-","0","0","74","2","0","2024-01-06 16:07:31"
"180","1",,"OLD DATA","IMPORTER","AGRONEW TRADING COMPANY","-","214","0","0","bcontactu","886425268533","AGRONEWC@MS31.HINET.NET","-","MISS LEE","     H.C.Lee@agronew.com.tw","886425250298","-",,,"0","0","0","2","0","2024-01-06 16:07:31"
"181","1",,,"IMPORTER","PRODUCOM ( PTY) LIMITED T/A ELTRADE AFRICA","-","202","0","0","-","-","BRIAN@CRADDOCK.CO.ZA","-","MR BRIAIN","BRIAN@CRADDOCK.CO.ZA","27825546883",,,,"0","0","26","2","0","2024-01-06 16:07:31"
"182","1",,,"IMPORTER","MARWAN TRADING STORES","-","243","0","0","-","9673245197","-","-","-","-","9673247721",,,,"0","0","26","2","0","2024-01-06 16:07:31"
"183","1",,,"IMPORTER","NORIEGA Y LAVALLE","-","142","0","0","-","-","DOGALE@PRODIGY.NET.MX","-","KHALIL S KH MUKBEL ","khsmukbel@gmail.com","523336472406",,,,"0","0","11","2","0","2024-01-06 16:07:31"
"184","1",,"OLD SOFTWARE DATA","IMPORTER","HG GLADWELL & SON","-","230","0","0","bcontactu","441473731108","SIMON.GLADWELL@COPDOCKMILL.","-","SIMON GLADWELL ","SIMON.GLADWELL@COPDOCKMILL.co.uk","441473730246","-",,,"0","0","0","2","0","2024-01-06 16:07:31"
"186","1",,"OLD DATA","IMPORTER","M/S DHIRANI FOOD STUFF CO.","-","229","0","0","bcontactu","+971 4 226 5211","DHIRANI@EIM.AE","-","DHIRANI","dhirani@eim.ae","97143335328","-",,,"0","0","0","2","0","2024-01-06 16:07:31"
"187","1",,,"IMPORTER","ANIMAL KINGDOM ","-","178","0","0","-","-","creatureoasis@gmail.com","-","MR SYED FARED ","creatureoasis@gmail.com","4444444808",,,,"0","0","17","2","0","2024-01-06 16:07:31"
"188","1",,"OLD DATA","IMPORTER","GREEN WORLD TRD. CO.","-","103","0","0","bcontactu","989121765379","meatexport@gmail.com","-","TANI ANAND","meatexport@gmail.com","982177606686","-",,,"0","0","0","2","0","2024-01-06 16:07:31"
"189","1",,,"IMPORTER","COLPROGECA","-","176","0","0","-","963009337","COLPROD@MAIL.TELEPAC.PT","-","-","COLPROD@MAIL.TELEPAC.PT","351213536909",,,,"0","0","0","2","0","2024-01-06 16:07:31"
"190","1",,"OLD DATA","IMPORTER","ASIA AND AFRICA GENERAL TRADING LLC","-","229","0","0","bcontactu","971559569354","global@agro-factory.com","-","MR. RAJEEV RANJAN","Prakash@agro-factory.com","971042287010","-",,,"0","0","0","2","0","2024-01-06 16:07:31"
"191","1",,,"IMPORTER","LANDIOUS","-","64","0","0","-","-","mofreh@landious.com","-","MOFREH LANDIOUS","mofreh@landious.com","201004321622",,,,"0","0","26","2","0","2024-01-06 16:07:31"
"192","1",,"OLD DATA","IMPORTER","R & J COMMODITY TRADING CO. LTD ","-","214","0","0","bcontactu","886939925019","RANDJ.COM@MSA.HINET.NET","-","MR JOE CHEN","RANDJ.COM@MSA.HINET.NET","88693619366","-",,,"0","0","0","2","0","2024-01-06 16:07:31"
"193","1",,,"IMPORTER","TIM FUTTER COMMODITIES ","-","230","0","0","-","447720841155","TIM_FUTTER@BTCONNECT.COM","-","-","TIM_FUTTER@BTCONNECT.COM"," 441362693666",,,,"0","0","11","2","0","2024-01-06 16:07:31"
"194","1",,"OLD DATA","IMPORTER","DIE TAUBEN ENTERPRISE COMPANY LIMITED","-","214","0","0","bcontactu","-","-","-","ALTON","fongchigrains01@gmail.com","+886 4 735 7417","-",,,"0","0","0","2","0","2024-01-06 16:07:31"
"195","1",,,"IMPORTER","RED BARN","-","230","0","0","-","-","tom.dunning@redbarnproducts.co.uk","-","MR TOM ","tom.dunning@redbarnproducts.co.uk","1625873187",,,,"0","0","11","2","0","2024-01-06 16:07:31"
"196","1",,"OLD DATA","IMPORTER","YOW SHE INTERNATIONAL CO LTD","-","214","0","0","bcontactu","+886 2 2703 3856","YOWSHE2@HOTMAIL.COM.TW","-","MISS LEE","YOWSHE2@HOTMAIL.COM.TW","886423011212","-",,,"0","0","0","2","0","2024-01-06 16:07:31"
"197","1",,,"IMPORTER","TURDUS","-","175","0","0","-","-","wojciech.schwartz@turdus.pl","-","WOJCIECH SCHWARTZ","wojciech.schwartz@turdus.pl","48600811916",,,,"0","0","9","2","0","2024-01-06 16:07:31"
"198","1",,,"IMPORTER","NATIONAL HOUSE","-","229","0","0","-","97126344400","ntlhouse@eim.ae","-","MOHAMMED WAHID ","ntlhouse@eim.ae","971505833332",,,,"0","0","23","2","0","2024-01-06 16:07:31"
"199","1",,,"IMPORTER","SPECIALITY FOOD MARKETING ","-","231","0","0","19736630955","5037466900","dthompson@specialitycommodities.","-","MR RANDY PETERSON","JSUKOVICH@SPECIALTYCOMMODIT","9736630955",,,,"0","0","24","2","0","2024-01-06 16:07:31"
"200","1",,"OLD DATA","IMPORTER","ZOBÁCIK A HAVKÁCIK SPOL. S.R.O.","-","197","0","0",,"-","petina09@gmail.com","WWW.KRMIVOPREPAPAGAJE.SK","-","petina09@gmail.com","-","-",,,"0","0","11","2","0","2024-01-06 16:07:31"
"201","1",,"OLD SOFTWARE DATA","IMPORTER","AGRILIS PTY LIMITED ","-","202","0","0","bcontactu","0217904536","agrilis@iafrica.com","-","MR CANADY ","agrilis@iafrica.com","-","-",,,"0","0","17","2","0","2024-01-06 16:07:31"
"202","1",,,"IMPORTER","AMIA","-","180","0","0","-","40213502301","info@amia.ro","-","MR FRANCK","franck.pairault@amia.ro","40744759995",,,,"0","0","13","6","0","2024-01-06 16:07:31"
"203","1",,"OLD DATA","IMPORTER","JANA AL NASIM EST. FOR TARDING ","-","191","0","0","-","-","janaalnasim1@hotmail.com","-","KHALED NASSER","janaalnasim1@hotmail.com","966505465524","-",,,"0","0","0","2","0","2024-01-06 16:07:31"
"204","1",,,"IMPORTER","KADIOGLU BAHARAT TOHUM GIDA TARIM","-","223","0","0","-","903246764576","SENIYEKAZANC@GMAIL.COM","-","MISS SENIYE KAZANC","SENIYEKAZANC@GMAIL.COM","903246764575",,,,"0","0","11","2","0","2024-01-06 16:07:31"
"205","1",,"OLD DATA","IMPORTER","OZUM AKVARYUM LTD","-","223","0","0","bcontactu","-","ozumakvaryum@gmail.com","-","MR.MUSTAFA","ozumakvaryum@gmail.com","+90 538 863 1138","-",,,"0","0","0","4","0","2024-01-06 16:07:31"
"206","1",,"OLD DATA","IMPORTER","FAHAD ALI AL BIBI TRA","-","191","0","0","bcontactu","+966 50 002 3456","creatureoasis@gmail.com","-","-","creatureoasis@gmail.com","-","-",,,"0","0","0","2","0","2024-01-06 16:07:31"
"207","1",,"OLD DATA","IMPORTER","ABDALLAH M ASLAM BAHAKEEM EST ","-","191","0","0","-","-","Y_BAHAKEEM@YAHOO.COM","-","MR. YAZEER","Y_BAHAKEEM@YAHOO.COM","-","-",,,"0","0","0","2","0","2024-01-06 16:07:31"
"208","1",,"OLD SOFTWARE DATA","IMPORTER","CRANSWICK PET PRODUCTS","-","230","0","0","bcontactu","-","STEVE.HENGRY@CRANSWICKPRT.CO.UK","-","EDDIE","STEVE.HENGRY@CRANSWICKPRT.CO.UK; ELISSA.INDILLENTY@CRANSWICKPET.CO.UK","441377200888","-",,,"0","0","0","2","0","2024-01-06 16:07:31"
"209","1",,"OLD DATA","IMPORTER","SCIENTIFIC PRODUCTION COMPANY ","-","181","0","0",,"-","Irina@bft.com.ru","-","-","bft@bft.com.ru","78124497288","-",,,"0","0","11","2","0","2024-01-06 16:07:31"
"210","1",,,"IMPORTER","AFIL IMPORT EXPORT E COMERCIO LTD","-","30","0","0","-","-","AFIL.IMPORTACALSTO@TERRA.COM.BR","-","-","AFIL.IMPORTACALSTO@TERRA.COM.BR","5513322170561",,,,"0","0","11","6","0","2024-01-06 16:07:31"
"211","1",,"OLD DATA","IMPORTER","BEDUCO NV","-","21","0","0",,"555858866","eric@beduco.be","www.beduco.be","ERIC LEMMENS","eric@beduco.be","+32 3 326 07 10","-",,,"0","0","12","2","0","2024-01-06 16:07:31"
"212","1",,,"IMPORTER","CASA ABASCAL SA","-","142","0","0","-","-","ABASCAL@PRODIGY.NET.MX","-","DANINAL","ABASCAL@PRODIGY.NET.MX","525556940715",,,,"0","0","11","2","0","2024-01-06 16:07:31"
"213","1",,,"IMPORTER","GONZALO ZARAGOZA MAN.","-","205","0","0","-","-","GZMSL@GZMSL.COM","-","PETRICA","GZMSL@GZMSL.COM","34966758360",,,,"0","0","12","2","0","2024-01-06 16:07:31"
"214","1",,,"IMPORTER","NATSUPPLY B.V.","-","229","0","0","-","971505833332","mvanderpijll@natsupply.nl","-","MOHAMMED WAHID","mvanderpijll@natsupply.nl","97126344400",,,,"0","0","23","2","0","2024-01-06 16:07:31"
"215","1",,,"IMPORTER","VAN TENDELOO","-","21","0","0","-","-","vogels.van.tendeloo@skynet.be","-","MR ERIC VAN TENDELOO ","vogels.van.tendeloo@skynet.be","-",,,,"0","0","9","4","0","2024-01-06 16:07:31"
"216","1",,"OLD SOFTWARE DATA","IMPORTER","PT SURABAYA GRAIN ","-","102","0","0","bcontactu","-","-","-","-","-"," +62 31 5313194","-",,,"0","0","11","2","0","2024-01-06 16:07:31"
"217","1",,,"IMPORTER","EL SAFA COMPANY FOR EXPORT AND IMPORT ","-","64","0","0","2026205434","20663228679","-","-","-","-","2026205433",,,,"0","0","26","2","0","2024-01-06 16:07:31"
"218","1",,,"IMPORTER","OMAR ABOU EL EZZ","-","111","0","0","-","-","omaralezz84@gmail.com","-","-","omaralezz84@gmail.com","962795266288",,,,"0","0","0","2","0","2024-01-06 16:07:31"
"219","1",,,"IMPORTER"," AMRIS SEEDS OIL LTD.","-","230","0","0","-","-","-","-","-","-","-",,,,"0","0","12","2","0","2024-01-06 16:07:31"
"220","1",,"OLD DATA","IMPORTER","AL MONA CO. ","-","191","0","0","bcontactu","-","INFO@ALMONA.COM.SA","-","-","development@al-mona.com","-","-",,,"0","0","0","2","0","2024-01-06 16:07:31"
"221","1",,"OLD DATA","IMPORTER","LTC INTERNATIONAL FOODSTUFF LLC ","-","229","0","0","bcontactu","-","-","-"," LUCERO BAGTAS","royalltcfood@gmail.com"," +971 4 269 7270","--",,,"0","0","0","2","0","2024-01-06 16:07:31"
"223","1",,"OLD DATA","IMPORTER","GLOBAL INDENTOR PULSES & COMMODITIES","-","229","0","0","bcontactu","923323431505","alrasmarketdubai@gmail.com","-","SHAHARYAR BANBHAN","info@pulses.org","971509385306","-",,,"0","0","0","2","0","2024-01-06 16:07:31"
"224","1",,,"IMPORTER","NAZARETH FACTORY LTD","-","106","0","0","-","972504610733","halvanaz@bezeqint.net","-","MR. ALI NASSER, ","halvanaz@bezeqint.net","97246553233 ",,,,"0","0","6","2","0","2024-01-06 16:07:31"
"225","1",,,"IMPORTER","SAMIR MOHAMMED ASSEL EST","-","191","0","0","-","-","-","-","-","-","-",,,,"0","0","0","2","0","2024-01-06 16:07:31"
"226","1",,,"IMPORTER","EXTREM FICE (5) TRADING CORPORATION. MANILA","-","173","0","0","-","-","-","-","-","-","-",,,,"0","0","12","2","0","2024-01-06 16:07:31"
"227","1",,"OLD DATA","IMPORTER","TIRYAKI AGRO GIDA SAN.TIC.A.S. ","-","223","0","0","bcontactu","+90 216 333 20 00","Asim.Ghummen@tiryaki.com.tr","-","MR ASIM GHUMMEN","Asim.Ghummen@tiryaki.com.tr","905317982444","-",,,"0","0","0","2","0","2024-01-06 16:07:31"
"228","1",,"OLD SOFTWARE DATA","IMPORTER","EURL RAOUF EZZINE IMPORT AND EXPORT","Centre Ville Boumerdes, sur le bord de la RN N° 24 à coté du stade Ball Iron, N° 42 1ère étage, Bt B1, Lot 12 et Lot 24, Commune et Wilaya de Boumerdes, 35000, Algeria","3","0","0","bcontactu","-","-","-","-",": contact@ezzine-impex.com","+213 (0) 24 79 44 91","-",,,"0","0","17","2","0","2024-01-06 16:07:31"
"229","1",,"OLD DATA","IMPORTER","BALT IMPORT ","INFO@BALTIMPORT.RU","181","0","0",,"-","INFO@BALTIMPORT.RU","-","OLGA","INFO@BALTIMPORT.RU","78123205584","-",,,"0","0","26","2","0","2024-01-06 16:07:31"
"230","1",,,"IMPORTER","SAN MIGUEL INC.","-","205","0","0","-","-","-","-","-","-","6326675000",,,,"0","0","11","2","0","2024-01-06 16:07:31"
"231","1",,,"IMPORTER","MAHALAT BAKRKA AL JABALI","-","243","0","0","-","-","-","-","-","-","-",,,,"0","0","19","2","0","2024-01-06 16:07:31"
"232","1",,,"IMPORTER","POORTMAN-NETHERLAND","-","155","0","0","-","31610091925","SVANVEEN@POORTMAN.COM","-","MR.SJOERD VAN VEEN","SVANVEEN@POORTMAN.COM","31416369126",,,,"0","0","11","2","0","2024-01-06 16:07:31"
"233","1",,"OLD DATA","IMPORTER","CHIN JUN ENTERPRISE CO. LTD","-","214","0","0","bcontactu","+ 886 4 2350 4339","-","-","-","krefood@gmail.com","88622314503","-",,,"0","0","0","2","0","2024-01-06 16:07:31"
"234","1",,,"IMPORTER","GRAND EGYPT ","-","64","0","0","-","20101255059","mohammed@grandegypt.info","-","-","sales1@grandegypt.info ","2035271515","-",,,"0","0","0","2","0","2024-01-06 16:07:31"
"235","1",,"OLD DATA","IMPORTER","AL SABAH TRADING EST","-","191","0","0","bcontactu","-","-","-","-","-","-","-",,,"0","0","0","2","0","2024-01-06 16:07:31"
"236","1",,,"IMPORTER","AL MARWANI ","-","243","0","0","-","-","-","-","-","-","-",,,,"0","0","9","2","0","2024-01-06 16:07:31"
"237","1",,"OLD DATA","IMPORTER","KHALID M AL HAGGAS EST ","-","191","0","0","bcontactu","-","-","-","-","-","966-504-618728 ","-",,,"0","0","0","2","0","2024-01-06 16:07:31"
"238","1",,,"IMPORTER","SAK FINE FOODS","-","229","0","0","-","971506248383","SAKSONS@EMIRATES.NET.AE","-","MR AMJAD","SAKSONS@EMIRATES.NET.AE","97142267363",,,,"0","0","23","2","0","2024-01-06 16:07:31"
"239","1",,"OLD DATA","IMPORTER","COMMERCIAL MORERA SL","-","205","0","0","bcontactu","34 948 18 36 11.","-","-","-","-","34972693408","-",,,"0","0","0","2","0","2024-01-06 16:07:31"
"240","1",,,"IMPORTER","JOBILL BEST AGRI SEEDS COMPANY","-","173","0","0","-","-","-","-","-","-","63432410217",,,,"0","0","11","2","0","2024-01-06 16:07:31"
"241","1",,"OLD DATA","IMPORTER","CENTRAL GARDEN & PET","-","231","0","0","bcontactu","-","-","-","-","-","-","-",,,"0","0","0","2","0","2024-01-06 16:07:31"
"242","1",,"OLD DATA","IMPORTER","AL ZAYZAFON COMPNAY IMPORT FOODSTUFF ","-","124","0","0","bcontactu","-","-","-","-","-","+218913260766","-",,,"0","0","0","2","0","2024-01-06 16:07:31"
"243","1",,,"IMPORTER","ABDUL REHMAN SUHAIL FOR GENERAL TRADING COMPANY ","-","243","0","0","-","-","-","-","-","-","-",,,,"0","0","26","2","0","2024-01-06 16:07:31"
"244","1",,,"IMPORTER","ABASTOS TELENO SA DE CV","-","142","0","0","-","-","-","-","-","-","522224621200",,,,"0","0","11","2","0","2024-01-06 16:07:31"
"245","1",,,"IMPORTER","NAVTAKIA INTERNATIONAL ","-","166","0","0","-","-","tasbi@rocketmail.com","-","-","-","-",,,,"0","0","20","2","0","2024-01-06 16:07:31"
"246","1",,,"IMPORTER","STE JAZIA FRERES DE COMMERCE ELJEM ","-","222","0","0","-","-","-","-","-","-","-",,,,"0","0","26","2","0","2024-01-06 16:07:31"
"247","1",,"OLD DATA","IMPORTER","ARGUS COMMODITIES FZE","-","229","0","0","bcontactu","-","-","ghouse8@gmail.com","-","dubai@argusmedia.com","+971 4 365 8667","-",,,"0","0","0","2","0","2024-01-06 16:07:31"
"248","1",,,"IMPORTER","FABRIS & CO S.R.L","-","107","0","0","-","-","Franco@fabrisandco.com","ghouse8@gmail.com","-","-","390432237108",,,,"0","0","11","2","0","2024-01-06 16:07:31"
"249","1",,,"IMPORTER","RIBEIROS INDUSTRIA E COMERCIAL DE CEREAIS IMPORTACAO","-","176","0","0","-","-","RUI.TAWARES@REBEIROS.PT","-","MR RIBAYRUSH","jose.leitao@riberios.pt","351212128130",,,,"0","0","17","2","0","2024-01-06 16:07:31"
"250","1",,"OLD DATA","IMPORTER","ALI AL ZAMIL FOODSTUFF EST","-","117","0","0","bcontactu","+965-24-314405","SYEDYKG@GMAIL.COM","-","MR.SAYED ","SYEDYKG@GMAIL.COM","96599479282","-",,,"0","0","0","2","0","2024-01-06 16:07:31"
"251","1",,"OLD DATA","IMPORTER","RACOES GALRAO SA","N8, 2665-204 Malveira, Portugal","176","0","0","bcontactu","351219668540","-","casa.galrao@gmail.com","Lui Channel","casa.galrao@gmail.com","+351 21 966 8540","-",,,"0","0","0","2","0","2024-01-06 16:07:31"
"252","1",,,"IMPORTER","SAKHI INTERNATIONAL","-","166","0","0","-","923002516872","info@sakhiinternational.com","-","-"," tesha.ent@gmail.com","922132734230",,,,"0","0","26","2","0","2024-01-06 16:07:31"
"253","1",,,"IMPORTER","SOCIETE MARISCO DE COMMERCE INTERNATIONAL NAE C","-","222","0","0","-","-","-","-","MR. SKANDER BENAMOR","-","21673631700",,,,"0","0","26","2","0","2024-01-06 16:07:31"
"254","1",,"OLD DATA","IMPORTER","SHENG YEONG MAO YIH COMPANY LIMITED ","-","214","0","0","bcontactu","-","-","-","-","shen7812@yahooo.tw","+886 3 989 2107","-",,,"0","0","0","2","0","2024-01-06 16:07:31"
"255","1",,"PALLAVI  FRANCE","IMPORTER","OXADIS","-","75","0","0","bcontactu","31228582161","-","-","MR.MICHEL DE JEU","-","33474821010","-",,,"0","0","0","2","0","2024-01-06 16:07:31"
"256","1",,"OLD DATA","IMPORTER","OVERSEAS LINK GENERAL TRADING LLC ","-","229","0","0","bcontactu","97143971484","-","-","-","-"," +971 4 266 1515","-",,,"0","0","0","2","0","2024-01-06 16:07:31"
"257","1",,"-","IMPORTER","FRANCISCO MOYANO SL","-","205","0","0","bcontactu","34686488726","LEGNBRES@TELEFOMICA.NET","https://legumbresframo.es/contact/","Almudena Moyano.","info@legumbresframo.es","34958463082","-",,,"0","0","0","2","0","2024-01-06 16:07:31"
"258","1",,,"IMPORTER","ALEX AND TONY SA DE CV","-","142","0","0","-","8183515258","-","-","-","-","818212781924",,,,"0","0","13","2","0","2024-01-06 16:07:31"
"259","1",,"OLD DATA","IMPORTER","CHANG CHI FOOD STUFF","-","214","0","0","bcontactu","+886 3 387 8608","YORNATAKAO@TATUNGOIL.COM","-","SHARON","amy@tatungoil.com.tw","88647910156","-",,,"0","0","0","2","0","2024-01-06 16:07:31"
"261","1",,,"IMPORTER"," ALI ASGHAR TRADING COMPANY","-","166","0","0","-","-","ali_asghar1@live.com","-","ALI ASHGAR ","ali_asghar1@live.com","-",,,,"0","0","23","2","0","2024-01-06 16:07:31"
"262","1",,,"IMPORTER","AL WAHA ALYADIDA COMPANY FOR IMPORTING FOODSTUFF ZLITEN","-","124","0","0","-","-","-","-","-","-","-",,,,"0","0","26","2","0","2024-01-06 16:07:31"
"263","1",,,"IMPORTER","200 FOOD SRL VIA MACCHIAVELLI ","-","107","0","0","-","-","-","-","-","-","-",,,,"0","0","26","2","0","2024-01-06 16:07:31"
"264","1",,"OLD DATA","IMPORTER","BHIMA INTERNATIONAL TRADING F2C ","-","229","0","0","bcontactu","-","-","-","-","enquiry.uae@bhima.com","+971 4 250 4260","-",,,"0","0","0","2","0","2024-01-06 16:07:31"
"265","1",,,"IMPORTER","ABESTOS TELENO S.A D.E C.V","-","142","0","0","-","-","-","-","-","-","01(222)4621200",,,,"0","0","11","2","0","2024-01-06 16:07:31"
"267","1",,,"IMPORTER","AMILCAR RIBERIRO DA COSTA ","-","176","0","0","-","35122964445","JOSECARLOS@SEMENTAO.COM","-","MR JOSE CARLOS","JOSECARLOS@SEMENTAO.COM","351229964445",,,,"0","0","11","2","0","2024-01-06 16:07:31"
"268","1",,"OLD DATA","IMPORTER","FERRER SEGARRA SA","-","205","0","0","bcontactu","-","FERRER@FERRERSEGARRA.COM","-","MR PASCALL","ferrer@ferrersegarra.com","34962276161","-",,,"0","0","17","4","0","2024-01-06 16:07:31"
"269","1",,,"IMPORTER","GOLDSMAN SERVICES LTD","-","230","0","0","-","442084200510","muhammad.yaqub@goldsman.co.uk","-","MUHAMMAD YAQUB BAQAPURI ","muhammad.yaqub@goldsman.co.uk","491717655301",,,,"0","0","37","4","0","2024-01-06 16:07:31"
"270","1",,,"IMPORTER","SOURCE COMMODITIES","-","38","0","0","-","14167319029","aslamshaharyar@gmail.com","-","ASLAM ","aslamshaharyar@gmail.com","19055544322 ",,,,"0","0","0","2","0","2024-01-06 16:07:31"
"271","1",,"OLD DATA","IMPORTER","NEWHOPE HOCHIMINH COMPANY LIMITED ","-","238","0","0","bcontactu","+84 93 658 38 36","-","-","-","newhopehochiminh@gmail.com","028.3765 0627","-",,,"0","0","0","2","0","2024-01-06 16:07:31"
"272","1",,,"IMPORTER","MING HAU INDUSTRIAL","-","214","0","0","-","886222976555","ronofword@gmail.com","-","MS.CLAIRE","ronofword@gmail.com","886228868848",,,,"0","0","7","2","0","2024-01-06 16:07:31"
"273","1",,,"IMPORTER","AL KHAIYRATE COMPANY","-","222","0","0","-","-","-","-","-","-","-",,,,"0","0","26","2","0","2024-01-06 16:07:31"
"274","1",,,"IMPORTER","NOSOOR QURIAG COMPANY FOR IMPORT FOODST","-","64","0","0","-","-","-","-","-","-","-",,,,"0","0","31","2","0","2024-01-06 16:07:31"
"275","1",,,"IMPORTER","KA DUCK TRADING COMPANY","-","115","0","0","-","-","SHIM8807@DAUM.NET ","-","MISS YU","SHIM8807@DAUM.NET ","8224313111",,,,"0","0","17","2","0","2024-01-06 16:07:31"
"276","1",,,"IMPORTER","SANDHI BROTHERS TRADING COMPANY LIMITED ","-","150","0","0","-","951663260","-","-","-","-","951691840",,,,"0","0","12","2","0","2024-01-06 16:07:31"
"277","1",,"pallavi egypt","IMPORTER","EL ALLAKY IMPORT AND EXPORT ","-","64","0","0","bcontactu","+20 100 171 9697","Alallaky3010@alallaky.com","-","-","-","-","-",,,"0","0","0","2","0","2024-01-06 16:07:31"
"278","1",,,"IMPORTER","ALMACENES VALENCIA DE GUDALJARA SA DE CV","-","142","0","0","-","3336711028","MLR@GPOPREMIER.COM","-","MISS MARISA","-","-",,,,"0","0","11","2","0","2024-01-06 16:07:31"
"279","1",,,"IMPORTER","KREAUTER MIX LANKA ","-","206","0","0","-","94773783459","ayesha@rakeebint.com","-","MS. AYESHA AMIRDEEN ","ayesha@rakeebint.com","94112789214",,,,"0","0","12","2","0","2024-01-06 16:07:31"
"280","1",,,"IMPORTER","UNION AGRIVET CORPORATION ","3332-34 R MAGSAYSAY BLVD, SAMPALOC, MANILA","173","0","0","-","-","-","-","-","-","6327311521",,,,"0","0","9","2","0","2024-01-06 16:07:31"
"281","1",,,"IMPORTER","PET HOUSE S.L","-","205","0","0","-","34952433210","-","-","-","-","34952178183",,,,"0","0","26","2","0","2024-01-06 16:07:31"
"282","1",,"OLD SOFTWARE DATA","IMPORTER","CV AA JAYA BERSAMA","-","102","0","0","bcontactu","628123560705","han_lasa@hotmail.com","-","-","CVMP.IMP01@GMAIL.COM","62 31 5481 916","-","-","-","0","0","0","4","0","2024-01-06 16:07:31"
"283","1",,"OLD DATA","IMPORTER","ALBINO PEREIRA DA SILVA","-","176","0","0","bcontactu","3512491719840","ALBINO.PEREIRA.SILVA@IO.PT","-","isabel","ALBINO.PEREIRA.SILVA@IO.PT","351249719740","-",,,"0","0","0","2","0","2024-01-06 16:07:31"
"284","1",,,"IMPORTER","M SALEH ABU JABAL TRADING EST.","-","191","0","0","-","966505688581","HUSSAIN1395@HOTMAIL.COM","-","MOHAMMED KHAN","ABUJABAL.TRDEST@GMAIL.COM","9880600010",,,,"0","0","26","2","0","2024-01-06 16:07:31"
"285","1",,,"IMPORTER","YEHIA SUHAIL AND BROS FOR TRADING AND INVESTMENT COMPANY LIMITED ","-","243","0","0","9673210452","9672450503","ysb@y.net.ye ","-","-","ysb@y.net.ye ","9677242020",,,,"0","0","26","2","0","2024-01-06 16:07:31"
"286","1",,"OLD DATA","IMPORTER","CARGILA ","-","214","0","0","bcontactu","-","-","https://www.cargill.com/worldwide/taiwan","-","-","+886-2-2395-1211","-",,,"0","0","0","2","0","2024-01-06 16:07:31"
"287","1",,"OLD SOFTWARE DATA","IMPORTER","AL GARAS FOR SPICES & HERBS INDUSTRU","-","64","0","0","bcontactu","-","info@algarasspices.com","-","-","-"," (+20) 3-3939213 / (+20) 3-4622067","-",,,"0","0","0","2","0","2024-01-06 16:07:31"
"288","1",,,"IMPORTER","GOLDEND WAVES FOR TRADING AND INVESTMENT","-","111","0","0","-","-","info@goldenwaves.com","-","M. HASAN","info@goldenwaves.com","962 6 4200 831 / 2",,,,"0","0","5","6","0","2024-01-06 16:07:31"
"289","1",,,"IMPORTER","GOLDDEN EPICES ","-","148","0","0","-","-","-","-","-","-","-",,,,"0","0","26","2","0","2024-01-06 16:07:31"
"290","1",,,"IMPORTER","KIMPEX INTERNATIONAL ","-","64","0","0","-","-","INFO@KIMPEX.COM.EG","-","-","-","20246651457/8",,,,"0","0","2","2","0","2024-01-06 16:07:31"
"291","1",,,"IMPORTER","BALBOLISH COMPANY","-","64","0","0","-","-","-","-","-","-","-",,,,"0","0","17","2","0","2024-01-06 16:07:31"
"292","1",,,"IMPORTER","EXCELLENT AGRI TRADING CO.","-","214","0","0","-","886223094979","ddnac3899@hotmail.com","-","-","ddnac3899@gmail.com","886226027788",,,,"0","0","40","2","0","2024-01-06 16:07:31"
"293","1",,"OLD DATA","IMPORTER","CHAIO LIEN FOOD PROCESSING FACTORY LTD","-","214","0","0","bcontactu","886422702898"," chaiolienfoods@gmail.com","-","shioly"," chaiolienfoods@gmail.com","-","-",,,"0","0","0","2","0","2024-01-06 16:07:31"
"294","1",,"OLD DATA","IMPORTER","FLAVOR FULL FOODS","-","214","0","0","bcontactu","886222981539","nancy@flavor.com.tw","-","NANCY","nancy@flavor.com.tw"," 886-2-2750-5667","-",,,"0","0","0","2","0","2024-01-06 16:07:31"
"295","1",,,"IMPORTER","DONGKYUNG PHARMA CO LTD","-","214","0","0","-","-","YOUNGSEUNG.KIM@GMAIL.COM","-","BRAIN","YOUNGSEUNG.KIM@GMAIL.COM","8229631441",,,,"0","0","37","2","0","2024-01-06 16:07:31"
"296","1",,,"IMPORTER","ALOOSA EXPORT & SHIPPING SERVICE","-","64","0","0","-","-","-","-","-","-","-",,,,"0","0","17","2","0","2024-01-06 16:07:31"
"297","1",,"OLD DATA","IMPORTER","GULF FEED MILL ","-","229","0","0","bcontactu","+971(4)2220099 ","-","-","-","-","97148816800","-",,,"0","0","0","2","0","2024-01-06 16:07:31"
"298","1",,,"IMPORTER","AL RASHED FOOD COMPANY LTD","-","191","0","0","-","966-11-2651394 ","DENNIS.MERCADO@ALRASHEDFOOD.COM","-","DENNIS","-","966541422107",,,,"0","0","35","2","0","2024-01-06 16:07:31"
"299","1",,,"IMPORTER","FWUSOW INDUSTRY CO. LTD","-","214","0","0","-","886426363439","ALEX@FWUSOW.COM.TW","-","MR ALEX","ALEX@FWUSOW.COM.TW","886426362111",,,,"0","0","35","2","0","2024-01-06 16:07:31"
"300","1",,,"IMPORTER","ALYAM FOR IMPORTING FOODS ZLITEN","-","64","0","0","-","-","-","-","-","-","-",,,,"0","0","17","2","0","2024-01-06 16:07:31"
"301","1",,,"IMPORTER","AL SHOROOK FOR IMP EXP.","-","64","0","0","-","-","-","-","MR. ABDEL MONEM SULTAN","-","200507474363",,,,"0","0","2","2","0","2024-01-06 16:07:31"
"302","1",,,"IMPORTER","SIAM AGRI INDUSTRIAL","-","217","0","0","-","66819352235","SIAMAGRI@GMAIL.COM","-","SIAM","SIAMAGRI@GMAIL.COM","66960300998",,,,"0","0","37","2","0","2024-01-06 16:07:31"
"303","1",,"OLD DATA","IMPORTER","SALEH SALEM AL HUSSAIN TRADING EST","-","191","0","0","bcontactu","-","-","-","-","info@ssgtdubai.com","-","-",,,"0","0","0","2","0","2024-01-06 16:07:31"
"304","1",,,"IMPORTER","IBRAHEEM SAAD ABD EL AZIZ","-","64","0","0","-","-","-","--","-","-","-",,,,"0","0","26","2","0","2024-01-06 16:07:31"
"305","1",,"OLD DATA","IMPORTER","AL HALEES GROUP TRDING CO LTD","-","191","0","0","-","-","SAMEER@ALHALEESFOOD.COM","-","ALHAL","ALHALEES@SBM.NET.SA","-","-",,,"0","0","0","2","0","2024-01-06 16:07:31"
"306","1",,"OLD DATA","IMPORTER","VERSELE LAGA NV ","KAPELLESTRAAT 70, 9800 DEINZE,BTGW BELGIUM","21","0","0","+32 (0)9 381 32 00","3293813227","LUC.COENE@VERLA.BE","-","LUC COENE","LUC.COENE@VERLA.BE","32473691412","-",,,"0","0","11","2","0","2024-01-06 16:07:31"
"307","1",,"OLD DATA","IMPORTER","IRON BEN SHAHAR CO. LTD","-","106","0","0","bcontactu","972523274540","rbsfood@inter.net.i","-","-","rbsfood@inter.net.i","97299577441","-",,,"0","0","0","2","0","2024-01-06 16:07:31"
"308","1",,"OLD DATA","IMPORTER","PETCO","-","205","0","0","-"," +34 952 540 019","info@petco.com.es","-","MR DOMINGO ","info@petco.com.es","34952540161","-",,,"0","0","0","2","0","2024-01-06 16:07:31"
"309","1",,,"IMPORTER","GOLDEN SUN FEED & GRAINS ENTERPRISES, INC.","917 Tetuan St., Sta. Cruz, Manila Manila, NCR, philippines","173","0","0","-","-","-","-","-","-","6327335941",,,,"0","0","9","2","0","2024-01-06 16:07:31"
"310","1",,"Ukrain Yellow Millet master sheet","IMPORTER","UNIVERSAL ROBINA CORP.","-","173","0","0","bcontactu","7807909000","paulo.david@urc.com.ph","-","-","paulo.david@urc.com.ph","6326712935","-",,,"0","0","0","4","0","2024-01-06 16:07:31"
"311","1",,"pallavi greece","IMPORTER","KARVELAS & SIA A.V.E.E.","-","85","0","0","bcontactu","-","-","-","-","-","302641047914","-",,,"0","0","0","2","0","2024-01-06 16:07:31"
"312","1",,,"IMPORTER","ALI AHMED GHOBRI DERMISN HODEIDAH ","-","243","0","0","-","967735219830","-","-","-","-","9673246621",,,,"0","0","20","2","0","2024-01-06 16:07:31"
"313","1",,,"IMPORTER","NVESTMENT (PTY) LTD","-","13","0","0","61862136000"," 1300724795"," enquiries@INPEX.com.au","-","-"," enquiries@INPEX.com.au","6188924 3100",,,,"0","0","47","2","0","2024-01-06 16:07:31"
"315","1",,,"IMPORTER","STE INTERZOO","-","148","0","0","-","212661387488","lirari.aascm@gmail.com","-","NOUR- EDDINE LIRARI","lirari.aascm@gmail.com","2120661387 488",,,,"0","0","20","2","0","2024-01-06 16:07:31"
"316","1",,,"IMPORTER","DNR IMPORTS","-","135","0","0","-","35621463216","dnrimports@hotmail.com","-","MR AARON FARUJIA","dnrimports@hotmail.com","35679293933",,,,"0","0","9","2","0","2024-01-06 16:07:31"
"317","1",,,"IMPORTER","MARKET POINT ENTERPRISES ","-","173","0","0","-","-","marketpointent@yahoo.com","-","MISS JOSEPHINE","marketpointent@yahoo.com","6324706860",,,,"0","0","12","2","0","2024-01-06 16:07:31"
"318","1",,"OLD SOFTWARE DATA","IMPORTER","AGRI TRADING SERVICES (PTY) LTD","-","202","0","0","bcontactu","-","rosewell.aspeling@agrits.co.zi","-","MR. ROSEWELL ","rosewell.aspeling@agrits.co.zi","+2711 660 1260.","-",,,"0","0","0","2","0","2024-01-06 16:07:31"
"319","1",,,"IMPORTER","AMAZONIA GROUP LTD","-","33","0","0","-","-","nando_23@abv.bg","-","GALINA KAPRAROVA ","nando_23@abv.bg","359897093535",,,,"0","0","17","2","0","2024-01-06 16:07:31"
"320","1",,"pallavi greece","IMPORTER","PET CARE DONALD","-","85","0","0","bcontactu","-","-","-","JOHN POULIAKAS","administration@donald.gr","302104834084","-","-","-","0","0","0","2","0","2024-01-06 16:07:31"
"321","1",,"Global data Safflower sheet","IMPORTER","AGRIM PTE LTD","-","102","0","0","bcontactu","-","AGRIM@AGRIMLTD.COM","-","MR ANUP KHANDELWAL","TRADE@AGRIMLTD.COM","62614557100","-",,,"0","0","0","2","0","2024-01-06 16:07:31"
"322","1",,,"IMPORTER","TRI LINK MARKETING SERVICES ","-","173","0","0","-","-","JANET_DANO@YAHOO.COM","-","MISS JANET ","JANET_DANO@YAHOO.COM","639173287817",,,,"0","0","12","2","0","2024-01-06 16:07:31"
"323","1",,,"IMPORTER","SEMENTI DOM DOTTO SPA","-","107","0","0","-","-","INFO@SEMENTIDOTTO.IT","HTTP://WWW.SEMENTIDOTTO.IT/","MISS MONICA ","INFO@SDDSPA.COM ","390432760442",,,,"0","0","17","2","0","2024-01-06 16:07:31"
"324","1",,"-","IMPORTER","FM BROWN","-","231","0","0","1-800-334-8816","6107819407"," petinfo@fmbrown.com","-","SCOTT FORE","-","6106782838, ext. 208","-",,,"0","0","0","2","0","2024-01-06 16:07:31"
"325","1",,"OLD DATA","IMPORTER","SAMHO TECH","-","116","0","0","bcontactu","821054631373 ","alanis@samhotech.kr","-","KAI JEONG","samho_overseas@naver.com","      +82 31 527 380","-",,,"0","0","0","2","0","2024-01-06 16:07:31"
"326","1",,"OLD DATA","IMPORTER","FIVE OCEAN TRADING LLC ","-","229","0","0","bcontactu","971557526148","foceans@eim.ae","-","MR SULTAAN AHMED","info@fiveoceanstrading.com","97142262689","-",,,"0","0","0","2","0","2024-01-06 16:07:31"
"327","1",,,"IMPORTER","AGROFOOD MELILLA SL.","-","205","0","0","-","-","AGROFOODMELILLA@GMAIL.COM","-","MS. RANIA","AGROFOODMELILLA@GMAIL.COM","34951327086",,,,"0","0","48","2","0","2024-01-06 16:07:31"
"328","1",,,"IMPORTER","SPECIALISED EDIBLE OILS AND FATS (PTY) LTD / CAPITAL SOAPS & RICE","-","202","0","0","-","27815287465","umgenitransport@yahoo.com","-","MR. AARON ","umgenitransport@yahoo.com","27333872309",,,,"0","0","48","2","0","2024-01-06 16:07:31"
"329","1",,,"IMPORTER","CH. PAPADAKOS S. VOUDOURIS O.E","ALEKSANDRAS 29-13451 CITY:KAMATERO/ATHENS GREECE V.A.T.:GR081248944","85","0","0","-","306974456387","NICK.VOUDOURIS@KLOUVOTECHNIKI.GR","-","MR.NICK","NIKVOUDOURIS@YAHOO.GR","0306970028588","-",,,"0","0","11","2","0","2024-01-06 16:07:31"
"330","1",,,"IMPORTER","ITN FOOD CORPORATION ","-","38","0","0","-","-","MAIL@ITNFOODCORP.COM","-","-","MAIL@ITNFOODCORP.COM","14163212052",,,,"0","0","26","2","0","2024-01-06 16:07:31"
"331","1",,"Global data  for coriander","IMPORTER","LEHAO COMPANY LIMITED","-","238","0","0","-84912044910","+84 913029950 / +84 916275888","LEHAO@FPT.VN ,lehaoco@gmail.com","-","MR TUYEN","LEHAO@FPT.VN","84437190219","-",,,"0","0","0","2","0","2024-01-06 16:07:31"
"332","1",,"OLD DATA","IMPORTER","SEORYUNG TRADING CO.","-","116","0","0","bcontactu","821196535827","SR204@KOREA.COM","-","MR. YOON","SR204@KOREA.COM","82-2-963-4120","-",,,"0","0","0","2","0","2024-01-06 16:07:31"
"333","1",,"OLD DATA","IMPORTER","LENERSANPORTNAN","-","155","0","0","bcontactu","-","serruys@depre.be","-","MR. STEF SERRUYS ","serruys@depre.be","3178622 0 622","-",,,"0","0","48","2","0","2024-01-06 16:07:31"
"334","1",,,"IMPORTER","TALAL AL-WABRI INTERNATIONAL IMPORTS","-","243","0","0","-","967738333373","talalalwabri@gmail.com","-","MR TALAL","talalalwabri@gmail.com","9673212456",,,,"0","0","26","2","0","2024-01-06 16:07:31"
"335","1",,"Global data Safflower sheet","IMPORTER","EVERFLOWING FORTUNE TRADING","-","173","0","0","bcontactu","6328681936","-","-","MISS MARINA BACAY ","-","6325291961","-",,,"0","0","0","2","0","2024-01-06 16:07:31"
"336","1",,,"IMPORTER","BRIZ LTD","-","181","0","0","-","-"," briz@ms34.hinet.net","-","-"," briz@ms34.hinet.net","886227185505",,,,"0","0","48","2","0","2024-01-06 16:07:31"
"337","1",,,"IMPORTER"," GUERRIER SNC","-","107","0","0","-","-","-","-","-","-","390522946078",,,,"0","0","12","2","0","2024-01-06 16:07:31"
"338","1",,"OLD SOFTWARE DATA","IMPORTER","CHUO TRADING CO., LTD.","NO. 4-8, 1-CHOME, SHINKAWA, CHUO-KU, TOKYO","109","0","0","-","-","fukui@chuo-trading.co.jp suzuki@chuo-trading.co.jp","-","MR SUZUKI ","fukui@chuo-trading.co.jp; suzuki@chuo-trading.co.jp","332067292","-","japan company","-","0","0","0","2","0","2024-01-06 16:07:31"
"339","1",,"OLD DATA","IMPORTER","OSMAN SOGUTLU LIMITED ","-","223","0","0","bcontactu","-","ridvancoldur@gmail.com","-","MR OSMAN ","ridvancoldur@gmail.com","+90 543 644 92 86","-",,,"0","0","0","2","0","2024-01-06 16:07:31"
"340","1",,"OLD DATA","IMPORTER","AGRICOLA TRADING NV","-","21","0","0",,"-","steven.jacobs@agricola.be","-","KURT DE GRAVE","Kurt.DeGrave@agricola.be","3232318940","-",,,"0","0","12","2","0","2024-01-06 16:07:31"
"341","1",,,"IMPORTER","AGRIA SPA","-","107","0","0","-","-","DGAMMELLA@AGRIA.IT","HTTP://WWW.AGRIA.IT/INTRO.HTML","-","DGAMMELLA@AGRIA.IT","390815294399",,,,"0","0","11","2","0","2024-01-06 16:07:31"
"342","1",,,"IMPORTER","ALTA CALIDAD DE SEMILLAS Y GRANOS","-","142","0","0","-","-","-","-","-","-","525556401570",,,,"0","0","11","2","0","2024-01-06 16:07:31"
"343","1",,,"IMPORTER","EAST TRADING ACTIVITIES COMPANY LLC","-","191","0","0","MR NOOR","96626529000","NOOR@ETA.COM.SA","-","-","NOOR@ETA.COM.SA","96626088000",,,,"0","0","20","2","0","2024-01-06 16:07:31"
"344","1",,,"IMPORTER","SKE MIDWESTERN INC","-","231","0","0","-","-","sharon@skemidwestern.com","-","MR. SHARON DODSON","sharon@skemidwestern.com","7012323775 ",,,,"0","0","11","2","0","2024-01-06 16:07:31"
"345","1",,,"IMPORTER","ZAKHOUR LINKHOUSE ","-","121","0","0","9611896379 ","9611896417 ","zak-link@dm.net.lb","-","MR.JOSEPH ZAKHOUR","zak-link@dm.net.lb","9611872220",,,,"0","0","9","2","0","2024-01-06 16:07:31"
"346","1",,,"IMPORTER","GRAZYNA PAZIWOK","-","175","0","0","-","-","grazyna.paziwok@wp.pl","-","GRAZYNA PAZIWOK","grazyna.paziwok@wp.pl","--",,,,"0","0","9","2","0","2024-01-06 16:07:31"
"347","1",,,"IMPORTER","SARL BLANCO IMPEX","-","3","0","0","-","2130555011903","blancoimpexsarl@gmail.com","-","MRS. SOUHILA HABI","blancoimpexsarl@gmail.com","213026185091",,,,"0","0","48","2","0","2024-01-06 16:07:31"
"348","1",,,"IMPORTER","SRL CENTAUR ","-","144","0","0","-","-","kita-ruslan@mail.ru","-","MR. CHITILOVSCHI RUSLAN","kita-ruslan@mail.ru","0037369112831",,,,"0","0","48","2","0","2024-01-06 16:07:31"
"349","1",,,"IMPORTER","STE RELIANCE IMPORT EXPORT ","-","222","0","0","-","+216 73 632283","-","-","-","-","+216-73633798",,,,"0","0","26","2","0","2024-01-06 16:07:31"
"350","1",,,"IMPORTER","FRULECO, S.L.","-","205","0","0","-","-","FRULECO@FRULECO.ES","-","MS. MARGARITA SANCHIS","FRULECO@FRULECO.ES","34933174116",,,,"0","0","12","2","0","2024-01-06 16:07:31"
"351","1",,,"IMPORTER","CATTLE & FODDER LLC","-","229","0","0","-","97142645429","-","-","-","-","97142671838",,,,"0","0","17","2","0","2024-01-06 16:07:31"
"352","1",,"OLD DATA","IMPORTER","IBRAHIM M AL -BATTI EST FOR TRADING","-","191","0","0","-","-","ALBATTIRIYADH@GMAIL.COM","-","MR.ANJUM","ALBATTIRIYADH@GMAIL.COM","+966 11 419 0222","-",,,"0","0","0","2","0","2024-01-06 16:07:31"
"353","1",,,"IMPORTER","RIONA LTD","-","181","0","0","-","-","-","-","-","-","73833591897 ",,,,"0","0","48","2","0","2024-01-06 16:07:31"
"354","1",,"PALLAVI BRAZIL","IMPORTER","FLUSH TRADE IMPORT AND EXPORT LTD","-","30","0","0","bcontactu","-","contato@flushimport.com.br","-","-","-","-","-",,,"0","0","11","2","0","2024-01-06 16:07:31"
"355","1",,,"IMPORTER","GB SEEDS ","-","230","0","0","-","-","STUART.JEFFERY@AGRII.CO.UK","-","STUART JEFFERY","INFO@GBSEEDS.CO.UK","441284729200",,,,"0","0","11","2","0","2024-01-06 16:07:31"
"356","1",,,"IMPORTER","M/S EAST CAPE MANUFACTURES (SA) CC","-","202","0","0","-","-","eastcape@telaom.sa.net","-","ZUBEIRA","eastcape@telaom.sa.net","0419229830",,,,"0","0","48","2","0","2024-01-06 16:07:31"
"357","1",,,"IMPORTER","US COMMODITIES JSC","-","238","0","0","-","-","CEO.US@GMAIL.COM","-","STEVE BA","CEO.US@GMAIL.COM","84438788377",,,,"0","0","26","2","0","2024-01-06 16:07:31"
"358","1",,"-","IMPORTER","ASAD MOHD TAQI SHARAFOOEI & BROS","-","17","0","0","bcontactu","973250736","KAZIM@ASADBAHRAIN.COM","-","MR. KAZIM","KAZIM@ASADBAHRAIN.COM","97317214230","-",,,"0","0","0","2","0","2024-01-06 16:07:31"
"359","1",,"OLD SOFTWARE DATA","IMPORTER","GRYFICE","-","175","0","0","bcontactu"," +48 91 886 49 88","s.kasiak@mirem.biz","-","SZYMON KASIAK","s.kasiak@mirem.biz","48913846228","-",,,"0","0","0","4","0","2024-01-06 16:07:31"
"360","1",,,"IMPORTER","JAFAR AQUATICS","-","111","0","0","-","96264639543","hussein@jafar.jo","-","MR HUSSEIN JAFAR","hussein@jafar.jo","962799999543",,,,"0","0","25","2","0","2024-01-06 16:07:31"
"361","1",,"-","IMPORTER"," KOIKE AGRICULTURE SDN BHD","-","132","0","0","-","0126259217","lawchia@koike.com.my","-","MR.LAWRENCE CHIA","JOYCE@KOIKE.COM.MY","0331763923","-","-","-","0","0","0","2","0","2024-01-06 16:07:31"
"362","1",,"OLD DATA","IMPORTER","DUNIA ALRABIA","-","191","0","0","-","-","monzer_elhelou@yahoo.com","-","Monzer Elhelou","monzer_elhelou@yahoo.com","+966 557 727 227","-",,,"0","0","0","2","0","2024-01-06 16:07:31"
"363","1",,,"IMPORTER","JET BEST MULTILINE CORPORATION","-","173","0","0","63437565980","63437572525","erickramirez17@yahoo.com","-","MR. ERIC MIREZ","erickramirez17@yahoo.com","0063437561076",,,,"0","0","9","2","0","2024-01-06 16:07:31"
"364","1",,,"IMPORTER","LARI TRADING CENTRE CO","-","17","0","0","97366622266","97339458557","laritdgc@batelco.com.bh","-","MURTAZA EBRAHIM ALI AKBAR LARI ","laritdgc@batelco.com.bh","97317211566",,,,"0","0","26","2","0","2024-01-06 16:07:31"
"365","1",,"OLD SOFTWARE DATA","IMPORTER","QINGDAO BENTUSUN INTERNATIONAL CO. LTD","-","44","0","0","bcontactu","8613658699218","-","WWW.BENTUSUN.COM","KEVIN","info@bestinland.com","8653285828821","-",,,"0","0","0","2","0","2024-01-06 16:07:31"
"366","1",,,"IMPORTER","ZAKAI & CO","-","166","0","0","-","-","talha_zakai007@hotmail.com","-","TALHA ZAKAI","talha_zakai007@hotmail.com","923352355007",,,,"0","0","48","2","0","2024-01-06 16:07:31"
"367","1",,,"IMPORTER","SPICES & PRODUCED TRADERS LIMITED","-","157","0","0","-","-","-","-","-","-","6492760598",,,,"0","0","17","2","0","2024-01-06 16:07:31"
"368","1",,,"IMPORTER","SOUSA RIBEIRO & LTDA","-","30","0","0","-","-","wolfgang@sousaribeiro.com.br","-","-","wolfgang@sousaribeiro.com.br","557332562705",,,,"0","0","2","2","0","2024-01-06 16:07:31"
"369","1",,,"IMPORTER","STE RAHMA DISTRIBUTION ","-","222","0","0","-","21673633793","rahma.commerce@topnet.tn","-","MR YOUSRI-","rahma.commerce@topnet.tn","21673633793",,,,"0","0","26","2","0","2024-01-06 16:07:31"
"370","1",,,"IMPORTER","SANJAY TRADING CO. (L.L.C)","-","229","0","0","-","-","-","-","-","-"," 042261182",,,,"0","0","48","2","0","2024-01-06 16:07:31"
"371","1",,"Global data Safflower sheet","IMPORTER","HUIRUI INTERNATIONAL TRADE CO LTD","-","44","0","0","bcontactu","+8620-87079485","-","-","-","-","+8613710725257,  +8613922209301","-",,,"0","0","0","2","0","2024-01-06 16:07:31"
"372","1",,,"IMPORTER","UNITED INTERNATIONAL ESTABLISHMENT FOR FEEDER","-","117","0","0","-","-","-","-","-","-","-",,,,"0","0","21","2","0","2024-01-06 16:07:31"
"373","1",,,"IMPORTER","KAZDANI FEED","-","229","0","0","-","-","kazdanifeed@outlook.com","-","MR.ABDUL RAZZAK","kazdanifeed@outlook.com","971503522979",,,,"0","0","21","2","0","2024-01-06 16:07:31"
"374","1",,"OLD DATA","IMPORTER","CHI SHENG FORAGE CO. LTD ","-","214","0","0","bcontactu","-","POYINCHEN@GMAIL.COM foray@hotmail.com.tw","-","ANITA CHEN ","nyanita0923@gmail.com","+886-5-6972076","-","-","-","0","0","0","2","0","2024-01-06 16:07:31"
"375","1",,,"IMPORTER","SALES@AGROPETINDEX.COM","AGROPET INDEX","175","0","0","-","-","sales@agropetindex.com","-","MR. MARTIN","sales@agropetindex.com","-",,,,"0","0","11","2","0","2024-01-06 16:07:31"
"376","1",,"OLD DATA","IMPORTER","S.JAEGER & SON","-","214","0","0",,"-","SJAEGER@MS41.HINET.NET","-","JUDY","SJAEGER@MS41.HINET.NET","88666523447","-",,,"0","0","12","2","0","2024-01-06 16:07:31"
"377","1",,,"IMPORTER","BURSAPET","-","223","0","0","-","905437934729","bursapet@hotmail.com ","-","MR HASAN","bursapet@hotmail.com ","2243272926",,,,"0","0","13","2","0","2024-01-06 16:07:31"
"378","1",,"OLD DATA","IMPORTER","INTERCEREAIS DO OESTE, LDA.","R. do Alecrim 1, 2565-836, Portugal","176","0","0","bcontactu","-","vitor.paulino@intercereais.com","WWW.INTERCEREAIS.COM","MR VITOR","vitor.paulino@intercereais.com","351261331127","-",,,"0","0","12","2","0","2024-01-06 16:07:31"
"379","1",,,"IMPORTER","SEOL SEONG BIRD FARM","-","116","0","0","82438838696","821050651285","HYOSUNG.YOON@SEALEDAIR.COM","-","MR YOON","HYOSUNG.YOON@SEALEDAIR.COM","82438838696",,,,"0","0","12","2","0","2024-01-06 16:07:31"
"380","1",,,"IMPORTER","TUI PRODUCTS LIMITED ","-","157","0","0","-","6475752160","info@tuigarden.co.nz","WWW.TUIGARDEN.CO.NZ","-","info@tuigarden.co.nz","6463571094",,,,"0","0","17","2","0","2024-01-06 16:07:31"
"381","1",,,"IMPORTER","SUNAR LTD"," 17 A İlanboğazı sok , Gönyeli, ","223","0","0","-","903922238763","u-sunarltd@hotmail.com","-","MR. KEMAL SUNAR","u-sunarltd@hotmail.com","905338682902",,,,"0","0","26","2","0","2024-01-06 16:07:31"
"382","1",,,"IMPORTER","PET VISION","-","85","0","0","-","-","petvisio@otenet.gr","-","-","petvisio@otenet.gr","2310782051",,,,"0","0","11","2","0","2024-01-06 16:07:31"
"383","1",,"-","IMPORTER","LYDIA LTD","-","85","0","0","bcontactu","+302106726480","info@lydia.gr","http://www.lydia.gr","XYDIS GEORGE ","nasia@lydia.gr","3021067264801","-",,,"0","0","0","2","0","2024-01-06 16:07:31"
"384","1",,,"IMPORTER","SATELLITE PET PRODUCTS ","-","3","0","0","-","213770909945","conimex.international@yahoo.fr","-","-","conimex.international@yahoo.fr","213550903308",,,,"0","0","48","2","0","2024-01-06 16:07:31"
"385","1",,"OLD SOFTWARE DATA","IMPORTER","ABERDEEN GROUP OF COMPANIES ","-","132","0","0","bcontactu","60162036273","doc@aberdeenfoods.net","-","BARIAH","-","60333252444","-",,,"0","0","0","2","0","2024-01-06 16:07:31"
"386","1",,,"IMPORTER","SUNNY FEILD ","-","202","0","0","-","0027312012586","buyer@sunnyfieldgroup.co.za","-","MR. PREGGY ","buyer@sunnyfieldgroup.co.za","0027314622332",,,,"0","0","48","4","0","2024-01-06 16:07:31"
"387","1",,"OLD SOFTWARE DATA","IMPORTER","DIASPOLIS","ul. Szkolna 24 95-080 Kruszów Polska, Europa","175","0","0","bcontactu","+48 690 939 598","WLAD@DIASPOLIS.PL, sprzedaz@diaspolis.pl","https://diaspolis.pl/en/products/","WLAD","import@diaspolis.pl","48884822004","-",,,"0","0","78","4","0","2024-01-06 16:07:31"
"388","1",,,"IMPORTER","SAMISONS TRADING L.L.C","-","229","0","0","-","-","sami@samisons.net","-","MR. SAMI","sami@samisons.net","971502387088",,,,"0","0","57","4","0","2024-01-06 16:07:31"
"389","1",,"OLD DATA","IMPORTER","JK INTERNATIONAL PTY LTD","-","13","0","0","bcontactu","-","JKI@JKI.COM.AU","-","Mohan","JKI@JKI.COM.AU","61732741023","-",,,"0","0","0","2","0","2024-01-06 16:07:31"
"390","1",,,"IMPORTER","PACIFIC AGRI PRODUCTS COMPANY","-","214","0","0","-","-","tammy@pacagri.com","-","-","tammy@pacagri.com","886508730440",,,,"0","0","15","4","0","2024-01-06 16:07:31"
"391","1",,"Global data Safflower sheet","IMPORTER","SIMON ENTERPRISES","-","173","0","0","bcontactu","0063322552020","-","-","MR ALY CHUA","savplaridel@simongroupo.com","63 32 254 0450","-",,,"0","0","0","2","0","2024-01-06 16:07:31"
"393","1",,"OLD DATA","IMPORTER","QUALITY NUT PRODUCT LTD","-","230","0","0","bcontactu","-","Qualnut@aol.com","-","MR GRAHAM","GRAHAMB@QNP.UK.COM","441327342444","-",,,"0","0","11","6","0","2024-01-06 16:07:31"
"394","1",,"OLD DATA","IMPORTER","BRIGHT GATE GENERAL TRADER","-","229","0","0","bcontactu","+97142259656","abaf123@eim.ae","-","MR SHIVRAMAN","abaf123@eim.ae","971503822109","-",,,"0","0","0","2","0","2024-01-06 16:07:31"
"395","1",,,"IMPORTER","MEALBERRY ","-","181","0","0","-","-","nutrition@mealberry.ru","-","VERONIKA MARKELOVA","import@mealberry.ru","78122451242",,,,"0","0","17","2","0","2024-01-06 16:07:31"
"396","1",,,"IMPORTER","RAG FOODSTUFF LLC","-","229","0","0","-","971561484190","dinil@ragfoods.com","-","-","dinil@ragfoods.com","9714258 8623",,,,"0","0","57","2","0","2024-01-06 16:07:31"
"397","1",,,"IMPORTER","GARDMAN (SARL)","-","230","0","0","-","07866 631269","T.GOFF@GARDMAN.CO.UK","-","MR. HENRY CORBETT","H.CORBETT@GARDMAN.CO.UK","441406372228","-",,,"0","0","0","2","0","2024-01-06 16:07:31"
"398","1",,,"IMPORTER","NUMIDIAN FINANCES & TECHNOLOGY (SARL)","-","3","0","0","-","-","lakhdarhaddou001@gmail.com","-","LAKHDAR HADDOU","lakhdarhaddou001@gmail.com","213555236667","-",,,"0","0","0","2","0","2024-01-06 16:07:31"
"399","1",,,"IMPORTER","SAI TRADERS GMBH (SARL)","Raaterstrass 24 8175 Windiach ZH, Schweiz","210","0","0","-","41792187075","info@saitraders.com","WWW.SAITRADER.CH","Ravindran ","info@saitraders.com","41448858650","-",,,"0","0","0","2","0","2024-01-06 16:07:31"
"400","1",,,"IMPORTER","DISTRIBUCIONES MIMON SIDI, S.L. (SARL)","C./ Dique sur,17-local1 52006 MELILLA-SPAIN","205","0","0","-","0034 952676965","info@dismimonsidi.com","WWW.DISMIMONSIDI.COM","MOHAMED ","info@dismimonsidi.com","0034 605075045",,,,"0","0","40","2","0","2024-01-06 16:07:31"
"401","1",,,"IMPORTER","AZTECA (SARL)","Av. Arboledas 1101, Col. Mercado de Abastos, C.P. 44530, Guadalajara, jal., MEXICO","142","0","0","-","-","ravilla@ccazteca.com","WWW.CCAZTECA.COM","RAUL AVILA","ravilla@ccazteca.com","5213338563615",,,,"0","0","3","2","0","2024-01-06 16:07:31"
"402","1",,"Pallavi  Singapore","IMPORTER","SINO MULTI BIZ PTE LTD (SARL)","10 Anson Road #21-04,International Plaza, Singapore 079903 ","196","0","0","bcontactu","-","-","-","Arshad Iiyas","-","65 6372 1303","-",,,"0","0","71","2","0","2024-01-06 16:07:31"
"403","1",,,"IMPORTER","SODIPRA BURKINA SARL (SARL)","01 BP. 5180 Ouagadougou 01 Burkina Faso ","202","0","0","-","-","nohabtradecenter@gmail.com","-","EL Hadj Boukare","nohabtradecenter@gmail.com","2265339982",,,,"0","0","48","2","0","2024-01-06 16:07:31"
"404","1",,,"IMPORTER","BOUROYEN & ASSOCIES (SARL)","128, Rue 61th etage hay Tassahoul II - Bourgogne","148","0","0","-","-","contact@bouroyen.com","www.bouroyen.com","Abdelhak Bouroyen","contact@bouroyen.com","-",,,,"0","0","55","2","0","2024-01-06 16:07:31"
"405","1",,"PALLAVI FRANCE","IMPORTER","CARO JOEL (SARL)","21, rue de ty Mor 56700 HENNEBONT - FRANCE","75","0","0","bcontactu","33 0297829083","noroit_distribution@orange.fr","-","JOHOP","logistic@noroitdistribution.com","33 0787025332","-",,,"0","0","0","2","0","2024-01-06 16:07:31"
"406","1",,,"IMPORTER","CLASS (SALR)","CLAS COMERC D.O.O. CEPURE BB. 35250 PARACIN, SRBIJA","63","0","0","-","38163","m.radiveojevic@natuaragusto.com","www.class.rs","MIROSLAV ","m.radiveojevic@natuaragusto.com","600213","-",,,"0","0","0","2","0","2024-01-06 16:07:31"
"407","1",,,"IMPORTER","ZHENG JIA FOODS COMPANY LTD. (SARL)","Wanda Plaz, Dong guan City, CHINA","44","0","0","-","8613525689069","brucezhousheng@foxmail.com","-","-","brucezhousheng@foxmail.com","86076922089276","-",,,"0","0","0","2","0","2024-01-06 16:07:31"
"408","1",,,"IMPORTER","ERSIN (SARL)","6474 Sk. No. 2 Mersin/TURKIYE","223","0","0","-","-","mustarfausta@ersinbakliyat.com                    ","www.ersinbakliyat.com","Mustafa","mustarfausta@ersinbakliyat.com                 ","903242331535",,,,"0","0","57","2","0","2024-01-06 16:07:31"
"409","1",,,"IMPORTER","BOND & NEXUS UK LTD (SARL)","334-336 Goswell Road LONDON","230","0","0","-","442038510949","j.eugithuse@bondandnexus.com","-","Joseph eugithuse","j.eugithuse@bondandnexus.com","447710209300","-",,,"0","0","0","2","0","2024-01-06 16:07:31"
"410","1",,"OLD DATA","IMPORTER","SWEET FOOD STUFF TRADING DMCC. (SARL)","-","229","0","0","bcontactu","+971556456748","mariame.sako@sweetfoodstuff.com","-","mariame SAKO KANTE","mariame.sako@sweetfoodstuff.com","dubai-971554309840","-",,,"0","0","0","2","0","2024-01-06 16:07:31"
"411","1",,,"IMPORTER","AGRODER (SARL)","Kazanli Mh. 32001 Sk. No.4/A Akdeniz 33281 Mersin TURKEY","223","0","0","-","903242213415","sait@agroder.com.tr","-","Sait Dervisoglu","sait@agroder.com.tr","905323375547",,,,"0","0","48","2","0","2024-01-06 16:07:31"
"412","1",,,"IMPORTER","SONA FOOD  (SARL)","-","223","0","0","-","-","y.ersan@sona.com.tr","www.sona.com.tr","Yunus Ersan ","y.ersan@sona.com.tr","903423265600",,,,"0","0","55","2","0","2024-01-06 16:07:31"
"413","1",,,"IMPORTER","CHEICK OMAR GUEYE (SARL)","Rue 463, Portse 173 Nairela Bamako/Mail","134","0","0","-","-","cheickomarg@yahoo.fr","-","-","cheickomarg@yahoo.fr","22376422574","-",,,"0","0","0","2","0","2024-01-06 16:07:31"
"414","1",,"PALLAVI SINGAPORE","IMPORTER","NGO CHEW HONG EDIBLE OLI PTE. LTD.  (SARL)","OFFICE& FACTORY: 321, PANDAN LOOP, SINGAPORE 128418.","196","0","0","bcontactu","-","arjun@nchoil.com.sg","http://www.nchoil.com","arjun verma"," enquiry@nchoil.com.sg","65 96492061,  +65 6779 6800, +65 6778 3322","-",,,"0","0","0","2","0","2024-01-06 16:07:31"
"415","1",,,"IMPORTER","TOPON (SARL)","via del lavoro, 21-31050 vedelago (tv)","107","0","0","-","-","mirco.topan@topan.it","www.topan.it","marco topan","mirco.topan@topan.it","390423401325",,,,"0","0","48","2","0","2024-01-06 16:07:31"
"416","1",,,"IMPORTER","GOLDEN MILLS COMPANY (SARL)","-","111","0","0","-","-","info@goldenmillsco.com","-","hassan khirfan","info@goldenmillsco.com","96264200831/2",,,,"0","0","55","2","0","2024-01-06 16:07:31"
"417","1",,,"IMPORTER","WESTCO INVESTMENT LTD (SARL)","est legon, sigma sq. ,1st floor,ghana","83","0","0","-","-","richmonddzre@westcoinvestment.com","www.westcoinvestment.com","-","richmonddzre@westcoinvestment.com","233546782482",,,,"0","0","57","2","0","2024-01-06 16:07:31"
"418","1",,,"IMPORTER","TNN SP. Z.O.O. (SARL)","ul.bartcyka 116, lok 11 00 716 Warszawa, poland","175","0","0","-","-","ttn.exportindia@gmail.xom","www.ttnfreshfood.com","lalit","ttn.exportindia@gmail.xom","48666350667",,,,"0","0","4","2","0","2024-01-06 16:07:31"
"419","1",,,"IMPORTER","POLMARKUS  (SARL)","-","175","0","0","-","-","malgorzatapierz@polmarkus.com.pl","www.polmarkus.com.pl","Matgorzata Pierz","malgorzatapierz@polmarkus.com.pl","48 725250092",,,,"0","0","3","2","0","2024-01-06 16:07:31"
"420","1",,"OLD DATA","IMPORTER","OZER GIDA (SARL)","-","223","0","0","bcontactu","02667741144","-","-","-","info@ozergida.com.tr","+90 266 774 2265","-",,,"0","0","0","2","0","2024-01-06 16:07:31"
"421","1",,"PALLAVI FRANCE","IMPORTER","ADOM (SARL)","8 rue de Varize 75016, paris, France ","75","0","0","bcontactu","-","export@adom-consulting.com","-","Jerome Benuouaich","export@adom-consulting.com","33147438979","-",,,"0","0","0","2","0","2024-01-06 16:07:31"
"422","1",,,"IMPORTER","TAJ COMMODITIES INC. (SARL) ","7338 Golden Meadow Court, Mississauga ON L5W 0B8 Canada","38","0","0","-","-","tajcommodities 1@gmail.com","-","Haroon Taak","tajcommodities 1@gmail.com","voice-14379996264",,,,"0","0","57","2","0","2024-01-06 16:07:31"
"423","1",,"OLD DATA","IMPORTER","BOZKURT  (SARL)","-","223","0","0","bcontactu","+90 342 329 27 15","tayfun@bozkurtorganik.com","www.bozkurtorganik.com","Tayfun BOZKURT ","tayfun@bozkurtorganik.com","902328808060","-",,,"0","0","0","2","0","2024-01-06 16:07:31"
"424","1",,,"IMPORTER","SAPAL INTERNATIONAL TRADING COMPANY DMCC (SARL) ","Jumeirah Lake Tower, Mazaya Business Avenue, Plot BB2, Dubai, uae.","229","0","0","-","-","sophie.kosde@sapalintl.ae","-","SOPHIE KOLADE ","sophie.kosde@sapalintl.ae","971523515579",,,,"0","0","48","2","0","2024-01-06 16:07:31"
"425","1",,,"IMPORTER","AKROPOLIS GIDA IC VE DIS TIC. LTD. STI. (SARL)","-","223","0","0","-","-","atillaocktener@hotmail.com","-","ATILLA OKTENER","atillaocktener@hotmail.com","905322655004","-",,,"0","0","0","2","0","2024-01-06 16:07:31"
"426","1",,,"IMPORTER","K.K. GROUPS OF COMPANIES (SARL)","Suite # 507 & 508, 5th floor, Progressive Plaza, P.I.D.C., KARACHI, PAKISTAN","166","0","0","-","-","pulses@kkgroups.com.pk ","WWW.KKGROUPS.COM.PK","Jatin kewlani ","pulses@kkgroups.com.pk ","9221356350001-8",,,,"0","0","55","2","0","2024-01-06 16:07:31"
"427","1",,,"IMPORTER","VERDAN PLAZA S.A. (SARL)","-","169","0","0","-","-","Mohamed@panoramaaa.com","-","MOHAMED YASSIN","Mohamed@panoramaaa.com","5074412020",,,,"0","0","55","2","0","2024-01-06 16:07:31"
"428","1",,"OLD DATA","IMPORTER","AREF ALJWIJATY (SARL)","Ali Kuscu Mahallesi Yedi Emirler Sokak No.:8 Kat: 1 ","223","0","0","bcontactu","+90 312 129 88 92","info@aref.com.tr","-","AREF ALJWIJATY ","aljwijaty@gmail.com","90 535 4165051","-",,,"0","0","0","2","0","2024-01-06 16:07:31"
"429","1",,"OLD SOFTWARE DATA","IMPORTER","DOTCHO S.A. (SARL)","-","75","0","0","bcontactu","-","-","-","MAIGA MOUSSSA","-","20733666","-",,,"0","0","0","2","0","2024-01-06 16:07:31"
"430","1",,,"IMPORTER","BARAN FOODS QUALOTY & SATISFACTION (SARL) ","-","223","0","0","-","-","roderexport@gmail.com","www.baranfoods.com","RAKESH JAGGI","roderexport@gmail.com","902123216884",,,,"0","0","55","2","0","2024-01-06 16:07:31"
"431","1",,,"IMPORTER","E DICLE GROUPS OF COMPANIES (SARL)","-","223","0","0","-","-","NURULLAH@DICLEGROUP.COM.TR","WWW.DICLEGROUP.COM","Nurullah Yildizgorer","NURULLAH@DICLEGROUP.COM.TR","903242217377","-",,,"0","0","0","2","0","2024-01-06 16:07:31"
"432","1",,,"IMPORTER","GOISCO WHOLESALE CLUB SUPER MERCADO LUZ B.V. (SARL)","-","155","0","0","-","-","elsio.gois@goisco.com","-","Elsio da silva de goes","elsio.gois@goisco.com","59997374758",,,,"0","0","55","2","0","2024-01-06 16:07:31"
"433","1",,,"IMPORTER","CITICO TRADING LIMITED  (SARL)","-","98","0","0","-","-","md@blhainraigroup.com","http://www.blhainraigroup.com","Jitin Mahbubani","md@blhainraigroup.com","85239968227",,,,"0","0","2","2","0","2024-01-06 16:07:31"
"434","1",,,"IMPORTER","RECPAK (SARL)","13, Rue bentszi Houari ","3","0","0","-","-","wt_export@yahoo.com","-","MOHAMED BESBES","wt_export@yahoo.com","23141329740","-",,,"0","0","0","2","0","2024-01-06 16:07:31"
"435","1",,,"IMPORTER","PULSE INDIA FOODSTUFF L..C. (SARL)","-","229","0","0","-","-","pulseind@eim.se","www.pulseindia.se","YASIN MAJID","pulseind@eim.se","971506875677","-",,,"0","0","0","2","0","2024-01-06 16:07:31"
"436","1",,,"IMPORTER","DAMIA (SARL)","Istanbul Yolu 26. km. Saray Caddesi No. 5 Kazan - ANKARA/TURKEY","223","0","0","-","-","can@caglayangida.com.tr","www.caglayangida.com.tr","CAN CAGLANYAN","can@caglayangida.com.tr","903128154757",,,,"0","0","55","2","0","2024-01-06 16:07:31"
"437","1",,,"IMPORTER","DEL NORTE (SARL)","-","47","0","0","-","-","cespinal@mercadosdelnorte.com","www.mercadosselnorte.com","CARLOS ESPINAL","cespinal@mercadosdelnorte.com","573207233163","-",,,"0","0","0","2","0","2024-01-06 16:07:31"
"438","1",,"OLD DATA","IMPORTER","THE ALAMO GENERAL TRADING L.L.C. (SARL)","API Tower, Office 1402, Sheikh Zayed Road, Dubai.","229","0","0","bcontactu","+97150278844","tony@alamogroup.net","www.alamogroup.net","ANTHONY GUIRGUSI","tony@alamogroup.net","97143867272","-",,,"0","0","0","2","0","2024-01-06 16:07:31"
"439","1",,,"IMPORTER","BIODISS SA(SARL)","-","75","0","0","-","-","biodiss@biodiss.fr","www.biodiss.fr","Mr.ALEXIS ODOH","biodiss@biodiss.fr","33184851494",,,,"0","0","48","2","0","2024-01-06 16:07:31"
"440","1",,"OLD SOFTWARE DATA","IMPORTER","PARDESI HUT (SARL)","-","202","0","0","bcontactu","-","-","-","David RAMAROSON","-","261323203002","-",,,"0","0","0","2","0","2024-01-06 16:07:31"
"441","1",,"OLD DATA","IMPORTER","MEHMET BAYAM (SARL)","-","223","0","0","bcontactu","+90 324 221 67 00","info@mehmetbayam.com.tr","www.mehmetbayam.com.tr","NACI BAYAM ","info@mehmetbayam.com.tr","905327266620","-",,,"0","0","0","2","0","2024-01-06 16:07:31"
"442","1",,,"IMPORTER","APC-BACK EUROP POLSKA SPOLKA.","-","175","0","0","-","-","piotr.poloczek@apc.com","www.apc.com.pl","piotr poloczek","www.apc.com.pl","4877453051",,,,"0","0","4","2","0","2024-01-06 16:07:31"
"443","1",,,"IMPORTER","FOOD QUALITY COMPANY WLL (SARL)","-","178","0","0","-","-","pranexp@prangropu.com","-","Md. Mizanur Rahman","pranexp@prangropu.com","97470730201",,,,"0","0","48","2","0","2024-01-06 16:07:31"
"444","1",,,"IMPORTER","TRIZ FROM FARM TO FOOD","Rivium 4e straat 5,2909 lj capelle aan den ijssel, THE NETHERLAND","155","0","0","-","-","rocio@trizventures.com","www.trizventures.com","Maria del rocio lopez","rocio@trizventures.com","5215540544251",,,,"0","0","55","2","0","2024-01-06 16:07:31"
"445","1",,"Pallavi Romania","IMPORTER","STELDICO","-","180","0","0","bcontactu","-","-","www.steidco.com","Cristina Costea","-","0745/014179","-",,,"0","0","11","2","0","2024-01-06 16:07:31"
"446","1",,,"IMPORTER","SARL ALTERDIS CONSEILS BENIN  (SARL)","BP 7361-Quartier jak COTONOU BENIN.","23","0","0","-","-","alterdisconseil@gmail.com","-","Anton RYZHKOV","alterdisconseil@gmail.com","33996972966","-",,,"0","0","0","2","0","2024-01-06 16:07:31"
"447","1",,,"IMPORTER","TOMENA (SARL)","konstitucijos pr. 7, 09308 Vilnius, Lietuva","107","0","0","-","-","darius.d@tomena.it","www.tomena.it","DARIUS DOVIDAITIS","darius.d@tomena.it","37064068563",,,,"0","0","48","2","0","2024-01-06 16:07:31"
"448","1",,,"IMPORTER","SOCIETE D' AFFAIRS RECHERCHE & RELATIONS ECONOMIQUES (SARL) ","SARRE-SARL TOUR EUROPA 132 94532 THIAIS CEDEX (FRANCE)","75","0","0","-","-","hasbena@orange.fr","-","HASSEN BEN AMMAR","hasbena@orange.fr","330677364884",,,,"0","0","58","2","0","2024-01-06 16:07:31"
"449","1",,,"IMPORTER","ABARIQUE CO. LTD (SARL)","TRIPOLI-LIBYA ","124","0","0","-","-","youramshop@yahoo.com","-","RAMADAN AZZABI","youramshop@yahoo.com","218213333068",,,,"0","0","55","2","0","2024-01-06 16:07:31"
"450","1",,,"IMPORTER","IMPORTACIONES CREATIVAS C.A. (SARL)","VALENCIA- VENEZUELA","237","0","0","-","-","CREATIVEASVE@HOTMAIL.COM","-","ANDREINA DAMASIO","CREATIVEASVE@HOTMAIL.COM","17868789228",,,,"0","0","55","2","0","2024-01-06 16:07:31"
"451","1",,,"IMPORTER","ELROWAD GROUPS (SARL)","-","64","0","0","-","-","info@elrowadgroup.com","www.elrowadgroup.com","MOHAMED EMAD","info@elrowadgroup.com","201000989270",,,,"0","0","47","2","0","2024-01-06 16:07:31"
"452","1",,,"IMPORTER","LIVE RICH INDEX (SARL)","-","230","0","0","-","-","christopher@liverichindex.com","-","Chris Dear","christopher@liverichindex.com","44 0 7557430543",,,,"0","0","55","2","0","2024-01-06 16:07:31"
"453","1",,"-","IMPORTER","BIOAGROS (SARL)","2 VAS. PAVLOU str. 58300 Kria Vrisi, Pella, GREECE","85","0","0","-","-","pantelisk@bioagros.gr","www.bioagros.gr","MS VASU","dry@bioagros.gr","302382081660-1","-","--","-","0","0","0","2","0","2024-01-06 16:07:31"
"454","1",,,"IMPORTER","T-INTRACON (SARL)","Harrow HA2 2GU- LONDON UK","230","0","0","-","-","ymontroussir@gmail.com","-","Mr.Yves MONTROUSSIER","ymontroussir@gmail.com","447852747133",,,,"0","0","48","2","0","2024-01-06 16:07:31"
"455","1",,,"IMPORTER","ORBIVA GROUP (SARL)","-","223","0","0","-","-","info@orbiva.com","-","ORHAN KHARMAN","info@orbiva.com","00902127891968",,,,"0","0","57","2","0","2024-01-06 16:07:31"
"456","1",,"OLD SOFTWARE DATA","IMPORTER","SARL AL.MO.ZA.","-","3","0","0","bcontactu","-","-","-","Mohmed","-","213 661630083","-",,,"0","0","0","2","0","2024-01-06 16:07:31"
"457","1",,,"IMPORTER","RAHICO BROS SARL","-","121","0","0","-","-","rahico@inco.com.lb","-","MOHAMED  Rai","rahico@inco.com.lb","9613632632",,,,"0","0","1","2","0","2024-01-06 16:07:31"
"458","1",,,"IMPORTER","YIMOR (SARL)","-","27","0","0","-","-","yimor@tel.net.ba","www.yimor.ba","zlatko","yimor@tel.net.ba","063340153",,,,"0","0","55","2","0","2024-01-06 16:07:31"
"459","1",,"OLD DATA","IMPORTER","YAYLA (SARL)","-","223","0","0","bcontactu","+90 324 221 62 76","ULVIKARAYEL@YAYLABAKLIYAT.COM.TR","WWW.YAYLABAKLIYAT.COM.TR","ALI KARAYEL","info@yaylaagro.com","903128154950","-",,,"0","0","0","2","0","2024-01-06 16:07:31"
"460","1",,,"IMPORTER","SCHEPENS & CO. (SARL)","-","21","0","0","-","-","rice@schepens.com","www.schepens.be","Bart Bessems","rice@schepens.com","3232591760",,,,"0","0","55","2","0","2024-01-06 16:07:31"
"461","1",,,"IMPORTER","IS BUSINESS SOLUTIONS (SARL)","-","101","0","0","-","-","bsolution16@gmail.com","-","Ruchi jain","bsolution16@gmail.com","9560377557",,,,"0","0","47","2","0","2024-01-06 16:07:31"
"462","1",,,"IMPORTER","MALAK FOODS SARL (SARL)","-","148","0","0","-","-","malak_foods2015@yahoo.fr","-","Driss Khaldi","malak_foods2015@yahoo.fr","212522446078","-",,,"0","0","0","2","0","2024-01-06 16:07:31"
"463","1",,,"IMPORTER","KANDOUJ (SARL)","-","103","0","0","-","-","s.mahammedi@kandouj.com","www.kandouj.com","Shahab Mohammedi ","s.mahammedi@kandouj.com","982122841939",,,,"0","0","4","2","0","2024-01-06 16:07:31"
"464","1",,"OLD DATA","IMPORTER","QOOT (SARL)","-","191","0","0","-","-","hassain.Alguoaishi@qoot.com","-","Hussain Ahmed AL Ghubaishi","hassain.Alguoaishi@qoot.com","966126065982","-",,,"0","0","0","2","0","2024-01-06 16:07:31"
"465","1",,"Global data Safflower sheet","IMPORTER","MAYORA 9SARL)","-","102","0","0","bcontactu","-","-","www.mayore.com","PT. MAYORA INDAH","-","622180637400","-",,,"0","0","0","2","0","2024-01-06 16:07:31"
"466","1",,,"IMPORTER","MUHDIN YASSIN GENERAL TRADE IMPORT& EXPORT (SARL)","-","69","0","0","-","-","mukeimex@gmail.com","-","MUHDIN YASSIN","mukeimex@gmail.com","251911615739",,,,"0","0","47","2","0","2024-01-06 16:07:31"
"467","1",,,"IMPORTER","TARGET FOODS CO. (SARL)","-","121","0","0","-","-","jocelyne@targetfoodco.com","www.target.com","Jocelyne Aousd","jocelyne@targetfoodco.com","9613364123",,,,"0","0","47","2","0","2024-01-06 16:07:31"
"468","1",,"OLD DATA","IMPORTER","MERIC (SARL)","-","223","0","0","bcontactu","-","meric@mericgumrukleme.com","www.mericgumrukleme.com","Suat KOCABAS","meric@mericgumrukleme.com","+90 312 215 42 20","-",,,"0","0","0","2","0","2024-01-06 16:07:31"
"469","1",,,"IMPORTER","EXO RANCY IMPORT EXPORT (SARL)","-","160","0","0","-","-","smm.import.export@gmail.com","-","MESSAN BONAVENTURE ","smm.import.export@gmail.com","6451317500",,,,"0","0","55","2","0","2024-01-06 16:07:31"
"470","1",,,"IMPORTER","SAINT FATIMA IMPORT AND EXPORT (SARL)","-","64","0","0","--","-","saint.fatima@hotmail.com","-","BESHOY SAMIR","saint.fatima@hotmail.com","20125021062",,,,"0","0","48","2","0","2024-01-06 16:07:31"
"471","1",,,"IMPORTER","MULTICROPS (SARL)","Hamra Main Street, Beirut, Lebanon, 1st floor Strand Bldg.","121","0","0","-","-","zakaria@muilticrops.net","www.muilticrops.net","ZAKARIA SIBASSI","zakaria@muilticrops.net","9611747640",,,,"0","0","2","2","0","2024-01-06 16:07:31"
"472","1",,,"IMPORTER","DADSONS EXPORT MARKETING COMPANY (SARL) ","242 kingsbury Road, kingsbury London NW9 0BG, UK","230","0","0","-","-","sunil@dadsons.co.uk","www.dadsons.co.uk","Sunil dadlani","sunil@dadsons.co.uk","44 0 7811368 638",,,,"0","0","48","2","0","2024-01-06 16:07:31"
"473","1",,,"IMPORTER","EUROGERM INDUSTRIES AND SOLUTIONS (SARL)","-","75","0","0","-","-","-","WWW.EUROGERM.COM","PHILIPPE LELOUP ","-","33686160871",,,,"0","0","2","2","0","2024-01-06 16:07:31"
"474","1",,,"IMPORTER","VERTIS FOODS (SARL)","SOS. Berceni 104P, Bucuresti,RO","180","0","0","-","-","c.tufisi@vertisfoods.ro","-","Claudia Tufisi","c.tufisi@vertisfoods.ro","40724055454",,,,"0","0","1","2","0","2024-01-06 16:07:31"
"475","1",,"OLD SOFTWARE DATA","IMPORTER","ADVENS GROUPE (SARL)","36 avenue Hoche 75008 Paris-FRANCE","75","0","0","bcontactu","-","accueil@geopoton.com","www.advents-france.com","Joan Bunda-Rose","accueil@geopoton.com","330145020303","-",,,"0","0","0","2","0","2024-01-06 16:07:31"
"476","1",,"OLD DATA","IMPORTER","AL-SURAHI TRADING EST. (SARL)","-","191","0","0","-","-","surahijed@gmail.com","-","Laxman (sony) TOLANI","surahijed@gmail.com","+966538888625","-",,,"0","0","0","2","0","2024-01-06 16:07:31"
"477","1",,,"IMPORTER","GOODNESS SAS (SARL)","- ","75","0","0","-","-","trade@goodnessgmail.com","-","Aurinae GOUTAY ","trade@goodnessgmail.com","330687142409",,,,"0","0","55","2","0","2024-01-06 16:07:31"
"478","1",,,"IMPORTER","INTRADE CO. (SARL)","-","230","0","0","-","-","info@intradecouk.com","-","Haiham Hanafi ","info@intradecouk.com","02085669090",,,,"0","0","2","2","0","2024-01-06 16:07:31"
"479","1",,"-","IMPORTER","ALIMECO S.A. (SARL)","-","85","0","0","+30 210 7242315, +30 210 0082687","-","sales2@alimeco.gr","-","Michael-315, Mr. Costas-687"," michael.kassimis@alimeco.gr, costas.c@alimeco.gr","00306978875464","-","-","-","0","0","38","2","0","2024-01-06 16:07:31"
"480","1",,,"IMPORTER","BARAKAT (SARL)","-","222","0","0","--","-","jaloul7s@live.fr","-","Mallek","jaloul7s@live.fr","003809329563636",,,,"0","0","55","2","0","2024-01-06 16:07:31"
"481","1",,,"IMPORTER","DARRAS COMPANY FOR GENERAL TRADING & TRANSPORT CO. (SARL)","-","168","0","0","-","-","darrascom@palnet.com","www.darras-co.com","ALI FAISAK DARRAS","darrascom@palnet.com","9722959355",,,,"0","0","56","2","0","2024-01-06 16:07:31"
"482","1",,,"IMPORTER","HEMANI GENERAL TRADING (SARL)","-","229","0","0","-","-","hassan@hemanitrading.ae","-","MOHAMMED  HASSAN","hassan@hamanitrading.ae","00971529098078",,,,"0","0","13","2","0","2024-01-06 16:07:31"
"483","1",,,"IMPORTER","KB HALAL FOODS (SARL)","-","63","0","0","-","-","kb109966@gmail.com","-","Mr.ali","kb109966@gmail.com","46041348820",,,,"0","0","48","2","0","2024-01-06 16:07:31"
"484","1",,,"IMPORTER","SEMENCES RENEUDAT (SARL)","Len Chaumes-Beddes-18370 Chateaumillant-FRANCE","75","0","0","-","-","greencoverseed@gmail.com","www.renaudat.com","JEAN- CHARLES RENAUDAT","greencoverseed@gmail.com","0248613754",,,,"0","0","55","2","0","2024-01-06 16:07:31"
"485","1",,"OLD SOFTWARE DATA","IMPORTER","NRG IMPORT B.V. *(SARL)","Cobalt straat 4, 2718 RM, Zoetmeer, Netherlands ","155","0","0","bcontactu","+31 6 308 817 28"," sales@nrgimports.nl","www.nrgimports.nl","NARENDRE REDDY GOODA"," sales@nrgimports.nl; info@nrgimports.nl","353868217241","-",,,"0","0","0","2","0","2024-01-06 16:07:31"
"486","1",,"OLD DATA","IMPORTER","GEETA FOODS LIMITED PARTNERSHIP (SARL) ","275/3 SOI WATCHANNAI, BANGKHOLEAM DISTRICT, BANGKOK, THAILAND  ","217","0","0","bcontactu"," (+662) 291-1968","contact@geetaint.com","-","ASHOK","-","66816125216","-",,,"0","0","0","2","0","2024-01-06 16:07:31"
"487","1",,,"IMPORTER","AGROTIKI OLEAGINOUS PRODUCTS (SARL)","Industrial park 19100, Megara, greece","85","0","0","-","-","a.aimonioti@agrotiki-sa-.gr","www.agrotiki-sa.gr","ATHINA AIMONITOI","a.aimonioti@agrotiki-sa-.gr","3022960225589",,,,"0","0","4","2","0","2024-01-06 16:07:31"
"488","1",,"OLD DATA","IMPORTER","ADECO AGRO (SARL)","-","10","0","0","bcontactu","-","CFERNANDES@AGROGLOBAL.COM.UY","-","CIRO FERNSNDET","info_ar@adecoagro.com","(+5411) 4836 8600","-",,,"0","0","0","2","0","2024-01-06 16:07:31"
"489","1",,,"IMPORTER","SOKAMEF SARL(SARL)","-","75","0","0","-","-","diaby_15@hotmail.fr","-","MAHAMADOU","diaby_15@hotmail.fr","22376149080",,,,"0","0","55","2","0","2024-01-06 16:07:31"
"490","1",,,"IMPORTER","YORAMSARL (SARL)","-","75","0","0","-","-","asedi18@yahoo.fr","-","SADI AGBAKPEM","asedi18@yahoo.fr","22892526080",,,,"0","0","55","2","0","2024-01-06 16:07:31"
"491","1",,,"IMPORTER","SAJDIS (SARL)","-","148","0","0","-","-","sajdis.maroc@gmail.com","-","SAIDI KARIM","sajdis.maroc@gmail.com","0537293670",,,,"0","0","48","2","0","2024-01-06 16:07:31"
"492","1",,"OLD SOFTWARE DATA","IMPORTER","MS TRADING (SARL)","-","175","0","0","bcontactu","-","rb@msfrading.pl","-","-","-","-","-",,,"0","0","0","2","0","2024-01-06 16:07:31"
"493","1",,,"IMPORTER","MATRIZ (SARL)","-","176","0","0","-","-","elisabete.dias@matrizcai.com","www.matrizcai.com","ELISABETE DIAS","elisabete.dias@matrizcai.com","351932407012",,,,"0","0","48","2","0","2024-01-06 16:07:31"
"494","1",,"Global data  for coriander","IMPORTER","PT TEGUH INDORINTA ORPIT"," Jl Kol Sugiono 21; MEDAN; 20151; SUMATERA UTARA, MEDAN, Indonesia","102","0","0","+6261 4538282","-","-","-","SUSANNI","SUNTIOSUNTIO@GMAIL.COM","+62 811-630-280","-",,,"0","0","0","2","0","2024-01-06 16:07:31"
"495","1",,,"IMPORTER","SAEED AHMED ALMAHROOS & SONS CO."," PO BOX. 354 DAMMAM 31411 SAUDI AREBA","191","0","0","-","-","-","http://www.al-mahroos.com/","-","-","009663875588",,,,"0","0","44","4","0","2024-01-06 16:07:31"
"496","1",,"OLD DATA","IMPORTER","ARABIAN GENERATION COM."," 6975 AMIN SALIM RUWAYHI-MISHRIFAH UNIT NO. 333 JADDAH 2333412622 SAUDI AREBIA","191","0","0","-","-","-","-","-","info@arabiangc.com"," +966 12 6431313","-",,,"0","0","0","2","0","2024-01-06 16:07:31"
"497","1",,,"IMPORTER","PREKHID MATAN KARGO TUMPSTAN SND.","31/2 MILES PULAU GADONG 75200 MELAKA, MALAYSIA","132","0","0","-","-","-","-","-","-","60-63357285",,,,"0","0","25","2","0","2024-01-06 16:07:31"
"498","1",,,"IMPORTER","MINOR WEIR & WILLS LTD","Smithfield Market Wholesale Markets Precinct, Pershore Street, Birmingham B5 6UN, United Kingdom","230","0","0","-","-"," enquiries@mww.co.uk ","http://www.mww.co.uk/","-"," enquiries@mww.co.uk ","0121 344 4554","-",,,"0","0","24","2","0","2024-01-06 16:07:31"
"499","1",,,"IMPORTER","BARFOOTS OF BOLTEY LTD","BOGNOR REGIS, SEFTER FARM PAGHAM PX UK","230","0","0","-","-","generalenquiries@barfoots.co.uk","http://www.barfoots.com/","-","generalenquiries@barfoots.co.uk","+44 (0) 1243 268811 ","-",,,"0","0","24","2","0","2024-01-06 16:07:31"
"500","1",,"OLD SOFTWARE DATA","IMPORTER","HWA HUAT LIVESTOCK IND. SDN BHD","No. 82, Jalan IKS, Taman IKS Bukit Tengah, Pulau Pinang, 14000 Bukit Mertajam, Malaysia","132","0","0","bcontactu","-","-","-","Penny","hwahuatsales@gmail.com","04-507 3994","-",,,"0","0","0","2","0","2024-01-06 16:07:31"
"501","1",,"OLD SOFTWARE DATA","IMPORTER","PT. UNIVERSAL AGRI BISNISINDO"," Jl. Raya Narogong, Cikiwul, Bantargebang, Kota Bks, Jawa Barat 17152, Indonesia","102","0","0","bcontactu","+62 21 8250277","global.care@uab.co.id","-","-","-","+62 812-1211-9959","-",,,"0","0","0","2","0","2024-01-06 16:07:31"
"502","1",,,"IMPORTER","PT SAHWA BOGA SEMPURNA","Blok. Z-4 No. 4, Rukan Green Garden, Jakarta, RT.1/RW.10, Rorotan, Cilincing, North Jakarta City, Special Capital Region of Jakarta 14140, Indonesia","102","0","0","-","-","-","-","-","-","62215961149","-",,,"0","0","24","2","0","2024-01-06 16:07:31"
"503","1",,,"IMPORTER","PROVAL CID INC."," 4572 MARIE-VICTORIN RTE, Varennes, QC J3X 1P7, Canada","38","0","0","-","-","info@provalcid.com","http://www.provalcid.com/","-","info@provalcid.com","+1 450-652-3916","-",,,"0","0","24","2","0","2024-01-06 16:07:31"
"504","1",,,"IMPORTER","VALSTAR HOLLAND BV","ABC Westland 110, 2685 DB Poeldijk, Netherlands","155","0","0","-","-","info@valstar.nl","http://www.valstar.com/","-","info@valstar.nl","+31 (0)174 530 800","-",,,"0","0","24","2","0","2024-01-06 16:07:31"
"505","1",,"OLD SOFTWARE DATA","IMPORTER","SUBAFOOD PANGAN JAYA","LEGOK KM. 6, KOMP DOSON INDONESIA, DESA CIJANTRA, KEC, PAGEDANA","102","0","0","bcontactu","+62 21 59404369","-","-","-","-","62 21 547 4613","-",,,"0","0","0","2","0","2024-01-06 16:07:31"
"506","1",,"OLD SOFTWARE DATA","IMPORTER","PT. ALAM SUBUR TIRTA ","Jl Daan Mogot Km 12 Jakarta Barat, 11740 Indonesia","102","0","0","bcontactu","-","-","-","-","-","62 21 619 2265","-",,,"0","0","0","2","0","2024-01-06 16:07:31"
"507","1",,"OLD DATA","IMPORTER","MINH TRUNG CO., LTD","Luong Son Industrial Zone, Hoa Son, Luong son, Hoa Binh","238","0","0","bcontactu","+84 376742338","cinthya@minhtrunggroup.com","http://minhtrunggroup.com","-","cinthya@minhtrunggroup.com","+84-218-3826 676","-",,,"0","0","0","2","0","2024-01-06 16:07:31"
"508","1",,"OLD DATA","IMPORTER","M/S. SHIAKH ABDULKHALIQ & SONS","P.O.Box: 1634 Dubai United Arab Emirates","229","0","0","bcontactu","-","saksons@emirates.net.ae ","-","-","saksons@emirates.net.ae ","+971-4-2267363","-",,,"0","0","0","2","0","2024-01-06 16:07:31"
"509","1",,,"IMPORTER","SAMSARA","The Old Vicarage, Church Lane020 3077 5880, Corse, Gloucester GL19 3BX, UK","230","0","0","-","-","-","-","-","-","+44 1386 422922","-",,,"0","0","24","2","0","2024-01-06 16:07:31"
"510","1",,"-","IMPORTER","PW NUTRIFEED SDN BHD","Plot 31 Lorong Perindustrian Bukit Minyak 9 Taman Perindustrian Bukit Mertajam,  14100 Malaysia","132","0","0","-","-","-","-","-","-","6045081088 ,60-45081099","-",,,"0","0","24","2","0","2024-01-06 16:07:31"
"511","1",,,"IMPORTER","DHOFAR CATTLE FEED SAOG","Dhofar Cattle Feed Co, (SAOG)., Feed Mill Division, P.O.Box 298, Raysut,  Salalah 211,  Sultanate of Oman","165","0","0","-","-","-","-","-","-","00968 23219074 / 232",,,,"0","0","25","2","0","2024-01-06 16:07:31"
"512","1",,"-","IMPORTER","OMANI NATIONAL LIVESTOCK DEVELOPMENT CO.","3rd Floor P.O.Box 2875 Salalah,  211 Oman","165","0","0","-+968 2321 9101","-","Marketing@onld.om","-","-","-","968 23297710 (+968-9","-",,,"0","0","0","2","0","2024-01-06 16:07:31"
"513","1",,,"IMPORTER","TOP STEP DEVELOPMENT LTD.","ROOM 1705-6, PRESIDENT COMMERCIAL CENTRE, 608, NATHAN ROAD, MONGKOK, Kowloon Hong Kong,","98","0","0","-","-","-","-","Mr. Peter Chan","-","852--62947617","-",,,"0","0","24","2","0","2024-01-06 16:07:31"
"514","1",,"PALLAVI MALAYSIA","IMPORTER","GOLDEN COIN FEEDMILLS (M) SDN BHD","Jalan Parang Loh Pelabuhan Utara Pelabuhan Klang Malaysia","132","0","0","bcontactu","-","-","-","-","-","60-3-3176-7311","-",,,"0","0","0","2","0","2024-01-06 16:07:31"
"515","1",,"OLD SOFTWARE DATA","IMPORTER","HOE SENG CHAN CO SDN BHD","Lot 249 Kawasan Perindustrian Tangga Batu Melaka, 76400 Malaysia","132","0","0","bcontactu","-","-","-","Mr. Song","song@hoesengchan.com.my"," 60-63514751","-",,,"0","0","0","2","0","2024-01-06 16:07:31"
"516","1",,,"IMPORTER","JAMANIS SDN BHD ","2472 Tgkt Perusahaan Dua Kaw Perusahaan Prai 13600 Prai Penang Malaysia","132","0","0","-","-","-","-","-","-","604-390 7512","-",,,"0","0","24","2","0","2024-01-06 16:07:31"
"517","1",,,"IMPORTER","ABDUL RAHMAN SULHAIL FOR GENERAL TRADING ","Al Meena Street Hodeidah Yemen","243","0","0","-","-","-","-","-","-","9673214963","-",,,"0","0","24","2","0","2024-01-06 16:07:31"
"518","1",,,"IMPORTER","BOH MING TRADING SND BHD","NO. 31, A-B ,1ST FLOOR, JALAN TAPAH, 9600 SIBU, SARAWAK ,MALAYSIA","132","0","0","-","-","-","-","-","-","084 34 5751","-",,,"0","0","24","2","0","2024-01-06 16:07:31"
"519","1",,,"IMPORTER","FINLAYS  FRESH PRODUCE UK LTD.","FLAMING HOUSE, COCKERELL CLOSE STEVEAGE SG1 2ND UK EORI # GB 794339018000","230","0","0","-","-","michaela.halse@finlays.net","http://www.finlays.net/","-","http://www.finlays.net/"," 44-1-438-3750","-",,,"0","0","24","2","0","2024-01-06 16:07:31"
"520","1",,,"IMPORTER","WHA HUNG TRADING SND BHD","No. 27, 1st Floor, Long Bridge Road, 96000, Sibu, Sarawak Sarawak, Malaysia","132","0","0","-","-","-","-","-","-","084-325 605","-",,,"0","0","24","2","0","2024-01-06 16:07:31"
"522","1",,"-","IMPORTER","ASIA VETERINARY SND BHD ","2722, MK 15, Jalan Kulim, 14000, Bukit Mertajam, Pulau Pinang, 14000, Malaysia","132","0","0","-","-+60 17-401 6888","-","-","ONG","-","+60 4-502 8888","-",,,"0","0","65","2","0","2024-01-06 16:07:31"
"524","1",,"OLD DATA","IMPORTER","GREAT WELL ENT. CO. LTD.","No.3, Niaosong 2nd St., Yongkang Dist., Tainan City, Taiwan ","214","0","0","bcontactu","-","nancywu@ms.greatwall.com.tw","-","Hsu","nancywu@ms.greatwall.com.tw","886-6-2531111","-",,,"0","0","0","2","0","2024-01-06 16:07:31"
"525","1",,,"IMPORTER","TOYOTA TSUSHO CORPORATION"," 4 Chome-9-8 Meieki, Nakamura Ward, Nagoya, Aichi Prefecture 450-0002, Japan","109","0","0","-","-","-","-","-","-"," +81 52-584-5000",,,,"0","0","25","2","0","2024-01-06 16:07:31"
"527","1",,,"IMPORTER","MARKEN TRADING ","2nd Floor, Lounico Building, JP Rizal Avenue, Cabuyao, Laguna, Philippines","173","0","0","-","-","-","-","-","-","049-576 6734",,,,"0","0","25","2","0","2024-01-06 16:07:31"
"528","1",,,"IMPORTER","TAIPEI FUBON COMMERCIAL BANK TRADING CO. LTD. ","7th floor, no. 390,sec. 1, fuhsing hsing s. road, taipei, taiwan ","214","0","0","-","-","-","www.fubon.com","-","-","27033856",,,,"0","0","25","2","0","2024-01-06 16:07:31"
"529","1",,,"IMPORTER","QATAR INTERNATIONAL ISLAMIC BANK ","AL-QATARIA C. RING ROAD. AL REHAB COMPLE, GATE #1, OFFICE# 4, PO. BOX. 22344, DOHA, QATAR","178","0","0","-","-"," Info@qiib.com.qa","http://www.qiib.com.qa/","-"," Info@qiib.com.qa","(+974) 4484 0000",,,,"0","0","25","2","0","2024-01-06 16:07:31"
"530","1",,,"IMPORTER","M/S NON SHENG CO.LTD. ","21, Huan Chiu Rd., Kaohsiung City, Taiwan ","214","0","0","-","-","non.sheng@msa.hinet.net","http://www.nonsheng.com.tw","Ms. Jenny Wang","non.sheng@msa.hinet.net"," 886-7-6951121",,,,"0","0","25","2","0","2024-01-06 16:07:31"
"531","1",,,"IMPORTER","TURN BEST TRADING CO. LTD. ","1F. NO. 453, DAPUMEI, DALIN TOWNSHIP CHIAYI COUNTRY 622, TAIWAN","214","0","0","-","-","-","-","-","-","88652956007",,,,"0","0","24","2","0","2024-01-06 16:07:31"
"532","1",,,"IMPORTER","M/S. QL FEED SND BHD ","16A, Jalan Astaka U8/83 Bukit Jelutong Shah Alam, 40150 Malaysia","132","0","0","-","-","threddleyap@ql.com.my/","www.ql.com.my/","-","threddleyap@ql.com.my/","60378012288",,,,"0","0","24","2","0","2024-01-06 16:07:31"
"533","1",,,"IMPORTER","DEKSEN ENT. PTE. LTD"," 9 Yio Chu Kang Rd, Singapore 545523","196","0","0","-","-","-","-","-","-","6562871383",,,,"0","0","24","2","0","2024-01-06 16:07:31"
"534","1",,,"IMPORTER","MUSALLAM TRADING EST. ","FLAT1, JASSARY BLD, BAZ ST., CRATER, PO BOX. 4555 ADEN, REPUBLIC OF YEMEN","243","0","0","-","-","mus123@yemen.net.ye","http://musallamtrading.co/","-","mus123@yemen.net.ye","+967-3-219791",,,,"0","0","24","2","0","2024-01-06 16:07:31"
"535","1",,,"IMPORTER","NASR MOHEMMED SINAN AL MATHANY","Near The Great Mosque, Bab Moshrif Street Hodeidah, Yemen","243","0","0","-","-","-","-","-","-","967-777227586",,,,"0","0","24","2","0","2024-01-06 16:07:31"
"536","1",,,"IMPORTER","DBLE FORTUNE LIVE STOCK CO. LTD. ","21, Lane 132, Ho Tsou St., San Tsun Li, Taichung City, 42057 Taiwan","214","0","0","-","-","-","-","-","-","886425613877",,,,"0","0","24","2","0","2024-01-06 16:07:31"
"537","1",,,"IMPORTER","JAEGER TAIWAN CEREAL CO. LTD.","1F, No.106-7, Hu Mei St., Tainan City","214","0","0","-","-","jaeger.tw@msa.hinet.net","-","-","jaeger.tw@msa.hinet.net","+886-6-2055117",,,,"0","0","24","2","0","2024-01-06 16:07:31"
"538","1",,,"IMPORTER","SHARJAH ISLAMIC BANK ROYAL WINGS FOODS STUFF TRADING LLC"," Al Ras, Deira, Dubai, 122809 Country: United Arab Emirates","229","0","0","-","-"," kaanti@gmail.com","http://royalwings-3048734.en.gongchang.com","-"," kaanti@gmail.com","+971 508 190018",,,,"0","0","0","2","0","2024-01-06 16:07:31"
"540","1",,,"IMPORTER","SAN MIGUEL FODS INC.","MT Corporate Condominium  ADB Avenue, Ortigas Center,  Pasig City, Philippines ","173","0","0","-","-","-","-","-","-","(632) 317-5000",,,,"0","0","24","2","0","2024-01-06 16:07:31"
"541","1",,"OLD DATA","IMPORTER","RACOES GALRAO S.A.","Estrada Nacional nº 8 - Edifício Galrão  2665-258 MALVEIRA Portugal","176","0","0","bcontactu","-","-","-","-","casa.galrao@gmail.com","+351 21 966 8540","-",,,"0","0","0","2","0","2024-01-06 16:07:31"
"543","1",,,"IMPORTER","JULU ENT.","Dumoy, Toril, Davao City, Davao del Sur, Philippines","173","0","0","-","-","-","-","-","-","63 82 291 1790",,,,"0","0","24","2","0","2024-01-06 16:07:31"
"544","1",,,"IMPORTER","UNAHCO. INC","#17 Sheridan, Mandaluyong, Metro Manila, Philippines","173","0","0","-","-","-","-","-","-","+63 2 818 1000",,,,"0","0","24","2","0","2024-01-06 16:07:31"
"545","1",,,"IMPORTER","AQ HOLDINNES (PTY) LTD","Stanger Kzn South Africa 4450","202","0","0","-","-","-","-","-","-","+27 (32) 552 2950",,,,"0","0","24","2","0","2024-01-06 16:07:31"
"546","1",,"OLD DATA","IMPORTER","FODDER KING TRADING LLC. ","PO Box 1862 Dubai United Arab Emirates","229","0","0","bcontactu","-","-","-","-","-","+971551587755","-",,,"0","0","0","2","0","2024-01-06 16:07:31"
"547","1",,,"IMPORTER","TENNESSEE FEEDMILL INC. ","Pleasant homes, corner, villa christina, punta princesa, cebu city philippines","173","0","0","-","-","-","-","-","-","02 2733486",,,,"0","0","12","2","0","2024-01-06 16:07:31"
"548","1",,"OLD DATA","IMPORTER","SAMIR MOHAMMED ASSEL EST.","Po Box 40603, 11511 Riyadh, saudi arabia","191","0","0","-","-","-","-","-","-","-","-",,,"0","0","0","2","0","2024-01-06 16:07:31"
"549","1",,,"IMPORTER","NEW FOOD INDUSRTY ","LOC CREOCIONI 43/A , 37012 BUSSOLENGO VERONA ITALY","107","0","0","-","-","info@newfoods.it","www.newfoods.com","-","info@newfoods.it","390456768600",,,,"0","0","21","2","0","2024-01-06 16:07:31"
"550","1",,,"IMPORTER","MCKEN SALES INTERNATIONAL CORPORATION."," 33 West Avenue, Quezon City, Philippines","173","0","0","-","-","ken@mckensales.com","www.mckensales.com","-","ken@mckensales.com","6323746818",,,,"0","0","2","2","0","2024-01-06 16:07:31"
"551","1",,,"IMPORTER","ISTANBUL FOODSTUFF TRADING CO. LLC.","P.O.Box: 22846, Sharjah,  UAE","229","0","0","-","-","-","-","-","-","5335459",,,,"0","0","3","2","0","2024-01-06 16:07:31"
"552","1",,,"IMPORTER","ZHUMADIAN TINZHI FOODSTUFF CO. LTD.","No.16, The South Of Linge Section O Zhumadian, 463000 China","44","0","0","-","-","-","-","Mr. ZHUMADIAN","-","86-396-2206755",,,,"0","0","1","2","0","2024-01-06 16:07:31"
"553","1",,,"IMPORTER","TASHERUKIAT AL BEDAYA AL JADEEDA FOR IMPORT.","LIBYA","124","0","0","-","-","-","-","-","-","002189137344",,,,"0","0","2","2","0","2024-01-06 16:07:31"
"554","1",,,"IMPORTER","OTAIBI & ABDO SUPERMARKET CO. ","building 32, office 9, 2nd Velosipedny Lane, 200094, Minsk, Belarus","20","0","0","-","-","info@otaibiabdo.com","http://www.otaibiabdo.com/","-","info@otaibiabdo.com","-","-",,,"0","0","0","2","0","2024-01-06 16:07:31"
"555","1",,,"IMPORTER","SARL MT DISTRIBUTION IMPORT EXPORT ","Cooperative Lotissement Ennadjah Alger, Algeria, CITE JOLIE VUE 1216, LOGTS BT, 27BN 02 KOUBA, ALGER, ALGERIA","3","0","0","-","-","-","-","-","-","+213 21447582",,,,"0","0","2","2","0","2024-01-06 16:07:31"
"557","1",,,"IMPORTER","AL SMA COMPANY FOR IMPORT AND EXPOR","30, Gamal Edin Eshayal st Cairo Nasr City Egypt","64","0","0","-","-","-","-","-","-","022 0100516665",,,,"0","0","2","2","0","2024-01-06 16:07:31"
"558","1",,,"IMPORTER","KREMLIN TRADE INTERNATIONAL LLC ","Radlicka 19/1, 150 00 Praha 5 Czech Republic ","57","0","0","-","-"," edita.koenig@kremlin-ebusiness.cz ","-","-"," edita.koenig@kremlin-ebusiness.cz ","+420-2-57320806",,,,"0","0","2","2","0","2024-01-06 16:07:31"
"559","1",,,"IMPORTER","JAMIL SHEHAB & PARTNERS CO. ","SUKHNAH STREET , ZARQA CITY, JORDON","111","0","0","-","-","ahmadshihab29@yahoo.com","-","-","ahmadshihab29@yahoo.com","96253845249",,,,"0","0","2","2","0","2024-01-06 16:07:31"
"560","1",,,"IMPORTER","K-EKO TRADING SRL","romania","180","0","0","-","-","-","-","-","-","4213266061",,,,"0","0","2","2","0","2024-01-06 16:07:31"
"561","1",,,"IMPORTER","SUNBLEST COMMODITIES INC.","unit # 101, 366 east kent avenue south vancouver, b.c. v5x 4n6","38","0","0","-","-","sales@sunblast.ca","www.sunblast.ca","-","sales@sunblast.ca","604-322-2380",,,,"0","0","2","2","0","2024-01-06 16:07:31"
"562","1",,,"IMPORTER","M/S. MELAD GENERAL TRADING COMPANY ","P BOX. 64474, DUBAI, UAE ","229","0","0","-","-","sajiv@rocmet.com","-","sajiv shrivastva ","sajiv@rocmet.com","042266180",,,,"0","0","2","2","0","2024-01-06 16:07:31"
"563","1",,,"IMPORTER","CHAISERI CO. LTD.","315, chaing mai, lamphun road, tambol nongpueng, amphur sarapee  chiangmai, thailand","217","0","0","-","-","-","http://chaiseri-defense.com/","-","-","(66)22722191-8",,,,"0","0","2","2","0","2024-01-06 16:07:31"
"564","1",,,"IMPORTER","CORPORATIONDELICO CIA LTD.","Km 2,5 Via Duran - Tambo, Guayas, Ecuador","63","0","0","-","-","-","-","-","-","+593 4-2813949",,,,"0","0","2","2","0","2024-01-06 16:07:31"
"565","1",,,"IMPORTER","M/S SAUDI TRADING COMPANY ","PO BOX 383, RIYADH 11411, K.S.A. ","191","0","0","-","-","-","-","-","-","966 012 647 0000",,,,"0","0","2","2","0","2024-01-06 16:07:31"
"566","1",,,"IMPORTER","ALIMENTOS LIQUIDOS INDUSTRIAL S.A.","PARQUE COMERCIAL LOS CEDROS KM 17 AUTOPI STA DUARTE LOS ALCARRIZONS N/A SANTO SOMINGO, REPUBILC","61","0","0","-","-","-","-","-","-","809-372-1259",,,,"0","0","2","2","0","2024-01-06 16:07:31"
"567","1",,,"IMPORTER","M/S. ABLE SALES CO. INC.","PO Box 11946 San Juan, PR 00922-1946  , PUERTO","177","0","0","-","-","info@ablesales.com","http://www.ablesales.com/","-","info@ablesales.com","(787) 620-4141",,,,"0","0","2","2","0","2024-01-06 16:07:31"
"568","1",,,"IMPORTER","SHEIKH ALARAB FOR FOOD TRADING ","MOUKABALEEN, Jerusalem street, near by motaa hall Amman, JORDON","111","0","0","-","-","-","-","-","-","962795241261",,,,"0","0","2","2","0","2024-01-06 16:07:31"
"569","1",,,"IMPORTER"," ZAMZAM BROS TRADING CO."," Zamzam Complex, Zanubia St 37, Amman 11118, Jordan","111","0","0","-","-","info@zamzam.com.jo","www.zamzam.com.jo","YOUSEF M. ZAMZAM","info@zamzam.com.jo","962 06 4894640",,,,"0","0","2","2","0","2024-01-06 16:07:31"
"570","1",,,"IMPORTER","GREAT LAKES INTERNATIONAL TRADING INC.","858 Business Park Dr, Traverse City, MI 49686., USA","231","0","0","-","-","glit@glit.com","www.glit.com","-","glit@glit.com","1 231 947 2141",,,,"0","0","40","2","0","2024-01-06 16:07:31"
"571","1",,,"IMPORTER","TAYSEER ARAR TRADING CO.LLC.","PO BOX NO. 26223, DUBAI ,UAE","229","0","0","-","-","-","HTTP/:WWW.TAYSEERARAR.COM","-","-","97148859580",,,,"0","0","40","2","0","2024-01-06 16:07:31"
"572","1",,,"IMPORTER","ARBAN AREEJ TRADING EST. ","building 1386, road - 4046. alduraz 540, po box 3108, budiya bahrain","17","0","0","-","-","areej@batelco.com.bh","www.areejtrading.com","-","areej@batelco.com.bh","+973-17877042","-",,,"0","0","40","2","0","2024-01-06 16:07:31"
"573","1",,,"IMPORTER","ALMACENES VACA, S.A. DE. C.V. A.V.","Av San Miguel de Allende No 827-A Cd Industrial Irapuato, 36541 Mexico","142","0","0","-","-","-","-","-","-","52-46-2623-6190",,,,"0","0","12","2","0","2024-01-06 16:07:31"
"574","1",,,"IMPORTER","UPLAND STOCK FEEDSINE ","P.L. Sanchez Street, Greenview Subdivision Mandaue, Cebu, 6014 Philippines","173","0","0","-","-","-","-","-","-","+63-324221403 ",,,,"0","0","12","2","0","2024-01-06 16:07:31"
"575","1",,"OLD DATA","IMPORTER","LONG WELEARE INDUSTRIAL CO. LTD. ","2F, 161 Chung Chen 1St. Rd., Kaohsiung","214","0","0","bcontactu","-","sun.better8@msa.hinet.net","-","senty ","sunpetter@outlook.com","+886-7-7163306","-",,,"0","0","0","2","0","2024-01-06 16:07:31"
"576","1",,,"IMPORTER","PERKHIDMATAN KARGO TUMPATAN SND.","3 1/2 Miles Pulau Gadong Melaka, 75200 Malaysia","132","0","0","-","-","-","-","-","-","60-63357285",,,,"0","0","24","2","0","2024-01-06 16:07:31"
"578","1",,,"IMPORTER","WESTLAND HORTICULTURE LTD.","KELLEYTHORPE, UNIT 3, KELLEYTHORPE INDUSTRIAL ESTATE, PEXTON ROAD, DRIFFIELD, EAST YORKSHIRE, YO25 9FR","230","0","0","-","442887727500","rgreenwood@westlandhorticulture.com","WWW.GARDENHEALTH.COM","-","KSTEPHENSON@WESTLANDHORTIC","442887727500",,,,"0","0","10","2","0","2024-01-06 16:07:31"
"579","1",,,"IMPORTER","PROGRESSIVE POULTRY SUPPLY COR.","1013 EDSA, PROJECT 7, QUEZON CITY, 1005 PHILIPPINES","173","0","0","6323734051","6323741331","info@progressive.com.ph","http://www.progressive.com.ph/","MISS JINKEY","JINKY@PROGRESSIVE.COM.PH","(632) 372-3636 / 37","-",,,"0","0","31","2","0","2024-01-06 16:07:31"
"580","1",,,"IMPORTER","KRAUTER MIX GMBH ","Wiesentheider Str. 4, 97355 Abtswind, Germany","82","0","0","-","-"," info(at)kraeuter-mix.de"," www.kraeuter-mix.de","-"," info(at)kraeuter-mix.de","49 9383 / 204-0",,,,"0","0","51","2","0","2024-01-06 16:07:31"
"581","1",,,"IMPORTER","CHAROEN POKPHAND ENTERPRISE (TAIWAN) CO., LTD.","17F, No. 87, Sung Chiang Road Jhongshan District TAIPEI ,taiwan","214","0","0","-","-","server@cptwn.com.tw","-","Mr.shirley234","server@cptwn.com.tw","886-2-25077071",,,,"0","0","24","2","0","2024-01-06 16:07:31"
"582","1",,,"IMPORTER","T.FUTTER COMMODITIES  LIMITES","ELVIN LODGE, 3 ELVIN ROAD, EAST BEREHAM, NORFOLK UK","229","0","0","-","-","-","-","-","-","0044-1362-638300",,,,"0","0","24","2","0","2024-01-06 16:07:31"
"583","1",,,"IMPORTER","SIFSY TRADING","State Investment Center, 333 Juan Luna St, Binondo, Manila, Metro Manila, Philippines","173","0","0","-","-","-","-","-","-","63 2 244 0392",,,,"0","0","12","2","0","2024-01-06 16:07:31"
"584","1",,,"IMPORTER","PENTA TRADING B.V.","Ceresstraat 13, 4811 CA Breda, Netherlands","155","0","0","-","-","-","-","-","-"," +31 76 543 6925",,,,"0","0","11","2","0","2024-01-06 16:07:31"
"585","1",,"-","IMPORTER","ENG SHENG SND BHD","Lot 11 Persiaran Sabak Bernam Section 26 (HICOM) Shah Alam 40400 Selangor, MALAYSIA","132","0","0","-","-","inquries@engsheng.com","http://www.engsheng.com/","purchasing@engsheng.com","inquries@engsheng.com","+603 5192 6688","-",,,"0","0","0","2","0","2024-01-06 16:07:31"
"586","1",,"OLD DATA","IMPORTER","M/S. AL OMRANIA TRAINING  EST","P.O. Box 2600 Riyadh 11461 Saudi Arabia ","191","0","0","-","+966 13 8386665","-","http://www.omrania.com/","-","-","966 11 2922260","-",,,"0","0","0","2","0","2024-01-06 16:07:31"
"587","1",,"OLD DATA","IMPORTER","BAKO ZENTRALE SUDDEUTSCHLAND S.G."," landeszentrale, benzstrasse 3d 68526, landenburg a, ngckar, germany","82","0","0","bcontactu","-","-","www.baekosued.de","DENNA","-","+49620310010","-",,,"0","0","0","2","0","2024-01-06 16:07:31"
"588","1",,"-","IMPORTER","AL NAMLAH & COMPANY FOR TRADING & SERVICES LTD.","Hail Street Ruwais Area Jeddah, 21511 Saudi Arabia","191","0","0","-","-","-","-","-","namlahco@namlahco.com","966 12 651 7778","-",,,"0","0","0","2","0","2024-01-06 16:07:31"
"589","1",,,"IMPORTER","SIK YONG HONG PRODUCE CO. LTD.","1833/1-1833/2 THANON RIM THANG ROT FAI SAI PAK NAM KHLONG TON, KHLONG TOEI, BANGKOK","217","0","0","-","-","-","-","-","-","662218116",,,,"0","0","2","2","0","2024-01-06 16:07:31"
"590","1",,,"IMPORTER","M/S. FRESH FARM LTD."," Banner Hill, Rouncil Lane, Kenilworth CV8 1NN, United Kingdom","230","0","0","-","-","farmersfresh@farmersfresh.co.uk ","http://www.farmers-fresh.com/","-","farmersfresh@farmersfresh.co.uk ","01926 853211",,,,"0","0","2","2","0","2024-01-06 16:07:31"
"591","1",,,"IMPORTER","THYE HUAT CHAN SND BHD ","2519, Jalan Megat Harun,  14000 Bukit Mertajam, Penang, MALAYSIA","132","0","0","-","-"," cs@thc.com.my","http://www.thc.com.my/","-"," cs@thc.com.my","+6 (04) 5371111 ",,,,"0","0","2","2","0","2024-01-06 16:07:31"
"592","1",,"OLD DATA","IMPORTER","NIENG NOONG TRADING CO. LTD.","22, Alley 24, Lane 803, Fu Hsing Rd., Hsinying City, Tainan City, taiwan","214","0","0","bcontactu","-","hsuwanlin@yahoo.com","-","judy","hsuwanlin@yahoo.com","+886-6-6523449","-",,,"0","0","0","2","0","2024-01-06 16:07:31"
"593","1",,"OLD SOFTWARE DATA","IMPORTER","TRANS-MILLENNIUM MERCANTLE CORP.","4th Floor Narra Building, Pasong Tamo Extension, Makati City, Metro Manila 1231 Philippines","173","0","0","bcontactu","-","-","http://www.tmmc.com.ph/","-","info@tmmc-group.com","(632) 892-8508, 815-","-",,,"0","0","17","2","0","2024-01-06 16:07:31"
"594","1",,,"IMPORTER","ABASTOS TELENO,A.S. DE. C.V. "," Av. 4 Poniente 1504, Centro, 72000 Puebla, Pue., Mexico","142","0","0","-","-","-","-","-","-","+52 222 462 1200",,,,"0","0","11","2","0","2024-01-06 16:07:31"
"595","1",,,"IMPORTER","AL BARAKA D'ALGENCE KOUBA ","Hai Bouteldja Houidef, Villa No.1, Rocade Sud, Ben Aknoun, Algiers, Algeria","3","0","0","-","-","-","http://www.albaraka.com/","Mr. Mohamed Seddik Hafid","-","213 23 38 12 73",,,,"0","0","2","2","0","2024-01-06 16:07:31"
"596","1",,"Pallavi  Singapore","IMPORTER","OH AIK GUAN FOOD IND. PTE LTD.","54, Senoko Drive, Singapore 758234","196","0","0","bcontactu","-","gobal.sales@puresesameoil.com","http://www.puresesameoil.com/","-","info@puresesameoil.com","65 6754 4028","-",,,"0","0","0","2","0","2024-01-06 16:07:31"
"597","1",,,"IMPORTER","YAMA MOTO KANPOH SPAIN","11/28, Imam Hassan Street, Jodia Bazar, Karachi-Pakistan. ","166","0","0","-","-","-","http://generalimpex.net/","-","-","32524961",,,,"0","0","0","2","0","2024-01-06 16:07:31"
"598","1",,,"IMPORTER","GLOBAL GRAINS TRADING CO.","Shemaisani, Yousif Ben Tashfeen St. Al Ber Complex building 88, 4th floor.JORDON","111","0","0","-","-","-","-","-","-","96265667191",,,,"0","0","21","2","0","2024-01-06 16:07:31"
"600","1",,,"IMPORTER","AGRO TRADE INTERGATED VENTURES CORP."," Lot 1556-B, Barrio Sto. Tomas, Sta. Maria, Bulacan PHILLIPINES","173","0","0","-","-"," info@agrotradeinc.com","http://agrotradeinc.com/","-"," info@agrotradeinc.com"," +63 44 288 2189",,,,"0","0","10","2","0","2024-01-06 16:07:31"
"601","1",,,"IMPORTER","GREEN HORSE AGRI-SEEDS COMPANY","RM 506 BURKE BLDG, BURKE ST COR ESCOLTA ST. BINONDO, MANILA","173","0","0","-","-","-","-","-","-","-",,,,"0","0","21","2","0","2024-01-06 16:07:31"
"604","1",,,"IMPORTER","BIRDSORI INC.","164,DURE-RO, MAENGDONG-MYEON, EUMSEONG-GUN, CHUNGBUK","116","0","0","+82 43 883 8696","-","shim8807 [shim8807@nate.com]","-","Shim","shim8807 [shim8807@nate.com]","82-51-627-4546",,,,"0","0","12","2","0","2024-01-06 16:07:31"
"605","1",,,"IMPORTER","F & A FOODS (PVT) LTD.","No.160, 4th Cross Street, Colombo - 11. Sri Lanka.","206","0","0","+94112322979","-","Aadhil Mihlar [aadhilmihlar@gmail.com]","-","Aadhil Mihlar","Aadhil Mihlar [aadhilmihlar@gmail.com]","+94112322979",,,,"0","0","55","2","0","2024-01-06 16:07:31"
"606","1",,"OLD DATA","IMPORTER","ABDUL AZIZ HAMAD AL-FARES & SONS CO.","P.O.BOX :370, DAMAM- 31411, K.S.A.","191","0","0","-","(+966) 13 8332029"," suresh@alfares.sa","-","Suresh Kumar"," suresh@alfares.sa","(+966) 12 2683799","-",,,"0","0","0","2","0","2024-01-06 16:07:31"
"607","1",,,"IMPORTER","S.S.FEED","SUITE # 603, 6TH FLOOR, SHARJHA TRADE CENTER, ALTAF HUSSAIN ROAD, NEW CHALLI , KARACHI, PAKISTAN ","166","0","0","923209206871","-","Shahzaib Memon [globifycommodities@gmail.com]","-","Shahzaib Memon ","Shahzaib Memon [globifycommodities@gmail.com]","923209206871",,,,"0","0","21","2","0","2024-01-06 16:07:31"
"608","1",,,"IMPORTER","GALAXY FOOD","135 5 TH CROSS STREET, COLOMBO 11 SRILANKA","206","0","0","+94112380130 / 1","-","Galaxy Foods [galaxyfoods135@gmail.com]","-","NIRANJA PUNCHIHEWA"," galaxyfoods135@gmail.com","+94773075067",,,,"0","0","48","2","0","2024-01-06 16:07:31"
"609","1",,,"IMPORTER","N.S.K. TRADING COMPANY","3/3A, DE FONESEKA PLACE, COLOMBO 04, SRILANKA","206","0","0","0094714118462","-","nsksentha@gmail.com","-","NSK","nsksentha@gmail.com","0094714118462",,,,"0","0","48","2","0","2024-01-06 16:07:31"
"610","1",,"OLD SOFTWARE DATA","IMPORTER","SARL JEAN-CHARLES RENAUDAT -  ","LES CHAUMES - 18370 BEDDES NO. TVA : FR 29391369527","75","0","0","bcontactu","-","_","-","VICTOR","ZR18@LIVE.SR","+33611256106","-",,,"0","0","0","2","0","2024-01-06 16:07:31"
"611","1",,,"IMPORTER","PET MART","JAL EI DIB SEASIDE ROAD LEBANON","121","0","0"," 0096179181818","-","pascale@petmartlb.com","-","Pascale khattar","pascale@petmartlb.com"," 0096179181818",,,,"0","0","11","2","0","2024-01-06 16:07:31"
"612","1",,,"IMPORTER","GRAINES LORAS,","AVENUE DE LA POTERIE BP NÂ° 50 -69890 LA TOUR DE SALVAGNY N TVA : FR 40963502141","75","0","0","+33.385.345.678","-","Lucie MORICONI - Dalsace FrÃ¨res [dalsace@dalsace.","-","Lucie Moriconi. ","Lucie Moriconi [luciemoriconi.dalsace@gmail.com]","+33.385.345.678",,,,"0","0","21","2","0","2024-01-06 16:07:31"
"613","1",,"OLD DATA","IMPORTER","AHMED G ALGHAMDI N BROS CO.,","P.O. BOX NO. 4550, DAMMAM â€“ 31412 SAUDI ARABIA","191","0","0","-","-","-","-","suresh","-","+966 13 8507777","-",,,"0","0","0","2","0","2024-01-06 16:07:31"
"614","1",,,"IMPORTER","RTS FOOD","69 FIFTH CROSS STREET COLOMBO, 11 SRILANKA","206","0","0","+94112387230.","-","RTS FOODS [rtsfoods@gmail.com]","-","Mr. pathmanthan","RTS FOODS [rtsfoods@gmail.com]","+94112387231",,,,"0","0","48","2","0","2024-01-06 16:07:31"
"615","1",,,"IMPORTER","ALSO SRL","S.S. 114 KM, 4260 â€“ 98125 MESSINA, ITALY","107","0","0","+39 090 632636","-","[sandy.sorrenti@alsoitalia.it]","-","Sandy Sorrenti","[sandy.sorrenti@alsoitalia.it]","+39 329 1642044",,,,"0","0","9","2","0","2024-01-06 16:07:31"
"616","1",,,"IMPORTER","JET BEST ANIMAL NUTRITION AND HEALTH CARE INC.","NATIONAL ROAD, MARAOUY LIPA CITY, BATANGAS","173","0","0","632-7426763",," [rmaquino1223@gmail.com]","-","MYLENE M. AQUINO"," [rmaquino1223@gmail.com]","63 9195215159",,,,"0","0","9","2","0","2024-01-06 16:07:31"
"617","1",,,"IMPORTER","JOHN TUTT LTD TRADING AS NEWTON SEED","78 LEONARD RD,MT WELLINGTON, AUCKLAND,NEW ZEALAND","157","0","0","6496364918","-","[john@newtonseed.co.nz]","-","John Tutt","[john@newtonseed.co.nz]","6496364918",,,,"0","0","9","2","0","2024-01-06 16:07:31"
"618","1",,"OLD DATA","IMPORTER","P.H. PETERSEN ","SAATZUCHT  LUNDSGAARD GMBH STREICHMUHLER  STR. 8 A- 24977 GRUNDHOF ALLEMAGNE NO. TVA: DE283790406","82","0","0","bcontactu","-","Lucie MORICONI - Dalsace FrÃ¨res <dalsace@dalsace.","-","Lucie MORICONI","dalsace@dalsace.com  service@phpetersen.com","+49 4636 890","-",,,"0","0","0","2","0","2024-01-06 16:07:31"
"619","1",,"OLD SOFTWARE DATA","IMPORTER","SIFSAM TRADING,  ","UNIT 501,STATE CENTER BUILDING,    333 JUAN LUNA STREET,    BINONDO,MANILA,PHILIPPINES.  ","173","0","0","bcontactu","+63-22445058","-","-","Lucie MORICONI ","-","623413316","-",,,"0","0","0","2","0","2024-01-06 16:07:31"
"620","1",,,"IMPORTER","CEREALS ANOIA, S.L.","CARRER NICOLAU COPÃˆRNIC, 40 08787 LA POBLA DE CLARAMUNT (BCN)","205","0","0","00 34 93 808 7105","-","cereals@cerealsanoia.com","-","Mr. Salvador","cereals@cerealsanoia.com","00 34 93 808 7105",,,,"0","0","26","2","0","2024-01-06 16:07:31"
"621","1",,"PALLAVI BRAZIL","IMPORTER","MUNDIAL IMPORTACAO E EXPORTACAO - EIRELI","RUA ASSIS CHATEAUBRIAND 7744 - GALPAO - BAIRRO: ESPERANCA DA COMUNIDADE PORTO VELHO - RO - BRASIL.","30","0","0","+55 11 4305-2999","(11) 3311-0215","sandor@uol.com.br, daniela@representacoespinheiro.",".....","DANIELA","daniela@representacoespinheiro.com.br","(11) 3311-0215","-",,,"0","0","11","2","0","2024-01-06 16:07:31"
"622","1",,"PALLAVI BRAZIL","IMPORTER","AGRO SIILVA","COM. IMP.E EXP.DE CEREAIS EIRELI AL.CORONEL ELISIO PEREIRA S/N-BLOCO B,AL.CORONEL ELISIO PEREIRA S/N-BLOCO B,SALA 3,ESTRADINHA PARANAGUA-PR-BRAZIL","30","0","0","bcontactu","(11) 3311-0215","sandor@uol.com.br","sandor@uol.com.br","DANIELA","daniela@representacoespinheiro.com.br","(11) 3311-0215","-",,,"0","0","0","4","0","2024-01-06 16:07:31"
"623","1",,,"IMPORTER","KWILA COMPANY","SOAQ AL JOMA- FRANAG VILLAGE SOKENY 199 TRIPOLI-LIBYA","124","0","0","0218-925663033","218912156267","albashak.company@gmail.com","albashak.company@gmail.com","Albashak company ","albashak.company@gmail.com","0218925663033",,,,"0","0","17","4","0","2024-01-06 16:07:31"
"624","1",,,"IMPORTER","INDO AFRICA IMPEX","349 BOUNDARY ROAD WALKERSERUITEARMS,DE DEUR,SOUTH AFRICA","203","0","0","27 16 590 4249","27 16 590 4249","mailto:jassatmj@mweb.co.za",".....","Mr. Mohommad Jasat","mailto:jassatmj@mweb.co.za","27 16 590 4249",,,,"0","0","55","4","0","2024-01-06 16:07:31"
"625","1",,,"IMPORTER","ONE PRIME LEGACY","romilyn.aquino@yahoo.com / rmaquino1223@gmail.com","173","0","0","632 7426763","-","romilyn.aquino@yahoo.com / rmaquino1223@gmail.com",".....","Mylene Aquino","romilyn.aquino@yahoo.com / rmaquino1223@gmail.com","63908 896 2238 / +63",,,,"0","1","71","4","0","2024-01-06 16:07:31"
"626","1",,,"IMPORTER","AGT POORTMAN","A.Poortman (London) Ltd AGT Poortman","230","0","0","-","442072645020","KSmith@poortman.com,TRADING@POORTMAN.COM","www.poortman.com","MS. KELLY SMITH,MR KEITH PEARCE ","KSmith@poortman.com,KPEARCE@POORTMAN.COM","4407815 737788,442072645020","-",,,"0","0","0","2","0","2024-01-06 16:07:31"
"627","1",,,"IMPORTER","GFOODS S.R.L.","VIA ASTALONGA,7-9, 80047 SAN GIUSEPPE VES.NO(NA) C.F. e P. IVA 08501191210 ","107","0","0","-","-","dgammella@agria.it","-","DANIELE ","dgammella@agria.it","+393355987956","-",,,"0","0","11","4","0","2024-01-29 15:15:08"
"628","1",,"old data","IMPORTER","FIRST GLOBAL INDUSTRIAL SOLUTIONS CORPORATION","15 A SAN JUAN ST GULOD NOVALICHES QUEZON CITY, 1117 PHILIPPINES","173","0","0","-","-","rosem.rmaquinotrading@gmail.com","-","ROSE","rosem.rmaquinotrading@gmail.com ; : firstglobal.isolutions@gmail.com","+63 912 258 9951","-","worked through broker","-","0","0","0","4","0","2024-02-02 17:16:53"
"629","1",,,"IMPORTER","VAST AGRO SOLUTIONS INC","STA RITA INDUSTRIAL PARK, SAN JOSE, PILI, CAMARINES SUR, PHILIPPINES","173","0","0","-","-","rosem.rmaquinotrading@gmail.com","-","ROSE","rosem.rmaquinotrading@gmail.com","+63 912 258 9951","-",,,"0","0","18","4","0","2024-02-02 17:49:18"
"630","1",,,"IMPORTER","LIMKETKAI MANUFACTURING CORPORATION","JULIO PACANA STREET, PUNTOD, CAGAYAN DE ORO CITY, 9000 PHILIPPINES","173","0","0","-","-","gfti829@gmail.com","-","-","-","-","-",,,"0","0","24","4","0","2024-04-02 15:45:53"
"631","1",,,"IMPORTER","SEM-PARTNERS ","SAS-CENTRE DE BOIS HENRY -78580 MAULE-FRANCE-NO                                                      TVA:  FR52403235674","75","0","0","-","-","dalsace@dalsace.com","-","Lucile","dalsace@dalsace.com","+ 33 385 34 56 78","-",,,"0","0","0","4","0","2024-04-02 16:04:39"
"632","1",,"OLD SOFTWARE DATA","IMPORTER","ARCHER DENIEL MEDLEN PHILLIPINES INC","MANILA ","173","0","0","bcontactu","+6388921517","NIXON.LIM@ADM.COM","WWW.ADM.COM","VIVIAN ZHENG","media-apac@adm.com","+63322729673","-",,,"0","0","0","4","0","2024-04-09 16:49:07"
"634","1",,,"IMPORTER","ELPOL LUZNIAK SPOLKA","Osina Mała 14 98-358 Kiełczygłów","175","0","0","+48724900907, +48722100002","-","MALWINA@ELPOL.AGRO.PL","https://elpol.agro.pl/","ADRAM / Ms. Marzena Uram","-","+48603520738, +48-43-8425816","-",,,"0","0","17","4","0","2024-04-11 17:04:38"
"635","1",,,"IMPORTER","ATLANTA POLAND S.A.","Atlanta Poland SA:  ul. Załogowa 17, 80-557 Gdańsk","175","0","0","+48 54 412 20 14","+48 58 522 05 64","info@atlantapoland.com.pl","https://atlantapoland.com.pl/","0","bakal@atlantapoland.com.pl","0","0",,,"0","0","35","4","0","2024-04-12 11:29:30"
"636","1",,"Global data Safflower sheet","IMPORTER"," RAYANE AGRO TRADING","N° 42 1st floor, Bt B1, Lot 12 and Lot 24 Commune and Wilaya of Boumerdes","3","0","0","bcontactu","+213 (0) 24 79 44 91","contact@rayane-trading.com","https://www.rayane-trading.com/","-","contact@rayane-trading.com","+213 (0) 24 79 44 91","-",,,"0","0","0","4","0","2024-04-13 16:05:57"
"637","1",,"OLD DATA","IMPORTER","SARL ORNI GRAIN"," Rue Des Freres Bouzid  Guerouaou,Wilayadeblida,09480 Algeria","3","0","0","bcontactu","-"," contact@ornigrain.com","-","Smail Tarzali Smail ,Doudja Djan Djamila"," orni_grain@yahoo.fr","+213 25480030","-",,,"0","0","0","4","0","2024-04-13 16:11:26"
"638","1",,"OLD DATA","IMPORTER","  ALAMIR GROUP","Housheissa - Elbehira - Egypt","64","0","0","bcontactu","+ 201005505020,  +20","info@alamireg.com","www.alamireg.com","-"," info@alamireg.com","+20452705911, +20122","-",,,"0","0","0","4","0","2024-04-13 16:45:37"
"639","1",,,"IMPORTER","ELSAADAGRI","El-Masala, Fayoum, Egypt.","64","0","0","002-01022444325  +20"," 002-01001116067","info@elsaeedagri.com  ","https://elsaadagri.com/","-","ibrahim.mohamed2@aol.com"," 002 0106 257 5787","-",,,"0","0","17","4","0","2024-04-13 16:49:23"
"640","1",,,"IMPORTER","OOO""DARY POLEY  OKURSKY TRACT,(OOO""GEORGEVSKOE""),","Russia, 410080, Saratov, Sokursky tract 13 g","181","0","0","+7-8452-327218","-","yanshina@overta.ru","http://darypoley.ru"," Dmitriy Seleznev","yanshina@overta.ru","+7-8452-327218","-",,,"0","0","55","4","0","2024-04-13 16:54:49"
"641","1",,,"IMPORTER","JU MAO DEVELOPMENT CO., LTD.","No. 8-17, Baitang Side Ln., Dacun Township, Changhua County 51543, Taiwan","214","0","0","+886 911 567 909","-","jumao.alison@gmail.com","-","Alison Yu","-","+886 911 567 909","-",,,"0","0","12","4","0","2024-04-13 16:58:05"
"642","1",,,"IMPORTER","GRAINPOWER FIELDS TRADING, INC.","115 Amethyst Bldg., East Residences Ortigas, Ortigas Ave. Extn.,  Rosario, Pasig City, 1609 Philippines ","173","0","0","+6328 635-0859","-","gfti829@gmail.com","-","Eva Atienza","gfti829@gmail.com","+63 9171384350 ","-",,,"0","0","12","4","0","2024-04-13 17:00:20"
"643","1",,,"IMPORTER","R.M. AQUINO CUSTOMS BROKERAGE & R.M. AQUINO TRADING","-","173","0","0","+632 7426763","+63908 896 2238 ","romilyn.aquino@yahoo.com ","-","Mylene"," rmaquino1223@gmail.com","+639195215159","-",,,"0","0","18","2","0","2024-04-13 17:17:55"
"644","1",,,"IMPORTER","NEW PANAYA AGRI VENTURES DEVELOP","5001 Cabugao Sur, Pavia  Iloilo, Philippines","173","0","0","+6309498894518","(033)329-5881-82","rolimsui@lovefeeds.com.ph","https://www.lovefeeds.com.ph/","Mr. Jofel"," proc.import@lovefeeds.com.ph ; rolimsui@lovefeeds.com.ph","+639303254642","-",,,"0","0","24","4","0","2024-04-17 12:30:25"
"645","1",,,"IMPORTER","EVERGREEN GARDEN CARE NZ LTD","New zealand","157","0","0","0275584084","0275584084","Chris.Khull@evergreengarden.com","www.tuiproductsltd.com","Chris khull","Chris.Khull@evergreengarden.com","0","0",,,"0","0","21","4","0","2024-04-17 14:10:33"
"646","1",,"Pallavi Indonasia","IMPORTER","CV HARTANTO MULTI TRADING","Indonesia","102","0","0","bcontactu","+6231 5022564","adrian.zhang90@yahoo.com","0","0","0","0","0",,,"0","0","0","4","0","2024-04-17 14:15:56"
"647","1",,,"IMPORTER","VALMOUNT","South Africa","202","0","0","-","-","test@test.in","-","p","-","1","1",,,"0","0","18","2","0","2024-04-17 14:40:01"
"648","1",,,"IMPORTER","MIX FOR PETS 2020 LTD"," 5 Haoranim RINATYA, Central District, 7316500 Israel","106","0","0","+972528980715","-","-","-","Vitaly","-","+972528980715","-",,,"0","0","12","4","0","2024-04-17 15:48:05"
"649","1",,"OLD DATA","IMPORTER","SKX NUTRITION  JOINT STOCK COMPANY,	","62 NGUYEN VAN DAU STREET,				 WARD 6, BINH THANH DISTRICT HO CHI MINH CITY,				 VIETNAM","238","0","0","bcontactu","-","info@skx.com.vn, leuyen2974@gmail.com","https://skx.vn/?lang=en","DINH ANH TU","documentation@skx.com.vn ","+84 28 6651 1664 ","-",,,"0","0","0","4","0","2024-04-17 16:10:56"
"650","1",,"OLD DATA","IMPORTER","KATRE AGRO TARIM DIS TICARET LTD","Turkey","223","0","0","bcontactu","+905326453333","info@katreagro.com.tr","http://www.katreagro.com.tr/tr","OSMAN","info@katreagro.com.tr","+90 324 231 77 00","-",,,"0","0","0","4","0","2024-04-17 16:18:26"
"651","1",,,"IMPORTER","BNV TRADING LTD","Batangs","173","0","0","0437573186","-","bnvtrading@yahoo.com ","-","-","bnvlayerfarm13@gmail.com","63437027323","-",,,"0","0","76","4","0","2024-04-20 12:08:02"
"652","1",,,"IMPORTER","BATANGA'S EGG PRODUCE COOPERATION","BEPCO - Batangas Egg Producers Cooperative  Don Luis, San Jose, Batangas","173","0","0","+63 043 774 2389","-","info@thebepcogroup.com","https://www.thebepcogroup.com/","-","batangasegg@gmail.com","+63 917 514 5790","-",,,"0","0","76","4","0","2024-04-20 12:10:47"
"653","1",,"OLD SOFTWARE DATA","IMPORTER","CHAROEN POKPHAND FOODS PHILIPPINES COOPERATION","KM 141-142 Mac Arthur Highway, Brgy. Caturay, Gerona, Tarlac Philippine","173","0","0","bcontactu","09338545981","joseph.mac@cpf-phil.com","https://www.cpf-phil.com/","-","joseph.mac@cpf-phil.com","09178698276","-",,,"0","0","0","4","0","2024-04-20 12:13:45"
"654","1",,,"IMPORTER","CHIU-NICHI AGRO RESOURCES PHILS INC.","S202 Cortijos Condominium #25, Eisenhower, San Juan, 1500 Metro Manila, Philippines","173","0","0","  63 (2) 8 722 4910","+63 2 8722 4910","chiunichiagro(at)yahoo.com","-","-"," greenera_liza@gmail.com","  63 (2) 8 721 0802","-",,,"0","0","76","4","0","2024-04-20 12:16:06"
"655","1",,,"IMPORTER","EVERLAST AGRO INDUSTRIAL CORPORATION","Provincial Road, Banay-Banay II, San Jose, Batangas, Philippines","173","0","0","63 43 773 3364","09171389903","everlast.feedmill@gmail.com","https://www.everlastfeeds.com/","-","  purchasing.everlastfeeds1996@gmail.com","09190794874 ","-",,,"0","0","76","4","0","2024-04-20 12:18:50"
"656","1",,,"IMPORTER","FOSTER FOODS INC","Plant: 36 Dampol 2nd A, Pulilan Bulacan Head Office : 1505 East PSE Center Ortigas, Pasig","173","0","0","632 8636-1627 ","-","sales@fosterfoods.com","https://fosterfoods.com/","-","hrd@fosterfoods.com","632 8636-1630","-",,,"0","0","76","4","0","2024-04-20 12:21:26"
"657","1",,,"IMPORTER","GREAT HARVEST ENTERPRISES, INCORPORATED","-","173","0","0","63 (2) 3 455 2930","6324552905","analyn.greatharvest@gmail.com","-","-","analyn.greatharvest@gmail.com","639175530994","-",,,"0","0","76","4","0","2024-04-20 12:24:19"
"658","1",,,"IMPORTER","HOOVER FEEDS CORPORATION","XWVP+77G, Balubaran St, San Rafael, Bulacan, Philippines","173","0","0","+63 922 802 3784","-","pafmiphl@gmail.com","https://pafmi.ph/contact-us/","-"," import.pafmiphl@gmail.com","-","-",,,"0","0","76","4","0","2024-04-20 12:26:48"
"659","1",,,"IMPORTER","SUNGIN PH CORPORATION","PHILIPPINES","173","0","0","-","-"," elaine.tabaniag@sj.co.kr","-","-","recruitment.ph@sj.co.kr","63 999 885 5663","-",,,"0","0","76","4","0","2024-04-20 12:38:53"
"660","1",,,"IMPORTER","WELLISA FEED MANUFACTURING","Bantayan - Madridejos Rd, Madridejos, 6053 Cebu, Philippines","173","0","0","2310436","-","cms.wellisa@yahoo.com","-","-","cms.wellisa@yahoo.com","+63 917 325 5260","-",,,"0","0","76","4","0","2024-04-20 12:42:14"
"661","1",,,"IMPORTER","EMMRONM INC","2F East Wing Iriz One Corporate Center #35 Meralco Ave. Cor. Segundo St. Ortigas Business District, Pasig City 1600, Philippines","173","0","0","+632 638 4464","-","sales@emmronn.com , anna.trumata@gmail.com","https://www.emmronn.com/","ADDIE","addie.alday@emmronn.com","+639176327014","-",,,"0","0","76","4","0","2024-04-20 12:45:15"
"662","1",,,"IMPORTER","NEW HOPE CENTRE LEZON AGRICULTURE","PHILIPPINES","173","0","0","63 45 436 7797","63-453221766","newhope.central@yahoo.com","-","-","anviedavid@gmail.com","63(45)4355637","-",,,"0","0","76","4","0","2024-04-20 13:06:49"
"663","1",,,"IMPORTER","NEW HOPE TARLEC AGRICULTURE INC","Brgy. Parsolingan,, Gerona, Philippines, 2302","173","0","0","-","63459313435","newhope tarlec@gmail.com","-","-","Newhopetarlec@yahoo.com","63459313435","-",,,"0","0","76","4","0","2024-04-20 13:09:35"
"664","1",,,"IMPORTER","PHILIPPINE FOREMOST MILLING CORPORATION","29F High Street South Corporate Plaza Tower 1, 26th Street, corner 9th Avenue, Bonifacio Global City, Taguig City, Philippines","173","0","0","-","63 287869700","flour.sales@philippineforemost.com","https://pfmc-flour.lafilgroup.com.ph/","-","recruitment.hrd@lafilgroup.com","+63 (02) 8-516-7362","-",,,"0","0","76","4","0","2024-04-20 13:12:29"
"665","1",,,"IMPORTER","PILMICO FOODS CORPORATION","Aboitiz Corporate Center, Gov. Manuel A. Cuenco Avenue, Kasambagan, Cebu City, 6000 Philippines","173","0","0","-","(6332) 4111800","zajinie.sanchez@aboitiz.com","https://www.pilmico.com/","-"," pilmico.partner@aboitiz.com ","-","-",,,"0","0","76","4","0","2024-04-20 13:14:10"
"666","1",,,"IMPORTER","SUCRE INTERPRIZES COROPRATIONS","48B Damar Loop, Damar Village, Quezon City 1115, Metro Manila, Philippines","173","0","0","+63917 5897271","+63917 5897271","tansally1974@hotmail.com","https://www.sucre.com.ph/","-"," inquiries@sucre.com.ph","-","-",,,"0","0","76","4","0","2024-04-20 13:16:09"
"667","1",,,"IMPORTER","SUSTAMINA AGRI-INDUSTRIAL CORPORATION","-","173","0","0","-","-","-","-","-","-","63 46 414 2582","-",,,"0","0","76","4","0","2024-04-20 13:18:39"
"668","1",,"ne","IMPORTER","TA-ALA FARMS, INC. ","Mansilingan, Bacolod CIty, Philippines","173","0","0","bcontactu","-","-","-","-","taalafarmsinc@yahoo.com.ph","63 917 805 0533","-",,,"0","0","0","4","0","2024-04-20 13:20:03"
"669","1",,,"IMPORTER","THICK AND THIN AGRI-PRODUCTS INC.","No. 148 Sitio Bisita, Brgy. Duhat, Bocaue, Bulacan, Philippines","173","0","0","-","+6344|248-2211","admin.acctng@petideasinc.com","https://www.atlas-nutrition.com/","-","sales@atlas-nutrition.com;  sales@awap-inc.com ","+63 (044) 248-2200 ","-",,,"0","0","76","4","0","2024-04-20 13:22:15"
"670","1",,,"IMPORTER","D WESSCON EXIM INC","-","173","0","0","-","63 917 885 0122","davaowesscon@yahoo.com","-","-","davaowesscon@yahoo.com","63 917 885 0122","-",,,"0","0","76","4","0","2024-04-20 13:23:46"
"671","1",,,"IMPORTER","CPW PHILLIPHINES INC","Room 802 Antel Corporate Center 121 Valero St.; Salcedo Village Makati City, Philippines","173","0","0"," (63-2) 53281066"," (63-2) 53281060","cpwph@ph.cpworldgroup.com","https://cpworldgroup.com/network/philippines/manila/","-","-","-","-",,,"0","0","76","4","0","2024-04-20 13:26:04"
"672","1",,"OLD SOFTWARE DATA","IMPORTER","UNIVERSAL FEED MILL"," 2/F ADM Bldg., North Road Cansaga, Consolacion, Cebu, Philippines 6001","173","0","0","bcontactu","4233395, : +63 32 42","-","https://www.unifeeds.ph/home.html","-","inquiries@unifeeds.ph","63 32 5643831, +63 32 4244355","-",,,"0","0","0","4","0","2024-04-20 13:29:44"
"673","1",,,"IMPORTER"," LA FILIPINA UY GONGCO  CO OPERATION","Lots 2 & 3, Block 1, Bonifacio V. Romero Boulevard, Manila Harbour Centre, Radial Road-10 Vitas, Tondo, Manila,","173","0","0","+63 (2) 8516-7362","+63 (2) 8786-9700","-","https://lafilgroup.com.ph/","-","-","+63(34) 433-3723","-",,,"0","0","76","4","0","2024-04-20 13:32:18"
"674","1",,,"IMPORTER","VITARICH CORP","Block 14, Lot 1, Door 1 DARBCI Homes Subdivison, General Santos City ","173","0","0","(083)-8260905","(032) 238 – 5978","MEPASCUAL@VITARICH.COM","https://vitarich.com/","JENNIFER","MEPASCUAL@VITARICH.COM"," 63 918 848 2156","-",,,"0","0","76","4","0","2024-04-20 13:37:01"
"675","1",,,"IMPORTER","OVERSEA FEEDS CORP","-","173","0","0","-","63-322541511","COHIMPORTS@GMAIL.COM","-","-","COHIMPORTS@GMAIL.COM","-","-",,,"0","0","76","4","0","2024-04-20 13:40:40"
"676","1",,,"IMPORTER","SOROSORO IBABA DEVELOPMENT COOPERAT","-","173","0","0","63 43 300 3214","63(2)86543174","sidcnet@yahoo.com","https://sidc.coop/","-","SIDCFEEDMILL@YAHOO.COM; info@sidc.coop","63 (0)300 4058","-",,,"0","0","76","4","0","2024-04-20 13:43:59"
"677","1",,,"IMPORTER","CAGAYAN CORN PRODUCTS CORP","-","173","0","0","-","+63 88 855 2902","WILBUENAVENTURA@GMAIL.COM","-","-","hrd.recruitmentccpc@gmail.com; ccpc.mla@gmail.com","6322341800","-",,,"0","0","76","4","0","2024-04-20 13:47:10"
"678","1",,"OLD SOFTWARE DATA","IMPORTER","VELIKA ZETVA CORPORATION","Reed Steel Housing, Lot 3 Block 4, Violeta Village, Guiguinto, 3015 Bulacan, Philippines","173","0","0","bcontactu","+639171424480","BENJIE14MARTIN@GMAIL.COM","-","-","-","0917-641-6880","-",,,"0","0","0","4","0","2024-04-20 13:51:00"
"679","1",,,"IMPORTER","GENERAL MILLING CORPORATION ","Legaspi Tower 200, 107 Paseo de Roxas, Legazpi Village, Makati City, Philippines","173","0","0","-","+63 32 340 8888","ey_kho@genmil.com.ph ","https://www.genmil.com.ph/contact","-"," info@genmil.com.ph","632) 7 759-2561","-",,,"0","0","76","4","0","2024-04-20 13:56:45"
"680","1",,,"IMPORTER","LAMSAN INC ","Unit 601 Tower 3 Rockwell Business Center, Ortigas Ave., Ugong 1604, Pasig","173","0","0","63 (64) 429-00-28"," 63 (02) 8661-91-83","contact@lamsan.com.ph","https://lamsan.com.ph/","-","krbbibit@lamsanholdings.com.ph","-","-",,,"0","0","76","4","0","2024-04-20 14:00:29"
"681","1",,,"IMPORTER","PG_ANG AND SONS CORPORATION PUMPANGA HOG FARMERS ASSOCITATION ","-","173","0","0","-","639178725717","pgangandsonsinc@gmail.com/ ","-","-","pgasi_hr@yahoo.com.ph","639178725717","-",,,"0","0","76","4","0","2024-04-20 14:09:06"
"682","1",,,"IMPORTER","MCR AGRI VENTURE CORP","Iloilo City, Philippines","173","0","0","-","-","mcragri.anle@gmail.com","-","-","order.mcragri@gmail.com","+63 998 547 8746","-",,,"0","0","76","4","0","2024-04-20 14:12:11"
"683","1",,"Pallavi Indonasia","IMPORTER","PT STAR TRADING INTERNATIONAL","Wisma GKBI, Lt. 37 - Suite 3711A, Jl. Jenderal Sudirman No.Kav. 28, RT.14/RW.1, Bend. Hilir, Kecamatan Tanah Abang, Jakarta Pusat 10210, DKI Jakarta, Indonesia","102","0","0","+62 215 7905630","0",,"-","p","-","(021) 57905630","1",,,"0","0","33","6","0","2024-04-26 11:13:37"
"684","1",,"-","IMPORTER","CHIN HEONG (K.L) SDN BHD"," Lot 9, Jalan Jinjang Utama, Kepong Baru Industrial Estate, 52000 Kuala Lumpur, Federal Territory of Kuala Lumpur, Malaysia","132","0","0","60 3-6252 5088","-","bchklshop@gmail.com","0","-","bchklshop@gmail.com","60 3-9283 5388","0",,,"0","0","88","4","0","2024-04-26 16:40:00"
"685","1",,,"IMPORTER","EJEN PENGHANTARAN TANJUNG","Lot 3.33, Wisma Central, 41, Jln Macalister, 10400 George Town, Pulau Pinang, Malaysia","132","0","0","60 4-228 2075","-","-","-","-","-","+60 4-228 2075","-",,,"0","0","17","4","0","2024-04-26 16:49:26"
"686","1",,,"IMPORTER","FWULEE HUNG M SDN BHD","Kawasan Perindustrian Ringan Tupai, 34000 Taiping, Perak, Malaysia","132","0","0","60 5-807 2642","-","-","-","-","-","60 5-807 2642","-",,,"0","0","17","4","0","2024-04-26 16:53:38"
"687","1",,,"IMPORTER","SHENG KIMN HONG SDN BHD","Lot 981, MK 16, Lorong Sungai Lokan 3/1, Kawasan Perindustrian Sungai Lokan, 13800 Sungai Dua, Butterworth, Malaysia.","132","0","0","+604-3565 551","-","office@skhpg.com         ","https://www.skhpg.com/","-","  skhspices@gmail.com","+604-3565 551","-",,,"0","0","17","4","0","2024-04-26 16:56:35"
"688","1",,"Pallavi  Malaysia","IMPORTER","JOO HIN NATIVE PRODUCE SDN. BHD."," 1945, MK14, Jalan Persekutuan, BUKIT MINYAK, 14000 Bukit Mertajam, Pulau Pinang, Malaysia","132","0","0","bcontactu","-","-","-","-","-","+60 4-507 7788","-",,,"0","0","12","4","0","2024-04-26 16:58:11"
"689","1",,"Pallavi  Malaysia","IMPORTER","MMK SPICES SDN BHD","Plot 130-B,  Lorong Perindustrian Bukit Minyak 11,   Kawasan Perindustrian Bukit Minyak,  14100 Simpang Ampat, Penang, Malaysia.","132","0","0","bcontactu","6 - 04 - 5016 500 ","mmkspices@hotmail.com","https://www.mmkspices.com/","Shakir / Azar","mmkspices@hotmail.com","-","-",,,"0","0","0","4","0","2024-04-26 16:59:47"
"690","1",,,"IMPORTER","RIGHT SPIRIT SDN BHD","Jalan Bunga Raya Merah 2, Raja Uda Industrial Estate, 13400 Butterworth, Pulau Pinang, Malaysia","132","0","0","+60 4-332 1289","6043133470","-","-","-","-","+60 4-332 1289","-",,,"0","0","17","4","0","2024-04-26 17:01:11"
"691","1",,,"IMPORTER","SUI HIN CHAN ENTERPRISE (M) SDN BHD","19, Jalan Industri 3/4, Taman Perindustrian Temerloh, 28400 Mentakab, Pahang, Malaysia","132","0","0","+60 9-277 0818","-","suihinchan@gmail.com","  suihinchan.com.my","-","-","60 9-277 0818","-",,,"0","0","17","4","0","2024-04-26 17:03:24"
"692","1",,"Global data  for coriander","IMPORTER","SYARIKAT PERNIAGAAN THYE LEAN SDN. BHD.","1013 , Plot 205, Lorong, 11, Jalan Perindustrian Bukit Minyak, Kawasan Perindustrian Bukit Minyak, 14100 Bukit Mertajam, Pulau Pinang, Malaysia","132","0","0","+60 4-501 9933","6045388282, 60453954","sptl@tm.net.my","-","-","sptl@tm.net.my","6045019933","-",,,"0","0","29","4","0","2024-04-26 17:05:51"
"693","1",,"OLD DATA","IMPORTER","TIAN SENG HANG TRADING COMPANY ","1249 Lorong Perindustrian Bukit Minyak 19, Penang Science Park, 14100, Simpang Ampat, Penang","132","0","0","(+604) 3325 666, +60 3-3168 2368","-","tiansenghangtrading@gmail.com","http://www.beans-spices.com/","-"," info@beans-spices.com","+60 12-395 1638","-","-","-","0","0","0","4","0","2024-04-26 17:14:02"
"694","1",,,"IMPORTER","TUNG LIENG PENANG TRADING CO.",": Jalan Paul, Kampung Gajah, 12200 Butterworth, Pulau Pinang, Malaysia","132","0","0","+60 4-332 3750","-","TLCESB@YAHOO.COM","-","-","TLCESB@YAHOO.COM","-","-",,,"0","0","17","4","0","2024-04-26 17:15:56"
"695","1",,"Global data  for coriander","IMPORTER","WENG YEANG HANG MALAYSIA SDN. BHD."," 34, Greentown, Green Hall, 10200, Pulau Pinang, 10200, Malaysia","132","0","0","+60 4-263 5808","-","engwan@engwan.com","-","-","engwan@engwan.com","-","-",,,"0","0","29","4","0","2024-04-26 17:17:28"
"696","1",,,"IMPORTER","YONG LEE CHAN SDN BHD","ot 4743 & 4744, 31/2 miles, Jalan Tanjong Laboh,  83000 Batu Pahat, Johor, Malaysia","132","0","0","607- 428 6888","+6016-7723988, ","info@yongleechan.com","https://yongleechan.com/","-","info@yongleechan.com","+6016-7725688","-",,,"0","0","17","4","0","2024-04-26 17:19:12"
"697","1",,,"IMPORTER","SEVEN STAR MANUFACTURING CORPORATION","8WPP+MH3, L.Jaime Street, Paknaan, Mandaue City, 6014 Cebu, Philippines","155","0","0","+63 2 7238 6914"," 63 32 420 4441","CHELTIM18@YAHOO.COM","-","-","-","-","-",,,"0","0","76","4","0","2024-04-27 12:34:38"
"698","1",,,"IMPORTER","MANILA BAMBI FOODS COMPANY","1117 G. Apacible St. Paco, Manila, Manila","173","0","0","8400 7707 ","| 7374 8806 | 8523 1"," info@manilabambifoods.com","https://manilabambifoods.com/","-","MANILABAMBI@YAHOO.COM","63 922 850 4060 / 09","-",,,"0","0","76","4","0","2024-04-27 12:38:04"
"699","1",,,"IMPORTER","J-CHANNEL INGREDIENTS CORPORATION"," F, G, 808 Reina Regente St, Binondo, Manila, 1008 Metro Manila, Philippines","173","0","0","+63 2 8243 9273","-","JCHANNELINGREDIENTSCORPORATION@YAHOO.COM","-","MR JIMMY"," jimmyang.rcbm101@gmail.com","+63 2 8243 9273","-",,,"0","0","76","4","0","2024-04-27 12:41:42"
"700","1",,,"IMPORTER","CJ PHILIPPINES INC","Brgy. Sampaloc, San Rafael, Bulacan Phividec Bypass Road, Brgy. Alae, Manolo Fortich, Bukidno","173","0","0","044 766 6231","(02) 8687-5269","cjp.bulacan@cjphil.com cjp.bukidnon@cjphil.com","https://pafmi.ph/members/cj-philippines-inc/","-","KAREN_GARCIA@CJPHIL.COM","09176309374","-",,,"0","0","76","4","0","2024-04-27 12:46:52"
"701","1",,,"IMPORTER","MULTIFARMS AGRO INDUSTRIAL CORPORATION","CEBU","173","0","0","63 32 238 2805","-","AGRIAQUA@TCG.COM.PH","-","-","-","63 32 238 2805","-",,,"0","0","76","4","0","2024-04-27 12:48:59"
"702","1",,,"IMPORTER","ARVIN INTERNATIONAL MARKETING INC"," Sarmiento Village, Bunawan, Davao City, 8000 Davao del Sur, Philippines","173","0","0","(02) 843-3676 to 80","(02) 815-0469 to 70","info@arvinintl.com ","https://www.arvinintl.com/","-","import@arvinintl.com","-","-",,,"0","0","76","4","0","2024-04-27 12:51:20"
"703","1",,,"IMPORTER","AGRI-AQUA TECHNOLOGY BUSINESS INCUBATION ","PHILIPPINES","173","0","0","-","-"," atbi@pcaarrd.dost.gov.ph","-","-","-","-","-",,,"0","0","76","4","0","2024-04-27 12:52:48"
"704","1",,,"IMPORTER","SYNGENTA PHILIPINES INC","9th Floor, One Griffinstone Building, Commerce Avenue, corner Spectrum Midway Extension, Alabang, Muntinlupa City, 1780 Metro Manila","173","0","0","-","-","inquiries.ph@syngenta.com","https://www.syngenta.com.ph/contact-us-syngenta-philippines-inc","-","-","63288640873","-",,,"0","0","76","4","0","2024-04-27 13:04:29"
"705","1",,,"IMPORTER","CARGILL PHILIPPINES INC","Cargill Philippines, Inc. Headquarters 26th Floor, W Building 5th Avenue corner 32nd Street Bonifacio Global City, Taguig City","173","0","0","63 (2) 848 0106"," 63 44 676 7000","Cargill_Recruiting@cargill.com","https://www.cargill.ph/en/locations","-","-"," 63(2)88158809 /","-",,,"0","0","76","4","0","2024-04-27 13:06:14"
"706","1",,,"IMPORTER","BLY AGRIC VENTURE TRADING ","GJ47+HH7, Cagayan de Oro, Misamis Oriental, Philippines","173","0","0","6388120571","-","support@rushmedia.ph","-","-","-","-","-",,,"0","0","76","4","0","2024-04-27 13:07:56"
"707","1",,,"IMPORTER","GAMA FOOD CORPORATION ","P Remedio St. Cabancalan Mandaue City Cebu.","173","0","0","63 88 859 0692","-","info@gamafoods.com","https://www.gamafoodscorp.com/","-","-","-","-",,,"0","0","76","4","0","2024-04-27 13:10:10"
"708","1",,,"IMPORTER","MARCELA FARMS INC ","Corporate Center, Upper Ground, North Wing Island City Mall, Tagbilaran City, Bohol 6300","173","0","0","63 38 501 3000, ","-","customercare@alturasbohol.com","https://marcelafarms.com/","-"," HUY@MARCELAFARMS.PH","+63 38 412 1065","-",,,"0","0","76","4","0","2024-04-27 13:12:16"
"709","1",,,"IMPORTER","SASTA MINA AGRI INDUSTRIES CORPORATION ","-","173","0","0","""63 (46) 414 2581 ","-","japerez@sastamina.com.ph","-","-","-"," 63 (46) 414 2582""","-",,,"0","0","76","4","0","2024-04-27 13:27:41"
"710","1",,,"IMPORTER","INTERGRAIN AGRI-FOOD PRODUCTS"," 680 Elcano St, Binondo, Manila, Metro Manila, Philippines","173","0","0","63 (2) 8 523 7031","-","jbell@intergrain.com","-","-","jbell@intergrain.com","63 (2) 8 523 7031","-",,,"0","0","77","4","0","2024-04-27 14:18:23"
"711","1",,"phillipines data","IMPORTER","LL LENCE MULTIPRODUCTS INC","33 Luna II Street San Agustin, Malabon City Philippines 1470","173","0","0","bcontactu","+632-8283-3303","moimokafua@gmail.com","https://lllance.com/","-","-","+63 925-803-4179","-",,,"0","0","0","4","0","2024-04-27 14:20:55"
"712","1",,,"IMPORTER","CPW PHILIPHINES INC","2 Bukit Merah Central #20-01 Singapore 159835","173","0","0"," (63-2) 53281060-66","-","corporate@cpworldgroup.com","https://cpworldgroup.com/network/philippines/manila/","-","cpwph@ph.cpworldgroup.com"," (63-2) 53281060-66","-",,,"0","0","77","4","0","2024-04-27 14:25:01"
"713","1",,,"IMPORTER","3 FOR 8 TRADING INTERNATIONAL","PH 1550, 495 Boni Ave, Mandaluyong, 1550 Metro Manila, Philippines","173","0","0","+63 (2) 8 696 2820 ","-"," three48trading_intl@yahoo.com","-","-","three48trading_intl@yahoo.com"," +63 (2) 8 535 4702","-",,,"0","0","77","4","0","2024-04-27 14:26:56"
"714","1",,,"IMPORTER","CENTRAL COMMODITIES ENTERPRISES","117 N Alanthus Ave.  Stanberry, MO 64889  (660) 783-2700","173","0","0","(660) 783-2700"," (660) 783-2700","info@cencommodities.com","https://www.cencommodities.com/","-","-"," (816) 232-8555","-",,,"0","0","77","4","0","2024-04-27 14:35:58"
"715","1",,,"IMPORTER","DOXO INGRIDENTS INC","168, D. Tuazon Street, N.S. Amoranto Street, Quezon City, Philippines","173","0","0","-","-","injoyphilippines@gmail.com ","https://doxo.com.ph/","-","-","639475830203","-",,,"0","0","77","4","0","2024-04-27 14:41:16"
"716","1",,,"IMPORTER","LBS MARKETING OPC","222 MC Briones Street Ermita, Cebu City, Philippines","173","0","0","+63 2 256 2664","-","lbsmarketing2014@yahoo.com","-","-","lbsmarketing2014@yahoo.com","+63 2 256 2664","-",,,"0","0","77","4","0","2024-04-27 14:43:21"
"717","1",,"Akash sir given data ","IMPORTER","MEGA PRODUCE 88 OPC","ZONE 25, 357 M. De Santos St, San Nicolas, Manila, 1010 Metro Manila, Philippines","173","0","0","bcontactu","-","-","https://www.megaproduce.com/products#contact","-","-"," +63 2 8242 6487","-",,,"0","0","0","4","0","2024-04-27 14:46:55"
"718","1",,,"IMPORTER","SHINE SKADI TRADING  COMPANY ","1119 Laguna Ext., Brgy. 227, Tondo, Manila, Philippines.","173","0","0","-","-","shineskadi2021@gmail.com","-","-","-","0917 431 7437","-",,,"0","0","77","4","0","2024-04-27 14:51:00"
"719","1",,"AKASH SIR GIVEN ","IMPORTER","TECHNOFARM AGRICULTURAL & AQUATIC PRODUCTS"," Room 506 Burke Building 1008 Manila National Capital Region","173","0","0","bcontactu","-","-","www.technofarm.com ","-","-","+63-22410412","-",,,"0","0","0","4","0","2024-04-27 15:00:49"
"720","1",,,"IMPORTER","UDRAGON CORPORATION ","400 Clavel Street, Binondo, Manila Philippines","173","0","0","+63 2 82424380"," +63 2 82432897","sales@udragoncorp.com","https://udragoncorp.com/","-","sales@udragoncorp.com","+63 917 5317627","-",,,"0","0","77","4","0","2024-04-27 15:12:33"
"721","1",,"new data","IMPORTER","GLOBAL STRATEGIC PARTNERS & DISTRIBUTION, INCORPORATED","131-B. Cordillera Street, Santa Mesa Heights, Quezon City, Metro Manila, Philippines","173","0","0","bcontactu","+632-8241-1341 ","-","-","-","info@gspdi.com.ph"," +632-8241-1346","-",,,"0","0","0","4","0","2024-04-27 15:25:56"
"722","1",,,"IMPORTER","INDO FINE INTERNATIONAL","745 C. Raymundo Ave, Pasig, Metro Manila, Philippines","173","0","0","63286423529 ","-","sales@indofine.net.ph","-","-","info@indofine.in","+63 2 7730 3957","-",,,"0","0","77","4","0","2024-04-27 15:29:25"
"723","1",,,"IMPORTER","KSK FOOD PRODUCTS","949 Llano road, Brgy Llano, Caloocan City, Philippines.","173","0","0","+63 89839928-29","+6389844652-53","ksk@kskfoodproducts.com.ph","https://kskfoodproducts.com/","-","ksk@kskfoodproducts.com.ph"," +6389839931","-",,,"0","0","77","4","0","2024-04-27 15:32:11"
"724","1",,,"IMPORTER","MAKARIOS PERISEIA CORPORATION","646 Mlle. de Binondo, Binondo, Manila, 1006 Metro Manila, Philippines","173","0","0","+63 (2) 8 241 4248  ","+63 (2) 8 516 6297","-","-","-","-","+63 (2) 8 241 8655  ","-",,,"0","0","77","4","0","2024-04-27 15:34:17"
"725","1",,,"IMPORTER","SAM LIM CORPORATION"," No. 8, Furong Street, Punturin, Valenzuela, 1440 Metro Manila, Philippines","173","0","0","+63 2 8241 0655","-","-","-","-","-","+63 2 8241 0655","-",,,"0","0","77","4","0","2024-04-27 15:36:27"
"727","1",,,"IMPORTER","FIRMA HANDLOWA WELTSAMEN ŁUKASZ GAWORSKI","F. H. Weltsamen  	Łukasz Gaworski  	98-355 Działoszyn  	Posmykowizna 55","175","0","0","-","48 605 84 87 70","biuro@weltsamen.com","http://www.weltsamen.com/","MS DOLOTA","biuro@weltsamen.com","48 665 34 89 39","	fh_weltsamen, fh_weltsamen2, fh_weltsamen7",,,"0","0","13","4","0","2024-05-14 16:38:47"
"728","1",,,"IMPORTER","H.P.U MIREM EXPORT-IMPORT","ul. Fabryczna 2 72-300 Gryfice Polska","175","0","0","-","+48 91 384 62 28","info@mirem.biz","https://mirem.biz/kontakt/","MR MICK","info@mirem.biz","+48515062392","-",,,"0","0","13","4","0","2024-05-14 16:41:39"
"729","1",,,"IMPORTER","KASZPOL  AGRO","Brzezinki Nowe 60 26-706 Tczów woj. Masovian Voivodeship","175","0","0","-","518 095 389","kaszpol@onet.pl","https://kaszpol.com/kontakt/","-","biuro@kaszpol.com","-","-",,,"0","0","13","4","0","2024-05-14 16:44:58"
"730","1",,,"IMPORTER","MAX KRóLIKOWSKA DANUTA SP.K.","Hrubieszowska 37, 22-100 Chełm, Poland","175","0","0","-","48785757708","-","maxpoland.eu","MARIE","-","48785757708","-",,,"0","0","11","4","0","2024-05-14 16:48:44"
"731","1",,,"IMPORTER","ROKOMERA TUKKU OY ","Riihimäenkatu 55 05880 Hyvinkää FINLAND","74","0","0","+358 50 320 5041","+358 50 320 5041"," leena@roco.fi","https://www.rokomeratukku.fi/","Johanna "," johanna.koukonen@rokomeratukku.fi","+358 50 320 5041","-",,,"0","0","9","4","0","2024-05-22 10:44:38"
"732","1",,,"IMPORTER","BOSO LTD. FOR TRADING, SERVICES AND MEDIATION","Hans Dietrich Genscher 22 b 32100, Vinkovci, Croatia","54","0","0","+385 32 354727","+385 32 341 296 ","juraj.kovac@boso.hr ","www.boso.hr ","Juraj Kovač","juraj.kovac@boso.hr","+385 91 420 9348 ","-",,,"0","0","17","4","0","2024-05-22 10:52:58"
"733","1",,,"IMPORTER","JAC IMPORT PET SUPPLIES","Ta Frenc Triq Blat Il-Qamar  Siggiewi SGW3331 Malta","135","0","0","00356 79426532","00356 79426532","tafrenc@gmail.com","-","Francis ","tafrenc@gmail.com","00356 79426532","-",,,"0","0","17","4","0","2024-05-22 10:58:15"
"734","1",,,"IMPORTER","ANIMONDE SHOP (INTERZOO 2024)"," 3548 HCV2+3R2, Place Al Yassir, Casablanca 20250,","148","0","0","-"," 212661182425"," animalshopmarket@gmail.com","https://animondeshop.com/contact-us/","omar tronbati"," animalshopmarket@gmail.com","212520424277","-",,,"0","0","18","4","0","2024-05-23 14:35:06"
"735","1",,,"IMPORTER","ANGKASA ADIBAYU BUANA","Jl. Dupak 63, Kompleks Mutiara Dupak C-18, Surabaya 60172 - Indonesia","102","0","0","+62 31 545 7556","+62 31 548 1163","aabesub@aab.co.id ","https://www.aab.co.id/en","-","aabesubsales@aab.co.id"," +62 821 4091 2430","-",,,"0","0","17","4","0","2024-05-25 12:52:45"
"736","1",,"-","IMPORTER","CV. LAM HONG","Jl. Rangkah V No.22, Rangkah, Kec. Tambaksari, Surabaya, Jawa Timur 60135, Indonesia","102","0","0","-","+62 812-0011-7498","shreenathjioverseas@gmail.com","-","CAROLINE","-","-","-",,,"0","0","0","4","0","2024-05-25 12:56:02"
"737","1",,"Global data  for coriander","IMPORTER","PT. JAKARTA SEREAL","Treasury Tower, 6th floor, Unit H, District 8, SCBD Lot 28 Jl. Jend. Sudirman Kav 52-53 Jakarta 12190, Indonesia","102","0","0","+62 21 29332988","+62 21 29332988","sales@jakartasereal.com, vijay@jakartasereal.com, ","https://jakartasereal.com/contact-us/","Devia","purchasing.import@jakartasereal.com","-","0",,,"0","0","0","4","0","2024-05-25 13:05:17"
"738","1",,"Pallavi Indonasia","IMPORTER","PT. RAJAWALI AGRO MAS","Pergudangan Taman Tekno, Blk. C No.3, Kec. Setu, Kota Tangerang Selatan, Banten 15314, Indonesia","102","0","0","bcontactu","+62 21 53198710","-","-","ferrial","-","+62 21 53198710","-",,,"0","0","0","4","0","2024-05-25 13:10:10"
"739","1",,"Pallavi Indonasia","IMPORTER","SUPERINDO JAYA MAKMUR"," Jl. Margomulyo Indah No.9-11 Blok C, Buntaran, Kec. Tandes, Surabaya, Jawa Timur 60238, Indonesia","102","0","0","bcontactu","+62 31 7483288","superindojayamakmur@gmail.com","https://superindojaya.com/","sutopo","suto.sjm@gmail.com","+62 31 7483288","-",,,"0","0","0","4","0","2024-05-25 13:13:54"
"740","1",,"OLD SOFTWARE DATA","IMPORTER","SCIENTIFIC ANIMAL NUTRITION INC,","80 B ARANAS ST.SAN NICOLAS , CEBU CITY, CEBU PHILIPPINES ,TIN: 220605379000","173","0","0","bcontactu","-","gfti829@gmail.com","-","EVA","gfti829@gmail.com","+63 917 138 4350","-",,,"0","0","0","4","0","2024-06-01 17:29:30"
"741","1",,,"IMPORTER","KENYU TRADING"," 2nd Building Rm.no.307 Kawahara,Osaka,Japan 573-0028","109","0","0","-","072）804-0050","katsukenyu888@yahoo.co.jp","https://kenyu-trading.com/e/index.html","-","katsukenyu888@yahoo.co.jp","818031156515","-",,,"0","0","78","4","0","2024-06-18 12:06:45"
"742","1",,,"IMPORTER","CALUNA AGRO TRADE"," Aan de Bergen 12a, 6093 NX Heythuysen, Netherlands","155","0","0","-","31 475 495 181","info@caluna-agrotrade.com","https://caluna-agrotrade.com/contact/","Leon Dings","info@caluna-agrotrade.com","+31 475 495 181","-",,,"0","0","12","4","0","2024-06-29 13:09:45"
"743","1",,,"IMPORTER","TRACOMEX BV","Bouwlingplein 34 4901 KZ Oosterhout The Netherlands","155","0","0","+31 (0)162 43 78 00","-","info@tracomex.nl","https://tracomex.nl/contact/","-","info@tracomex.nl","-","-",,,"0","0","17","4","0","2024-06-29 13:16:39"
"744","1",,,"IMPORTER","EURL STAR AVICOLE","ANGLE RUE SARDI MED N15 BOUTLELIS, ORAN 31170,ALGERIA NIF : 002131011857790		","3","0","0","-","-","sales@agropetindex.com","-","Héctor Carro","sales@agropetindex.com","+34 722 12 95 49 ","agropet index",,,"0","0","11","4","0","2024-06-29 15:47:24"
"745","1",,"OLD DATA","IMPORTER","C & C SPICE COMPANY LIMITED "," No 01 Alley 40 Rap Hat Street Ve An Ward Bac Ninh City Bac Ninh","238","0","0","bcontactu","-","  md@cncspice.com   sales01@cncspice.com","https://cncspice.com/","tracy","-","+84 865 689 559","-",,,"0","0","0","4","0","2024-07-03 11:40:21"
"746","1",,"OLD DATA","IMPORTER","GREEN HEALTH IMEX CO., LTD"," 6 D. Thị Mười, Tân Hưng Thuận, Quận 12, Hồ Chí Minh 700000, Vietnam","238","0","0","bcontactu","-","-","http://www.greenhealthvietnam.com/","judy","-","(+84)909122316.","-",,,"0","0","0","4","0","2024-07-03 14:17:37"
"747","1",,"-","IMPORTER","PHUC AN AGRO CO LTD ","TAY HO DISTRICT  VONG THI STREET , BUOI WARD 47B , 20 VALLEY 000000 HAO NOI CITY VIETNAM . ","238","0","0","84.988897799 ","84983721688","anna@phucan-agri.com","http://phucan-agri.com/lien-he","mr khao","-","84983721688","-",,,"0","0","0","4","0","2024-07-03 14:34:15"
"748","1",,"OLD DATA","IMPORTER","HUFAMI CO. LTD","818, Trương Bình, Cần Giuộc, Long An, Vietnam","238","0","0","bcontactu","-","-","-","Mr. Hung","-","+84918424184","-",,,"0","0","0","4","0","2024-07-03 14:37:39"
"749","1",,,"IMPORTER","LACCO INTERNATION FREIGHT FORWARDERS","Lầu 5, Tòa, 73 Ng. 73 Đ. Nguyễn Trãi, Ngã Tư Sở, Thanh Xuân, Hà Nội, Vietnam","238","0","0","-","-","info@lacco.com.vn","https://www.lacco.com.vn/","-","-","+84 906 235 599","-",,,"0","0","12","4","0","2024-07-03 15:24:38"
"750","1",,,"IMPORTER","ORANA VIETNAM CO. LTD.","D4, Hiệp Thành, Quận 12, Hồ Chí Minh, Vietnam","238","0","0","-","84903604333","ORANA@ORANA.COM.VN","-","MR. DAVID","orana@orana.dk","842837176310","-",,,"0","0","12","4","0","2024-07-03 15:33:08"
"751","1",,"OLD DATA","IMPORTER","ADERCEREAL TRANSFORMACAO","ZONA INDUSTRIAL DO ENTRONCAMENTO, LOTE I, 15, ENTRONCAMENTO, PORTUGAL","176","0","0","bcontactu","35124971611","gereal@adercereal.pt","https://adercereal.pt/","ALFA","gereal@adercereal.pt","249 716 113","-",,,"0","0","0","4","0","2024-07-03 15:39:44"
"752","1",,"OLD DATA","IMPORTER","ANIMAL CITY FISH AND LIVE ANIMALS TRADING LLC ( NEW ) ","DUBAI PET & BIRDS MARKET AL WARSAN 3 DUBAI UAE DUBAI PET & BIRDS MARKET AL WARSAN 3 DUBAI UAE - 1234","229","0","0","bcontactu","-","animalcity419@gmail.com","https://aquariumplanet.zobaze.shop/catalog","-","-","97142678900","-",,,"0","0","0","4","0","2024-07-03 16:54:08"
"753","1",,,"EXPORTER","ETS BENCHAIB SA","-","148","0","0","-","+212 5226-18249","-","-","-","-","+212 5226-18249","-",,,"0","0","17","4","0","2024-07-03 16:57:10"
"754","1",,,"IMPORTER","LAMONTE INTERNATIONAL DMCC","1703, MAZAYA BUSINESS AVENUE – BB1, JUMEIRAH LAKE TOWERS, DUBAI UAE","229","0","0","-","-","contact@lamontegroup.com","https://lamonteinternational.com/contact-us/","-","-","971527777656","-",,,"0","0","12","4","0","2024-07-03 16:57:16"
"755","1",,,"IMPORTER","FRUIT LAND TRADING","-","148","0","0","-","+212 5378-14042"," info@fruit-land-trading.com","-","-","-","+212 5378-14042","-",,,"0","0","17","4","0","2024-07-03 16:58:54"
"756","1",,,"IMPORTER","GLOBAL TRADE SOURCE SARL","-","148","0","0","-","+212 655-079020","-","-","-","-","+212 655-079020","-",,,"0","0","17","4","0","2024-07-03 17:00:20"
"757","1",,,"IMPORTER","SMTS ANGLE ","-","148","0","0","-","+212 5222-45524","apln-cgln@smtsmaroc.com","https://www.smtsmaroc.com/","-","apln-cgln@smtsmaroc.com","+212 5222-45524","-",,,"0","0","17","4","0","2024-07-03 17:03:52"
"758","1",,,"IMPORTER","SONBOLA DAHABIYA","Hay Moulay Abdallah (Ain Chok) street 289 n°20 Ain chok Casablanca - Morocco","148","0","0","-","+212668401556","info@sonbola-eg.com","-","MRS Noha","info@sonbola-eg.com","+212522216936","-",,,"0","0","17","4","0","2024-07-03 17:08:23"
"760","1",,"OLD DATA","IMPORTER","KA DUCK TRADING COMPANY( BIRD SORI)","982-1  JEGI-DONG, DONGDAEMUN-GU, SEOUL, KOREA","116","0","0","bcontactu","82-024313111","chowon7337@hanmail.net","WWW.CHOWONHERB.COM","MR.HAN","shim8807 [shim8807@nate.com]	","8229616089","-",,,"0","0","0","4","0","2024-07-06 11:52:00"
"761","1",,"OLD DATA","IMPORTER","KORYE TRADING CO. LTD.","3, HAMBAK-RO 92BEON-GIL, YEONSU-GU, INCHEON, SOUTH KOREA REGISTRATION NO.  852-87-01930","116","0","0","bcontactu","+1-302-786-5213","-","-","JOUNG YOUNG HUN","-","+82 1023 000321","-",,,"0","0","0","4","0","2024-07-06 12:22:43"
"762","1",,,"IMPORTER","GEBRüDER WEISS GMBH","Bundesstraße 110 6923 Lauterach","14","0","0","-","43.5574.696.1307","-","-","Hannah Malin","-","43.5574.696.2303","-",,,"0","0","17","4","0","2024-07-06 12:23:00"
"763","1",,"-","IMPORTER","GK TRADING CO.,LTD ( NEW ) R","100, Gomisul-ro, Dongdaemun-gu, Seoul, Republic of Korea ","116","0","0","bcontactu","82-23667-7062","-","-","MR. KIM","-","82-23667-7062","-",,,"0","0","0","4","0","2024-07-06 12:40:25"
"764","1",,"OLD DATA","IMPORTER","NATURE BEST","-","13","0","0","bcontactu","61418389864","Chris@naturesbest.com.au","-","MR JASON VAN PEELEN ","jason@natures-best.com.au","61363303188","-",,,"0","0","12","4","0","2024-07-06 12:49:51"
"765","1",,"OLD DATA","IMPORTER","KT PRESTON PTY LTD"," 34 Caravan St, Wendouree VIC 3355, Australia","13","0","0","bcontactu","(03) 5338 2187"," admin@ktpreston.com.au","https://www.ktpreston.com.au/contact","-","-","+61 3 5338 2187","-",,,"0","0","0","4","0","2024-07-06 12:52:42"
"766","1",,"OLD DATA","IMPORTER"," ARIFA GULF TRADING CO. W.L.L.","Office 12, Building 232, Exhibition Street.18, Hoora Manama، 321, Bahrain","17","0","0","bcontactu","+97317713353","-","-","-","-","+86-755-89517585","-",,,"0","0","0","4","0","2024-07-06 13:00:19"
"767","1",,"OLD DATA","IMPORTER","A OCHOA DISTRIBUTOR, IN","CALLE 2 #14, BO. TIBURONES BARCELONETA, PR 00617 PEURTO RICO","52","0","0","bcontactu","0017879701155","-","https://www.8agroup.com/contact","-","-","787-970-1155","-",,,"0","0","0","4","0","2024-07-06 13:09:57"
"768","1",,,"IMPORTER","KGH CUSTOMS SERVICES ÖSTERREICH GMBH","Regensburger Str. 3, 4020 Linz, Austria","14","0","0","-","+43 732 7713030","-","https://kghcustoms.com","-","-","+43 732 7713030","-",,,"0","0","17","4","0","2024-07-06 13:42:51"
"769","1",,,"IMPORTER","AVICENTRA S.R.O.","AVICENTRA S.R.O. STUDENEC 189 675 02 STUDENEC GPS 49.219281, 16.070053","57","0","0","420606320772","420731520515","miroslav.chladek@avicentra.cz","https://www.avicentra.cz/","MIROSLAV CHLÁDEK","avicentra@seznam.cz","420731520520","-",,,"0","0","12","4","0","2024-07-06 13:42:55"
"770","1",,"-","IMPORTER","F. URL & CO. GESELLSCHAFT MBH","RWA Raiffeisen Ware Austria AG 8502 Lannach, Industriestraße 3","14","0","0","-","+43 / 316 / 28 13 67, +43 / 3136 / 81100 -"," office@semona.at","http://www.f-url.at/index.php?lang=en"," Mr. Bolf"," office@semona.at","+00436765559150","-","-","-","0","0","0","4","0","2024-07-06 13:46:23"
"771","1",,"-","IMPORTER","DEGRO"," Reinhardtstraße 47, 10117 Berlin, Germany","82","0","0","-","9090777794","christian.wolf@degro.de,michael.kirstein@degro.de","https://www.degro.org/","MR MICHAEL","roland.berger@degro.de","499090777369 ","-","-","-","0","0","74","4","0","2024-07-06 13:48:57"
"772","1",,,"IMPORTER","PIONEER CASH & CARRY","18601 Pioneer Blvd. Artesia, CA 90701","14","0","0","-","+1(562) 809-9433","-","https://www.pioneercashandcarry.com/contact/","-","info@pioneercashandcarry.com","+1(562) 809-0004","-",,,"0","0","17","4","0","2024-07-06 13:50:34"
"773","1",,"OLD DATA","IMPORTER","BANATER BIO HANDEL GMBH","Hartmannsberger Str. 9, 87634 Obergünzburg, Germany","82","0","0","bcontactu","49 (0) 8372 98 03 07"," nadine.hirschberg@banater.com","https://www.banater.de/","NADINE HIRSCHBERG","nadine.hirschberg@banater.com","+49 8372 98030771","-",,,"0","0","0","4","0","2024-07-06 13:53:06"
"774","1",,"OLD DATA","IMPORTER","GALOKS GMBH"," Friedrich-Ebert-Straße 30, 04109 Leipzig, Germany","82","0","0","bcontactu","+49 176 41558253","-","https://www.galoks.org/","-","info@galoks.net"," +49 176 41558253","-",,,"0","0","12","4","0","2024-07-06 13:55:53"
"775","1",,"OLD DATA","IMPORTER","FAISAL AL DAOUD IMPORT EXPORT","-","111","0","0","bcontactu","-","-","-","-","-","+966 553814885","-",,,"0","0","0","4","0","2024-07-06 14:07:09"
"776","1",,,"IMPORTER","RAJAB HANIEH & SONS CO"," RAJAB HANIEH COMPLEX, AL LAWZAH ST 8, AMMAN 11118, JORDAN","111","0","0","962795587580","96264201356","-","-","-","-","+962 6 420 5607","-",,,"0","0","12","4","0","2024-07-06 14:10:23"
"777","1",,,"IMPORTER","AGROS TRADING GMBH"," Mühlbachstr. 151 4063 Hörsching Austria","14","0","0","+4372217215125","+43722173452","office@agros-trading.com"," http://www.agros-trading.com","-","klaus@fuchshuber.com","+436763150676","-",,,"0","0","17","4","0","2024-07-06 14:12:50"
"778","1",,"-","IMPORTER","GLATZ GMBH AND CO","Johannesgasse 23 1010 Wien Austria","14","0","0","+43 1 515 59-0","-","graz@glatz.co.at","https://glatz.co.at/","-","wien@glatz.co.at","-","-","-","-","0","0","0","4","0","2024-07-06 14:15:20"
"780","1",,"OLD SOFTWARE DATA","IMPORTER","AGROMARKET INTERNATIONAL LTD","9168 Ezerovo, Bulgaria","33","0","0","-"," +359 52 600 900","agromarket@mbox.contact.bg","https://agromarket.bg/contact/","-",".","+35952608508","-",".",".","0","0","0","4","0","2024-07-06 14:20:26"
"781","1",,,"IMPORTER","AGRO IMPORTS","Carlos, C. Quintero Arce 85, El Llano, Montebello, 83210 Hermosillo, Son., Mexico","142","0","0","-","-","-","-","-","-","+526622168199","-",,,"0","0","17","4","0","2024-07-06 14:21:41"
"782","1",,"OLD SOFTWARE DATA","IMPORTER","BON EOOD BON ","1 Bon Str. 5200 Pavlikeni Bulgaria","33","0","0","bcontactu","+359 61 051 210","info@bon.bg","https://www.bon.bg/en-us/site/contact","-","info@bon.bg","+359 61 051 210","-",,,"0","0","0","4","0","2024-07-06 14:23:28"
"783","1",,"Global data Safflower sheet","IMPORTER","BELACORN LTD.","62-B, TARGOVSKA STREET, 8600 YAMBOL, BULGARIA","33","0","0","bcontactu","+359 896 226262","office@belacorn.eu","https://belacorn.eu/","-","office@belacorn.eu","+359 89 622 6262","-",,,"0","0","0","4","0","2024-07-06 14:27:30"
"784","1",,,"IMPORTER","GENERAL COMMODITIES LTD","Индустриална зона, 7800 Popovo, Bulgaria","33","0","0","-","+359 82 828 277","-","-","-","-","+359 82 828 277","-",,,"0","0","17","4","0","2024-07-06 14:29:56"
"785","1",,,"IMPORTER","M INTERNATIONAL LTD","Head office: 99th Tzar Osvoboditel str","33","0","0","-","+359 54 833 345","info@m-international.net","-","-","info@m-international.net","-","-",,,"0","0","17","4","0","2024-07-06 14:31:32"
"786","1",,,"IMPORTER","MODULOR ROSITSA ZLATEVA LTD","-","33","0","0","-"," +359 61 864 280","-","-","-","-"," +359 61 864 280","-",,,"0","0","17","4","0","2024-07-06 14:32:45"
"787","1",,,"IMPORTER","DESANAS SL"," 45600, CALLE JULIO VERNE, 299, 45614 TALAVERA DE LA REINA, TOLEDO, SPAIN","205","0","0","-","-","compras@desanas.es","-","-ANTONIO","-","-","-",,,"0","0","17","4","0","2024-07-06 14:37:07"
"788","1",,"OLD DATA","IMPORTER","MANUFACTURAS TABERNER, S.A.","Avinguda Comarques del País Valencià, 261, 46930 Quart de Poblet, Valencia, Spain","205","0","0","bcontactu","-","taberner@taberner.es","https://www.taberner.es/contacto/","caralos ","taberner@taberner.es","+34 961 59 73 80","-",,,"0","0","0","4","0","2024-07-06 14:41:15"
"789","1",,"-","IMPORTER","RISOIL S.A. BRUNCH VARNA","3, NIKOLA VAPTZAROV ST., OFFICE 6 9000, VARNA, BULGARIA","33","0","0","-","+359 (52) 71 26 26","OFFICE@RISOIL.BG","https://risoil.com/en/contacts/","-","OFFITSE@RISOIL.BG","+359 (52) 71 26 26","-",,,"0","0","0","4","0","2024-07-06 14:42:03"
"790","1",,,"IMPORTER","INFINITY STAR GROUP LTD","Apostol Karamitev str. 4, 2nd floor, Burgas, 8000 Bulgaria","33","0","0","-","-","-","https://www.inf-star-group.com/","-","-","-","-",,,"0","0","17","4","0","2024-07-06 14:44:15"
"791","1",,"OLD DATA","IMPORTER","CONNELL BROS ","12F, 102, Kuang Fu S. Rd., Taipei City, Taipei, 106664 Taiwan","214","0","0","bcontactu","886225362283","CATHY.FAN@WECOCBC.COM,INFO@WECOCBC.COM","www.cbctwn.com.tw ","Cathy","CATHY.FAN@WECOCBC.COM","886932149757","-",,,"0","0","0","4","0","2024-07-06 14:52:55"
"792","1",,,"IMPORTER","JEAN HERVE SARL","Jean Hervé SAS  Rue de la république  36700 CLION","75","0","0","-","02 54 38 66 03","hervemaia@yahoo.fr, facturation@jeanherve.fr ","https://www.jeanherve.fr/en/content/30-contact-us","-","qualite@jeanherve.fr","02 54 38 66 03","-",,,"0","0","17","4","0","2024-07-06 14:55:13"
"793","1",,,"IMPORTER","EBI FRANCE SARL FRANCE","EBI France (Food Division) Sàrl 2 rue des Flandres 68100 Mulhouse France","75","0","0","-","+33-389 66 10 04","info@ebifrance.com","http://ebifrance.com/contacts.html","-","info@ebifrance.com","-","-",,,"0","0","17","4","0","2024-07-06 14:57:42"
"794","1",,"PALLAVI  FRANCE","IMPORTER","COGESER - INTERNATIONAL BROKERAGE IN PULSES TRADE","31 Avenue des Champs-Elysées  75008 Paris  France","75","0","0","-","+33(0) 1 58 56 22 00","cogeser@cogeser.com","https://cogeser.com/#:~:text=COGESER%20is%20a%20brokerage%20company,until%20his%20retirement%20in%20","Mr. Henk","-","+33(0) 1 58 56 22 00","-",,,"0","0","60","4","0","2024-07-06 15:01:11"
"795","1",,,"IMPORTER","DCA DISTRIBUTION","12 Chem. des Mûriers, 69740 Genas, France","75","0","0","-"," +33 4 78 82 08 86","commande@dca-distribution.fr","https://www.dca-distribution.fr/nous-contacter","-","commande@dca-distribution.fr"," +33 4 78 82 08 86","-",,,"0","0","17","4","0","2024-07-06 15:04:55"
"796","1",,"PALLAVI FRANCE","IMPORTER","SARL SVA TRADING","13 piot Alley 30660 Gallargues-le-Montueux","75","0","0","bcontactu","0466040025","SVA-NEGOCE@SVA NEGOCE.COM","https://www.sva-negoce.fr/contact","-","-","0466040025","-",,,"0","0","0","4","0","2024-07-06 15:08:03"
"797","1",,,"IMPORTER","SEMENTAL","2, Boulevard Marie and Alexandre Oyon, 72100 Le Mans","75","0","0","-","02 43 76 22 94","orders@semental.fr","https://semental.fr/contact/","-","orders@semental.fr","02 43 76 22 94","-",,,"0","0","17","4","0","2024-07-06 15:17:10"
"798","1",,"OLD DATA","IMPORTER","SHAN WA TRADING COMPANY LIMITED","1F., NO. 7, LANE 213, DATONG RD., SHANHUA DIST., TAINAN CITY 741, TAIWAN (R.O.C.) ","214","0","0",,"-","shengnung@hibox.hi.net","-","-","-","88665810532 ","-",,,"0","0","11","4","0","2024-07-06 15:19:03"
"799","1",,"OLD DATA","IMPORTER","U.LEK TRADING CO., LTD.","157 Phutthabucha 36 Alley, Bang Mot, Thung Khru, Bangkok 10140, Thailand","217","0","0","bcontactu","+66 2 426 4324","-","https://www.ulek.com/lander?lang=th","MS. PANJARAT","sales@ulek.com","66 - 2 - 8707791","-",,,"0","0","0","4","0","2024-07-06 15:22:45"
"800","1",,,"IMPORTER","AG ALMACENES GONZALEZ DE COSTA RICA","ANGELES, BODEGA # 2. CARTAGO,OCHOMO ALTO OCHOMOGO C 30104 COSTA RICA","52","0","0","-","-","-","-","-","-","+50625371515","-",,,"0","0","12","4","0","2024-07-06 16:13:02"
"801","1",,"OLD DATA","IMPORTER","ALEX SOLEAS & SON LTD","Poleodomias 18, 1037 Nicosia, Cyprus","56","0","0","bcontactu","+357 22 437242 ","sales@alexsoleas.eu","https://alexsoleas.eu/contact-us/","-","sales@alexsoleas.eu","+357 22 437243","-",,,"0","0","0","4","0","2024-07-06 16:24:59"
"807","1",,"OLD SOFTWARE DATA","IMPORTER","SUPRA FEEDS ENTERPRISES INC.","1087 North Bay Boulevard Navotas, 1485 Philippines","173","0","0","63-22826552","+63-9175751780","rosem.rmaquinotrading@gmail.com","-","ROSE","info@suprafeeds.com","+639122589951(myleen) +63-9479920783","-",,,"0","0","0","4","0","2024-07-11 14:44:45"
"808","1",,,"IMPORTER","LLC ""SPC BIOPHARMTOX""	","PROSPECT ELIZAROVA BUILDING 34B PART 1H OFFICE 447 SAINT-PETERSBURG, 192148,RUSSIAN FEDERATION","181","0","0","+7 (812) 615-77-25 (","-","Irina.Chepurova@mealberry.ru","www.mealberry.ru","Irina Chepurova","Irina.Chepurova@mealberry.ru","+7 (906) 254-17-12","-",,,"0","0","11","4","0","2024-07-11 14:59:23"
"809","1",,,"IMPORTER","UNION FOOD INDUSTRY CO. LTS","139 Moo8 Omyai, Sampran, Nakornpathom 73160, 73160, Thailand","217","0","0","-","6624202163","ellen@unionfood.com","-","ANANDA","ELLEN@UNIONFOOD.COM","6624200088","-",,,"0","0","36","4","0","2024-07-13 13:35:00"
"810","1",,,"IMPORTER","CLASICA LIMITED PARTNERSHIP	"," 60 Patthana Chonabot 3 Rd, Klongsong Tonnoon, Lat Krabang, Bangkok 10520, Thailand","217","0","0","-","66817774421","	classica.th@hotmail.com","https://www.hansathailand.com/contactus","ROLAND PEMBERGER .","classica-premium@hotmail.com","+66 2 102 6366","-",,,"0","0","17","4","0","2024-07-13 13:38:48"
"811","1",,,"IMPORTER","THANANOP TRADING CO., LTD.	","645M+87 Lamnarai, Chai Badan District, Lopburi, Thailand","217","0","0","66819345355","819345355","thananoptrading@hotmail.com","https://www.thananop-trading.com/","KHUN WITTAYA","thananop.aree@gmail.com","+6636461254","-",,,"0","0","17","4","0","2024-07-13 13:43:19"
"812","1",,,"IMPORTER","MARTIN BENCHER (THAILAND) CO. LTD","318 Sukhumvit Rd. Khlong Toei, Bangkok 10110, Thailand","217","0","0","+66 89 206 2065","+66 89 206 2065","-","https://www.maersk.com/martin-bencher","-","-","-","-",,,"0","0","17","4","0","2024-07-13 13:53:33"
"815","1",,"-","IMPORTER","DAEGU AGRICULTURAL PRODUCTS CO LTD","  2257-8 Anhyeon - ro, Gangdong-myeon, Gyeongju-si, Gyeongsangbuk- do","116","0","0","bcontactu","-","	dgns0622@hanmail.net","http://daegugnf.com/?ckattempt=2"," Tae Heon Kim","dgns0622@hanmail.net","+82 7077341313.","-",,,"0","0","0","4","0","2024-07-13 14:24:30"
"816","1",,"OLD DATA","IMPORTER","TOTAL TRADE INTERNATIONAL","H, 12 Sonargaon Janapath, Dhaka 1230, Bangladesh","18","0","0","bcontactu","-","-","-","-","-"," +880 1840-000705","-",,,"0","0","0","4","0","2024-07-13 14:29:49"
"817","1",,,"IMPORTER","ASHKARY INTERNATIONAL TRADE","bangladesh","18","0","0"," -880-28060149","-","-","-","-","-","-","-",,,"0","0","17","4","0","2024-07-13 14:35:40"
"818","1",,,"IMPORTER","VASPRA SDN BHD","102, Block C, Jalan PJS 3/55, Taman Sri Manja, 46000 Petaling Jaya, Selangor, Malaysia","132","0","0","+60377817942","+60 3-2935 9005","-","-","0","-","+60377817677","-",,,"0","0","4","4","0","2024-07-13 14:36:03"
"819","1",,,"IMPORTER","MADINA TRADER ","bangladesh","18","0","0","8801615615055","-","sales@madinatrade.com","-","-","mayeen@madinatrades.com","-","-",,,"0","0","17","4","0","2024-07-13 14:37:21"
"820","1",,,"IMPORTER","WCH INTERNATIONAL","119 Kirulapone Ave, Colombo 00500, Sri Lanka","206","0","0","-","-","-","-","-","-","+94114884456","-",,,"0","0","17","4","0","2024-07-13 14:42:42"
"821","1",,,"IMPORTER","DARGOL COMPANY","4MQQ+649, Zakho, Duhok Governorate, Iraq","104","0","0","-","-","-","-","-","-","+964 751 460 9782","-",,,"0","0","0","4","0","2024-07-13 14:52:43"
"822","1",,"OLD DATA","IMPORTER","DOLPHIN SEA TRADING CO LLC","Sulaymaniyah, Sulaymaniyah Governorate, Iraq","104","0","0","bcontactu","-","dolphinseaco@gmail.com","https://www.dolphinsea.co/en/","-","info@dolphinsea.co","+964 770 152 0590","-",,,"0","0","0","4","0","2024-07-13 14:56:35"
"823","1",,"-","IMPORTER","MESKLIFLOWER","EN 354 Saipol, 6060-263 Ladoeiro, Portugal","176","0","0","bcontactu","-","geral@meskliflower.com","http://www.meskliflower.com/#contact","-","geral@meskliflower.com","+351 21 981 4795","-",,,"0","0","0","4","0","2024-07-13 15:03:27"
"824","1",,"OLD DATA","IMPORTER","FERRER SEGARRA, S.A.","Ctra. Simat, s/n, 46800 Xàtiva, Valencia, Spain","205","0","0",,"962 276 161","ferrer@ferrersegarra.com","https://www.ferrersegarra.com/es/","MR PASCALL","-","34962276161","-",,,"0","0","11","4","0","2024-07-13 15:12:00"
"825","1",,"Ukraine white sorghum ","IMPORTER","LEGUMBRES IMPERIAL","Ctra. Antigua Madrid, Autovía de Toledo, 34-700, 45200 Illescas, Spain","205","0","0","-","-","-","-","-","imperial@legumbresimperial.com","+34 925 51 11 96","-",,,"0","0","0","4","0","2024-07-13 15:14:42"
"826","1",,,"IMPORTER","ALMACEN GONZáLEZ CR SA","C. 50, Provincia de Cartago, Cartago, Lima, Costa Rica","52","0","0","-","-","-","-","-","-","+506 2537 1515","-",,,"0","0","17","4","0","2024-07-13 15:21:00"
"827","1",,"sorghum data","IMPORTER","AGRARHANDEL  OSTERHOLZER GMBH & CO. KG","Gewerbegebiet Am Bahnhof, Bahnhofstraße 3, 84323 Massing, Germany","82","0","0","bcontactu","+499954930111","vkhe@osterholzer-agrar.de","https://www.osterholzer-agrar.de/","-"," info@osterholzer-agrar.de","+49872496210","-",,,"0","0","0","4","0","2024-07-13 15:29:30"
"828","1",,,"IMPORTER","ANDREAS SCHMID LOGISTIK AG"," Andreas-Schmid-Straße 1, 86368 Gersthofen, Germany","82","0","0","-","-"," info@andreas-schmid.de"," www.andreas-schmid.de","-","-","+49 821 49840","-",,,"0","0","0","4","0","2024-07-13 15:33:44"
"829","1",,"*-","IMPORTER","CHRISTOPH UND FRANZ ERDTMANN GMBH & CO. KG","Söllerstraße 29, 21481 Lauenburg/Elbe, Germany","82","0","0","bcontactu","-","info@erdtmann.com","https://www.erdtmann.com","-","info@erdtmann.com","+49 4153 58600","-",,,"0","0","0","4","0","2024-07-13 15:37:39"
"830","1",,"Global Safflower Data","IMPORTER","INTERPRO INTERNATIONAL GORINCHEM B.V.","Melkpad 4 4201 HN Gorinchem ","155","0","0","+31 183 635800","-","interpro@interpro.net","https://interpro.net/","Danny Neeman","interpro@interpro.net","+31183635800","-",,,"0","0","12","4","0","2024-07-22 17:35:00"
"831","1",,"Global Safflower Data","IMPORTER","MAG KFT","1047 Budapest, Baross u. 99.","99","0","0","bcontactu"," +36 1 369 1950","info@magmilling.hu","https://magmilling.hu/","-","info@magmilling.hu","+36 1 231 0868","-",,,"0","0","0","4","0","2024-07-22 17:50:21"
"832","1",,"Global data Safflower sheet","IMPORTER","HASSEEB SAFI HASHORI TRADING","-","1","0","0","-","-","-","-","-","-","-","-",,,"0","0","12","4","0","2024-07-23 14:16:29"
"833","1",,"Global data Safflower sheet","IMPORTER","ZAKIR NASRAT MANUFACTURING COMPANY","-","1","0","0","-","-","-","-","-","-","-","-",,,"0","0","12","4","0","2024-07-23 14:21:34"
"834","1",,"Global data Safflower sheet","IMPORTER","MOFEED GROUP INDUSTRIAL MANUFACTURING COMPANY","Mazar Kabul Highway, Railway station near to two ways Hairatan,Mazar Afghanistan","1","0","0","bcontactu","+93 79 376 7574","info@mofeed.af","http://mofeed.af/","-","info@mofeed.af","+93 79 376 7574","-",,,"0","0","0","4","0","2024-07-23 14:24:20"
"835","1",,"Global data Safflower sheet","IMPORTER","SAMAD GHAFOOR SHARIFI LTD","-","1","0","0","-","-","-","-","-","-","-","-",,,"0","0","12","4","0","2024-07-23 14:28:50"
"836","1",,"Global data Safflower sheet","IMPORTER","ADAM ELYAS LTD","-","1","0","0","-","-","-","-","-","-","-","-",,,"0","0","12","4","0","2024-07-23 14:30:20"
"837","1",,"Global data Safflower sheet","IMPORTER","UNION 09 LTD"," 6000 Stara Zagora, Bulgaria","33","0","0","+359883503050","+359 88 473 7000","n.atanasova@union.bg","https://union.bg/","Valeria ","v.ivanova@union.bg","+359882449444","-",,,"0","0","12","4","0","2024-07-23 14:43:27"
"838","1",,"Global data Safflower sheet","IMPORTER","AGRONART CORPORATION","453 Wyecroft Rd, Oakville, ON L6K 2H2, Canada","38","0","0","-","+1 905-901-5007"," info@agronart.ca","https://agronart.ca/Welcome/contact.html","-","-","+1 905-901-5007","-",,,"0","0","12","4","0","2024-07-23 14:53:13"
"839","1",,"OLD DATA","IMPORTER","VAN CAMP NIFRA","Lange Kroonstraat 173, 2530 Boechout, Belgium","21","0","0","bcontactu","-","-","https://www.openingsurengids.be/van-camp/boechout/1","nico","nifra.vancamp@skynet.be","+32 3 455 21 99","-",,,"0","0","0","4","0","2024-07-23 15:07:38"
"840","1",,"OLD DATA","IMPORTER","HANDEGRO GMBH"," Sassenfeld 6A, 41334 Nettetal, Germany","82","0","0","bcontactu","-","-","https://handegro.de/","Ms. Ragina","info@handegro.de","+49 2153 1399880","-",,,"0","0","0","4","0","2024-07-23 15:23:10"
"841","1",,"OLD DATA","IMPORTER","CHUROV GMBH"," Pfinztalstraße 90, 76227 Karlsruhe, Germany","82","0","0","-","-","-","http://www.churov.de/","-","-","+49 721 6609125","-",,,"0","0","12","4","0","2024-07-23 15:25:49"
"842","1",,"OLD DATA","IMPORTER","SAATENBERG H&C GMBH","Rheinstraße 219, 76532 Baden-Baden, Germany","82","0","0","bcontactu","-","-","https://www.saatenberg.com/","arthur ","-","+49 7221 9959001","-",,,"0","0","0","4","0","2024-07-23 17:57:33"
"843","1",,"Global data Safflower sheet","IMPORTER","JOSEFINO TRADING","-","173","0","0","bcontactu","-","-","-","-","josefino.trading@gmail.com","+63-8-218-4108","-",,,"0","0","0","4","0","2024-07-24 11:57:13"
"844","1",,"OLD DATA","IMPORTER","INGRAN BV ","Eburonenlei 2, Schoten 2900, Belgium","21","0","0","bcontactu","-","info@ingran.eu","https://www.ingran.eu/","sergey","info@ingran.eu","+32.3.322.98.27","-",,,"0","0","0","4","0","2024-07-24 12:32:18"
"845","1",,"OLD DATA","IMPORTER","CHMFOODS PTY LTD","42 Whitfield Bvd, Cranbourne West VIC 3977, Australia","13","0","0","-","-","--","-","-","-","+61 411 570 870","-",,,"0","0","12","4","0","2024-07-24 12:39:39"
"846","1",,"OLD DATA","IMPORTER","NWADER ABU ALI BIRDS AND VETERINARY AND TRADING","Rd No 309, Hamad Town, Bahrain","17","0","0","bcontactu","-","-","https://www.instagram.com/hussain83bahrain/","Husain","-"," +973 3320 7757","-",,,"0","0","0","4","0","2024-07-24 12:42:57"
"848","1",,"OLD DATA","IMPORTER","  AC IMPORTADORA DE TURRúCARES S.A"," WMXM+R3C, Ruta Nacional Secundaria 136, Provincia de Alajuela, Turrúcares, Costa Rica","52","0","0","-","-","-","-","-","-","+506 2487 9006","-",,,"0","0","12","4","0","2024-07-24 13:27:29"
"849","1",,"Global data Safflower sheet","IMPORTER","HANDEL ARTYKUŁAMI ROLNO - SPOŻYWCZYMI I NASIENNYMI WOJ-NAS WOJCIECH GAWORSKI","Sadowska 5, 98-355 Działoszyn, Poland","175","0","0","726 040 010","+48 604 250 237","gaworski@vp.pl","https://www.wojnas.agro.pl/","-","biuro@wojnas.agro.pl","-","-","-","-","0","0","13","4","0","2024-07-24 13:31:39"
"850","1",,"Global data Safflower sheet","IMPORTER","OLENA KIKOT OLENA MARIA","-","175","0","0","bcontactu","-","-","-","-","-","+48508142270","-",,,"0","0","0","4","0","2024-07-24 13:34:35"
"851","1",,"OLD DATA","IMPORTER","GRANVER DOO","Subotica Zetska 1a/29.","193","0","0","-","-","-","https://graintrade.com.ua/en/traider/granver-doo-id19643","Marinel Pasku","-","+381 63 7768494","-",,,"0","0","12","4","0","2024-07-24 13:54:10"
"852","1",,"Global data ","IMPORTER","LOUIDOR AG","Bösch 73  6331 Hünenberg  Switzerland","212","0","0","bcontactu","-","operations@louidor.ch","https://www.louidor.ch/","-","operations@louidor.ch","+41 41 874 00 00","-",,,"0","0","0","4","0","2024-07-25 16:19:30"
"853","1",,"Global data Safflower sheet","IMPORTER","TRADE AGRO SP. Z O.O.","NIP 584 26 89 594 REGON 220938115 KRS 0000346715","175","0","0"," +48 534 444 939"," (+48) 731 450 400","biuro@tradeagro.pl","https://www.tradeagro.pl/en/contact/","-","biuro@tradeagro.pl","(+48) 53 59 35 405","-",,,"0","0","12","4","0","2024-07-27 12:38:58"
"854","1",,"Global data Safflower sheet","IMPORTER","BEST NATURAL IWONA RZAD","Ul. Sienkiewicza 7, 23-300 Janów Lubelski Czynne od poniedziałku do piątku w godzinach 8-16","175","0","0","-","+48 725 100 445","best-natural@wp.pl","https://best-natural.pl/kontakt/","-"," biuro@best-natural.pl","+48 725 100 445","-",,,"0","0","12","4","0","2024-07-27 13:33:12"
"855","1",,"Global data Safflower sheet","IMPORTER","PPUH ZENEK","Bukowska Wola 57 32-200 Miechow","175","0","0","-"," +48 602 636 287","ppuhzenek@wp.pl","http://www.ppuhzenek.pl/","-","-","+48 (41) 383 34 92","-",,,"0","0","12","4","0","2024-07-27 13:36:51"
"856","1",,"Global data Safflower sheet","IMPORTER","MDM POLSKA","Multi-industry company MDM Marzenna Stolarczyk  Maliniec 5 97-438 Rusiec","175","0","0","-","+48 791 217 833","biuro@sklep-mdmpolska.pl","https://sklep-mdmpolska.pl/kontakt","Mateusz","biuro@mdmpolska.pl","+48 791 217 833","-","poland company","-","0","0","75","4","0","2024-07-27 13:42:31"
"857","1",,"Global data Safflower sheet","IMPORTER","BROMEX SPOLKA Z O O","Wola Wiązowa 83 97-438 Rusiec Poland","175","0","0","-","+48 (43) 333 00 72","biuro@bromex.com.pl","https://bromex.com.pl/en/contact/","--","biuro@bromex.com.pl","+48 (43) 333 00 72","-","-","-","0","0","13","4","0","2024-07-27 13:45:09"
"858","1",,"Global data Safflower sheet","IMPORTER","PIAST AGRO SP Z O O","Dębno 400 32-852 Dębno Poland","175","0","0","bcontactu","-","biuro(at)piastagro.pl","https://www.gorczyca.com.pl/","-","biuro(at)piastagro.pl","-+48 14 66 30 940","-",,,"0","0","0","4","0","2024-07-27 13:48:00"
"859","1",,"OLD DATA","IMPORTER","GLOBAL HOLDINGS BOTSWANA PROPRIETARY LIMITED","PLOT 74204 UNIT 1 BLOCK 3 BROADHURST GABORONE, B999 Botswana","28","0","0","-","-","-","-","-","-","2673904941","-",,,"0","0","0","4","0","2024-07-27 13:48:54"
"860","1",,"Global data Safflower sheet","IMPORTER","PODYMA IMPORT TRADE EXPORT","woj. ŁÓDZKIE pow. pajęczański, gm. Działoszyn Trębaczew, ul. Dojazdowa 1, 98-355","175","0","0","-"," +48 785 517 513","biuro@podyma.pl","http://podyma.pl/?lang=en","-","biuro@podyma.pl"," +48 785 517 513","-",,,"0","0","12","4","0","2024-07-27 13:51:55"
"861","1",,"Global data Safflower sheet","IMPORTER","WS TRADE PLUS SP Z O O SP COM","ul. Generała Fieldorfa Nila 18/25 24-100 Puławy / woj. lubelskie","175","0","0","690 307 367","81 881 62 80","biuro@wstrade.pl","https://wstrade.pl/kontakt/","-","m.kukier@wstrade.pl","508 430 051","-",,,"0","0","12","4","0","2024-07-27 13:55:25"
"862","1",,"Global data Safflower sheet","IMPORTER","CALIBER ESSENTIALS PTE LTD","-","196","0","0","-","-","-","-","-","-","-","-",,,"0","0","12","4","0","2024-07-27 14:01:23"
"863","1",,"OLD DATA","IMPORTER","AGRIWELL S.R.O."," Plzeňská 3351/19, 150 00 Prague, Czech Republic","57","0","0","bcontactu","+420 226 208 232","info@agriwell.com","https://www.agriwell.com/en/kontakty","ANDREY","OFFICE@AGRIWELL.COM","+420 224 242 010","-",,,"0","0","0","4","0","2024-07-27 14:11:27"
"864","1",,"Global data Safflower sheet","IMPORTER","WHM PET GROUP LIMITED","The Beeches  86 High Street  Holme Upon Spalding Moor  York  YO43 4AA","230","0","0","-","01245 612019","info@marriagesmillers.co.uk","https://www.marriages.co.uk/","-","-","01245 612019","-",,,"0","0","12","4","0","2024-07-27 14:16:03"
"865","1",,"Global data Safflower sheet","IMPORTER","APLL UK LTD","-","230","0","0","-","-","-","-","-","-","-","-",,,"0","0","12","4","0","2024-07-27 14:20:09"
"866","1",,"OLD DATA","IMPORTER"," YALCINKAYA SPICE TRADE GMBH","Lilienthalstraße 23, 64625 Bensheim, Germany","82","0","0","-","-","-","https://www.yalcinkayabiber.com/","-","-","+49625165822","-",,,"0","0","12","4","0","2024-07-27 14:22:00"
"867","1",,"Global data Safflower sheet","IMPORTER","GLOBAL HARVEST FOODS LTD","16000 Christensen Rd Ste 300 Seattle, WA 98188","231","0","0","-"," (206) 957-1350","cs@ghfoods.com ","https://ghfoods.com/contact","-","cs@ghfoods.com ","1 (888) 290-9430","-",,,"0","0","12","4","0","2024-07-27 14:24:21"
"868","1",,"Global data Safflower sheet","IMPORTER","PENNINGTON SEED INC","PENN PAK III 800 PENNINGTON ROAD, SIDNEY","231","0","0","+1 308-254-0301","-"," seeds@penningtonseed.com","https://www.pennington.com/email-sign-up","-","-","-","-",,,"0","0","0","4","0","2024-07-27 14:33:53"
"869","1",,"OLD DATA","IMPORTER","ACTIVE FOOD ","Mala Omer Village Oppiste Befrin City Erbil / IRAQ","104","0","0","bcontactu","-","info@activefood.net","https://www.activefood.net/contact.html","-","info@activefood.ne","0750 892 08 74","-",,,"0","0","0","4","0","2024-07-27 14:36:57"
"870","1",,"OLD SOFTWARE DATA","IMPORTER","ATLANTIC GRAIN AND TRADE 496 BRAMSON","496 Bramson Ct, Suite 140 Mt. Pleasant, SC 29464","231","0","0","-","843) 388-3676","info@atlanticgrain.com","https://atlanticgrain.com/","-","info@atlanticgrain.com"," (952) 283-1418","-",,,"0","0","12","4","0","2024-07-27 14:37:44"
"871","1",,"Global data Safflower sheet","IMPORTER","GIYON MART","-","231","0","0","-","-","-","-","-","-","-","-",,,"0","0","12","4","0","2024-07-27 14:42:54"
"872","1",,"OLD DATA","IMPORTER","EKO FARM","Juozapaviciaus str. 104B  Kaunas, Lithuania  LT - 45108","126","0","0","bcontactu","+370 607 69990","-","https://www.ekofarm.lt/en","Gediminas,AURIMUS","info@ekofarm.lt","+370 666 00525","-",,,"0","0","0","4","0","2024-07-27 14:44:10"
"873","1",,"Global data Safflower sheet","IMPORTER","JAMAL H. ALI HABTOOR","-","243","0","0","-","009672383150","-","-","-","-","009672383150","-",,,"0","0","12","4","0","2024-07-27 14:44:13"
"874","1",,"Global data Safflower sheet","IMPORTER","LLC DAVR DON IMPORT","-","234","0","0","-","-","-","-","-","-","-","-",,,"0","0","12","4","0","2024-07-27 14:47:35"
"875","1",,"Global data Safflower sheet","IMPORTER","LLC RAJABOV INVEST 777","-","234","0","0","-","-","-","-","-","-","-","-",,,"0","0","12","4","0","2024-07-27 14:49:07"
"876","1",,"Global data Safflower sheet","IMPORTER","OOO FARG ONA BEST MEVA","-","234","0","0","-","-","-","-","-","-","-","-",,,"0","0","12","4","0","2024-07-27 14:50:10"
"877","1",,"Global data Safflower sheet","IMPORTER","OOO SHUVAR AGRO TAMINOT","-","234","0","0","-","-","-","-","-","-","-","-",,,"0","0","12","4","0","2024-07-27 14:54:02"
"878","1",,"OLD DATA","IMPORTER","FARMACIA VETERINARIA EL TRéBOL S.A. DE C.V."," Av Zuazua 201, Primera, 21100 Mexicali, B.C., Mexico","142","0","0","-","-","-","-","-","-","+52 686 552 4410","-",,,"0","0","12","4","0","2024-07-27 14:54:08"
"879","1",,"Global data Safflower sheet","IMPORTER","OOO DAVR DON IMPORT","-","234","0","0","-","-","-","-","-","-","-","-",,,"0","0","12","4","0","2024-07-27 14:54:54"
"880","1",,"OLD DATA","IMPORTER","MINA NYCO IMERYS","83357 Hermosillo, Sonora, Mexico","142","0","0","-","-","-","-","-","-","+526622891000","-",,,"0","0","12","4","0","2024-07-27 14:56:31"
"881","1",,"Global data Safflower sheet","IMPORTER","OOO PAKTACHI RODNIK YOG","-","234","0","0","-","-","-","-","-","-","-","-",,,"0","0","12","4","0","2024-07-27 14:57:23"
"882","1",,"Global data Safflower sheet","IMPORTER","OOO CLEVER STEP","-","234","0","0","-","-","-","-","-","-","-","-",,,"0","0","12","4","0","2024-07-27 14:58:41"
"883","1",,"Global data Safflower sheet","IMPORTER","JSC AZODBEK ALIBEK OMADLARY","-","234","0","0","-","-","-","-","-","-","-","-",,,"0","0","12","4","0","2024-07-27 15:00:29"
"884","1",,"Global data Safflower sheet","IMPORTER","LLC FLOUR ASIA","-","234","0","0","-","-","-","-","-","-","-","-",,,"0","0","12","4","0","2024-07-27 15:01:50"
"885","1",,"Global data Safflower sheet","IMPORTER","LLC FOREVER SERVICE","-","234","0","0","-","-","-","-","-","-","-","-",,,"0","0","12","4","0","2024-07-27 15:02:49"
"886","1",,"OLD DATA","IMPORTER","PEARL FOOD INDUSTRY","-","166","0","0","-","-","-","-","-","-","-","-",,,"0","0","12","4","0","2024-07-27 15:03:42"
"887","1",,"Global data Safflower sheet","IMPORTER","LLC GRAF YOG MOY EKSTRAKTSIYA","-","234","0","0","-","-","-","-","-","-","-","-",,,"0","0","12","4","0","2024-07-27 15:04:39"
"888","1",,"Global data Safflower sheet","IMPORTER","OOO KOSIMZODA TUYCHI","-","234","0","0","-","-","-","-","-","-","-","-",,,"0","0","12","4","0","2024-07-27 15:05:39"
"889","1",,"Global data Safflower sheet","IMPORTER","OOO FERGANA BEST MEVA","-","234","0","0","-","-","-","-","-","-","-","-",,,"0","0","12","4","0","2024-07-27 15:06:35"
"890","1",,"Global data Safflower sheet","IMPORTER","OOO BUYUK IMPERIAL SERVICE","-","234","0","0","-","-","-","-","-","-","-","-",,,"0","0","12","4","0","2024-07-27 15:09:54"
"891","1",,"Global data Safflower sheet","IMPORTER","OOO GRAF OIL OIL EXTRACTION","-","234","0","0","-","-","-","-","-","-","-","-",,,"0","0","12","4","0","2024-07-27 15:11:01"
"892","1",,"Global data Safflower sheet","IMPORTER","OOO KIFTI OB BARAKA CHORVA","-","234","0","0","-","-","-","-","-","-","-","-",,,"0","0","12","4","0","2024-07-27 15:11:59"
"893","1",,"OLD DATA","IMPORTER","MEKE COMMODITY TRADE HOUSE DMCC","Jewellery Gemplex Dubai UAE","229","0","0","-","-","-","-","-","-","00905326650642","-",,,"0","0","12","4","0","2024-07-27 15:12:37"
"894","1",,"Global data Safflower sheet","IMPORTER","LLC PAXTACHI MASLOSET","-","234","0","0","-","-","-","--","-","-","-","-",,,"0","0","12","4","0","2024-07-27 15:13:07"
"895","1",,"Global data Safflower sheet","IMPORTER","XK OZODBEK ALIBEK OMADLARL","-","234","0","0","-","-","-","-","-","-","-","-",,,"0","0","12","4","0","2024-07-27 15:13:48"
"896","1",,"Global data Safflower sheet","IMPORTER","LLC MMM MAX","-","234","0","0","-","-","-","-","-","-","-","-",,,"0","0","12","4","0","2024-07-27 15:14:39"
"897","1",,"Global data Safflower sheet","IMPORTER","ZAMIR AMON FARM","-","234","0","0","-","-","-","-","-","-","-","-",,,"0","0","12","4","0","2024-07-27 15:16:06"
"898","1",,"Global data Safflower sheet","IMPORTER","OOO BEXRUZ NAMOZ MAXMUD MURODJON LLC","Uzbekistan, Bukhara region, Vabkent, street BERUNI, 15","234","0","0","-","9144919835","-","-","-","-","-","-",,,"0","0","12","4","0","2024-07-27 15:19:17"
"899","1",,"Global data Safflower sheet","IMPORTER","BUYUK IMPERIAL SERVICE LLC","-","234","0","0","-","-","-","-","-","-","-","-",,,"0","0","12","4","0","2024-07-27 15:31:29"
"900","1",,"Global data Safflower sheet","IMPORTER","OOO ABDULAZIZ SEVARA IS WANTED","-","234","0","0","-","-","-","-","-","-","-","-",,,"0","0","12","4","0","2024-07-27 15:32:47"
"901","1",,"OLD DATA","IMPORTER","SUN IMPEX INTERNATIONAL FOODS LLC","57P7+3VH - Burlington Tower - Business Bay - Dubai - United Arab Emirates","229","0","0","bcontactu","-","sales@sunimpex.biz","https://sunimpex.biz/","jasmine","-","+971 4 3322673","-",,,"0","0","0","4","0","2024-07-27 15:33:55"
"902","1",,"Global data Safflower sheet","IMPORTER","OOO UNISON PROJECT SOLUTION","-","234","0","0","-","-","-","-","-","-","-","-",,,"0","0","12","4","0","2024-07-27 15:34:55"
"903","1",,"Global data Safflower sheet","IMPORTER","FX DEWY BIRD","-","234","0","0","-","-","-","-","-","-","-","-",,,"0","0","12","4","0","2024-07-27 15:36:50"
"904","1",,"Global data Safflower sheet","IMPORTER","OOO BUYUK IMPERIAL SERVICE REPUBLIC OF UZBEKISTAN","-","234","0","0","-","-","-","-","-","-","-","-",,,"0","0","12","4","0","2024-07-27 15:38:49"
"905","1",,"Global data Safflower sheet","IMPORTER","OOO BUNYODBEK TRUST 2020","-","234","0","0","-","-","-","-","-","-","-","-",,,"0","0","12","4","0","2024-07-27 15:39:54"
"906","1",,"Global data Safflower sheet","IMPORTER","PARTNER BUSINESS AT OOO","-","234","0","0","-","-","-","-","-","-","-","-",,,"0","0","12","4","0","2024-07-27 15:42:02"
"907","1",,"Global data Safflower sheet","IMPORTER","OOO KHAMKOR ALI","-","234","0","0","-","-","-","-","-","-","-","-",,,"0","0","12","4","0","2024-07-27 15:43:33"
"908","1",,"OLD DATA","IMPORTER","EKO HRANA 021","Žarka Vasiljevića 5, Novi Sad, Serbia","193","0","0","-","-","office@ekohrana021.com","https://ekohrana021.com/en/contact/","-","-","+381(0) 65 35 30 277","-",,,"0","0","12","4","0","2024-07-27 15:49:07"
"909","1",,"Global data Safflower sheet","IMPORTER","HULAS INFRA PVT LTD","6th Floor, Amir Bhawan, Kamaladi Ganeshthan, kathmandu,Nepal","153","0","0","bcontactu","9802266190","-","-","-","info@hulasinfra.com","-","-",,,"0","0","0","4","0","2024-07-27 15:57:44"
"910","1",,"OLD DATA","IMPORTER","GREEN TRADE COMPANY","-","116","0","0","bcontactu","+82 51 462 3221","-","-","Mr. J. H. Choi","green@greentrl.com","+82-2-535-6100","-",,,"0","0","0","4","0","2024-07-29 12:52:38"
"911","1",,"OLD DATA","IMPORTER","TRADING 4 FOR YOU","-","116","0","0","-","-","-","-","-","-","-","-",,,"0","0","12","4","0","2024-07-29 12:53:32"
"912","1",,"OLD DATA","IMPORTER","I.H.D MEDIONI LTDI"," RIZA 7 ASERET, `Aseret, Israel","106","0","0","-","-"," tal@medioni.co.il","https://medioni.co.il/","DROR","dror@medioni.co.il","+972 8-934-0587","-",,,"0","0","12","4","0","2024-07-29 14:12:42"
"913","1",,"OLD DATA","IMPORTER","BAR SHARBALE MIXTURES LTD.","Basma, Israel","106","0","0","-","-","-","http://barsharbale.net/PAGE1.asp","-","-","+972768007308","-",,,"0","0","12","4","0","2024-07-29 14:25:09"
"914","1",,"OLD DATA","IMPORTER","SHINTRACO CO. LTD","israel","106","0","0","-","-","-","-","-","-","+9723255713","-",,,"0","0","12","4","0","2024-07-29 14:30:18"
"915","1",,"OLD DATA","IMPORTER","BIRD SORI 앵무새카페","South Korea, Gyeonggi-do, Pyeongtaek-si, 비전1동 77-3","116","0","0","bcontactu","+82 31-653-4656","shenjingxun@naver.com","-","-","shenjingxun@naver.com","+821097891341","-",,,"0","0","0","4","0","2024-07-31 14:10:55"
"916","1",,"OLD DATA","IMPORTER","TEK TRADE CONSORCIO S.L.","Carr. de Villaverde a Vallecas km 3,5, C. Eje 7, 28053 Madrid, Spain","205","0","0","-","-","-","-","-","-","+34 910 59 47 95","-",,,"0","0","17","4","0","2024-07-31 15:49:26"
"917","1",,"OLD DATA","IMPORTER","JAUME PLACIAS","Calle Esplugues 6, Poligono Industrial EL VAPOR, 08183 Castellterçol, Barcelona, Spain","205","0","0","bcontactu","-","jplacias@placias.com","http://placias.com/","-","jplacias@placias.com","+34 938 62 48 18","-",,,"0","0","0","4","0","2024-07-31 16:30:40"
"918","1",,"Global data ","IMPORTER","ANTALYA GIDA SANAYI VE TICARET AS","Rami Cuma, Talimhane Cd. NO: 17/B, 34055 Eyüpsultan/İstanbul, Türkiye","223","0","0","bcontactu","+90 282 361 70 91","-","-","-","-"," (282) 361 70 91 92","-",,,"0","0","0","4","0","2024-08-03 11:32:22"
"919","1",,"Global data Safflower sheet","IMPORTER","ASRA ASIA LTD","-","1","0","0","-","-","-","-","-","-","-","-",,,"0","0","12","4","0","2024-08-03 11:45:20"
"920","1",,"Global data Safflower sheet","IMPORTER","AVESTA ENERGY OIL AND FOOD INDUSTRY. INC.","Dikilitaş 33115, 33130 Akdeniz/Mersin, Türkiye","223","0","0","bcontactu","90 216 474 08 00","-","https://www.avesas.com.tr/","max","-"," +90 324 237 69 00","-",,,"0","0","0","4","0","2024-08-03 12:02:26"
"921","1",,"Global data ","IMPORTER","SUNGATE COMMODITIES DMCC","-","229","0","0","bcontactu","+7 903 790 30 80","ceo@sungate.group","https://sungate.group/","-","ceo@sungate.group","+971 50 461 2919","-",,,"0","0","0","4","0","2024-08-03 12:15:32"
"922","1",,"Global data ","IMPORTER","BAYGRAIN GIDA ITHALAT VE IHRACAT LTD STI","Çay mah. Cumhuriyet Blv. No:20/A Mediterranean MERSIN","223","0","0","-","+90 (533) 950 63 13","info@baygrain.com.tr","http://baygrain.com.tr/","-","-","+90 (541) 454 90 10","-",,,"0","0","18","4","0","2024-08-03 12:21:34"
"923","1",,"Global data Safflower sheet","IMPORTER","AGROSTOK BG","-","33","0","0","-","-","-","https://agristok.net/","-","-","-","-",,,"0","0","12","4","0","2024-08-03 12:29:39"
"924","1",,"Global data ","IMPORTER","DIYABLAR TARıM ÜRüN. VE GıDA İHR. PAZ. TIC. A.Ş.","Cami Şerif, 5206. Sk. No:3, 33060 Akdeniz/Mersin, Türkiye","223","0","0","-","-","-","-","-","-","-","-",,,"0","0","12","4","0","2024-08-03 12:32:04"
"925","1",,"Global data ","IMPORTER","EKOTURKA TEKSTIL"," Yenitaşkent Town Anadolu Mah. 10th St. No.3 Mediterranean/Mersin","223","0","0","bcontactu","-","info@ecoturca.com","https://ecoturca.com/en/contact/","-","info@ecoturca.com.tr.","+90 324 454 02 02","-",,,"0","0","0","4","0","2024-08-03 12:38:04"
"926","1",,"Global data Safflower sheet","IMPORTER","TACHENG WANSHUNZHONG BREEDING PROFESSIONAL COOPERATIVE","No. 2B-116, Silk Road Cultural Commodity City, Baktu Port Border Residents Market, Tacheng District, Xinjiang","44","0","0","bcontactu","2311981137@qq.com ","-","-","-","2311981137@qq.com , lichengfang@126.com","13720110886","-",,,"0","0","0","4","0","2024-08-03 12:40:07"
"927","1",,"Global data ","IMPORTER","LOCA LIBERTA GRAINS CEREALS LEGUMES TRADING CO LLC","Almorjan Business Center, Office 501- 0101, Dubai, UAE","229","0","0","-","-","info@localiberta.com","https://localiberta.com/#contact-us","-","-","+971 55 751 2990","-",,,"0","0","12","4","0","2024-08-03 12:43:01"
"928","1",,"Global data Safflower sheet","IMPORTER","ALASHANKOU BA SI TAO INTERNATIONAL TRADE COLTD","-","44","0","0","bcontactu","-","-","-","-","9154447@qq.com","+86 186090936**","-",,,"0","0","0","4","0","2024-08-03 12:43:01"
"929","1",,"Global data Safflower sheet","IMPORTER"," YONGKANG ZHENGDA INDUSTRIAL CO. LTD.","558 Changcheng East Avenue, EDZ. Yongkang City, Zhejiang 321300","44","0","0","bcontactu","+8657987536888","-","-","-","-","+86 10 84 67 19 06","-",,,"0","0","0","4","0","2024-08-03 12:46:57"
"930","1",,"Global data Safflower sheet","IMPORTER","XINJIANG ZHENJUICE FOOD SCIENCE","-","44","0","0","bcontactu","-","-","-","-","-","+86 997 812 1234","-",,,"0","0","0","4","0","2024-08-03 12:49:23"
"931","1",,"Global data Safflower sheet","IMPORTER","HOLGUOS TIANXIANGYUAN INTERNATIONAL TRADE CO LTD","-","44","0","0","-","-","-","-","-","-","-","-",,,"0","0","12","4","0","2024-08-03 12:56:08"
"932","1",,"Global data Safflower sheet","IMPORTER","HANZHONG LAND PORT CONSTRUCTION AND OPERATION CO LTD","-","44","0","0","-","-","-","-","-","-","-","-",,,"0","0","12","4","0","2024-08-03 14:07:37"
"933","1",,"Global data Safflower sheet","IMPORTER","HENAN TIANWEIYUAN FOOD CO., LTD","Zhengguodong Industrial Zone, Xiangcheng City","44","0","0","bcontactu","-","-","-","-","-","+86 0372 123 4567","-",,,"0","0","0","4","0","2024-08-03 14:14:47"
"934","1",,"Global data Safflower sheet","IMPORTER","HORGOS XINYUAN INTERNATIONAL TRADING CO LTD ","-","44","0","0","-","-","-","-","-","-","-","-",,,"0","0","12","4","0","2024-08-03 14:18:57"
"935","1",,"Global data Safflower sheet","IMPORTER","HUOCHENG COUNTY GOOD HARVEST OIL CO LTD","-","44","0","0","-","-","-","-","-","-","-","-",,,"0","0","12","4","0","2024-08-03 14:21:12"
"936","1",,"Global data Safflower sheet","IMPORTER","KUITUN TIANLIYUAN VEGETABLE OIL CO LTD","-","44","0","0","-","-","-","-","-","-","-","-",,,"0","0","12","4","0","2024-08-03 14:23:34"
"937","1",,"Global data Safflower sheet","IMPORTER","NORGOS XINYUAN INTERNATIONAL TRADING CO LTD","-","44","0","0","-","-","-","-","-","-","-","-",,,"0","0","12","4","0","2024-08-03 14:25:36"
"938","1",,"Global data Safflower sheet","IMPORTER","SHUANGHE CITY LIHONG COMMERCE AND TRADE CO LTD","-","44","0","0","-","-","-","-","-","-","-","-",,,"0","0","12","4","0","2024-08-03 14:27:35"
"939","1",,"Global data Safflower sheet","IMPORTER","TACHENG CITY WANHE BUSINESS AND TRADE CO LTD","-","44","0","0","bcontactu","-","-","-","-","1446565967@qq.com","+86-133-9973-7158","-",,,"0","0","0","4","0","2024-08-03 14:29:08"
"940","1",,"Global data Safflower sheet","IMPORTER","TACHENG WANSHONZHONG BREEDING PROFESSIONAL COOPERATIVE","-","44","0","0","-","-","-","-","-","-","-","-",,,"0","0","12","4","0","2024-08-03 14:30:53"
"941","1",,"Global data Safflower sheet","IMPORTER","URUMQI HAIZHIYI TRADING CO LTD","-","44","0","0","bcontactu","-","-","-","-","2473440052@qq.com","-","-",,,"0","0","0","4","0","2024-08-03 14:33:35"
"942","1",,"Global data Safflower sheet","IMPORTER","UAB ELESTIKA",": Paliūniškio g. 13, Panevėžys, Lithuania Office: Laisvės al. 101A, Kaunas, Lithuania","126","0","0","-","-","-","http://elestika.lt/","-","-","+370 (0)620 92 097","-",,,"0","0","12","4","0","2024-08-03 14:55:12"
"943","1",,"Global data Safflower sheet","IMPORTER","MALTWERKS INC.","1448 Cormorant Avenue, Detroit Lakes, MN, 56501, United States","231","0","0","-","-","contact@maltwerks.com","https://www.maltwerks.com/welcome","-","-","218) 850-8875","-",,,"0","0","12","4","0","2024-08-03 15:01:56"
"944","1",,"Global data Safflower sheet","IMPORTER","RATA OMAN SULTANATE","-","165","0","0","-","-","-","-","-","-","-","-",,,"0","0","12","4","0","2024-08-03 15:04:01"
"945","1",,"Global data Safflower sheet","IMPORTER","NEOVIA PHILIPPINES INC","M.H. Selma Street, Lower Calajoan, Minglanilla, Cebu, 6046, Philippines","173","0","0","bcontactu","+632-831-1452","-","-","-","-","+632-831-1452","-",,,"0","0","0","4","0","2024-08-03 15:09:41"
"946","1",,"Global data Safflower sheet","IMPORTER","P P H U JULTIM JULIA MIELCZAREK"," P.P.H.U. JULTIM JULIA MIELCZAREK 97 438 RUSIEC UL WIELUNSKA 12A","175","0","0","bcontactu","+48 769 222 305","-","-","-","julka_16@op.pl","+48 784 013 850","-",,,"0","0","0","4","0","2024-08-03 15:24:44"
"947","1",,"Global data Safflower sheet","IMPORTER","CASTTELLANI SRL","11 Knights of Malta Street 34015 Muggia | Trieste","107","0","0","-","-"," castellanipec@legalmail.it","https://www.castellanisrl.com/contattaci/","-","info@castellanisrl.com","+ 39 040 232619","-",,,"0","0","12","4","0","2024-08-03 15:52:50"
"948","1",,"OLD SOFTWARE DATA","IMPORTER","MECCANICA GUERRIERI S.N.C. DI GUERRIERI FAUSTO & C","Via della Conca, 63100 Ascoli Piceno AP, Italy","107","0","0","-","-","info@meccanicaguerrieri.eu","https://www.meccanicaguerrieri.com/","-","-"," +39 0736 403531","-",,,"0","0","12","4","0","2024-08-03 16:03:03"
"949","1",,"safflower sheet ","IMPORTER","DKSH BENELUX BV","Westhoven 6a, 6042 NV Roermond, Netherlands","155","0","0","+31 475 799 938","+31 475 799 931","-","https://www.dksh.com/nl-en/home/contacts","-","-","+31 475 315 554","0",,,"0","0","12","4","0","2024-08-03 16:07:56"
"950","1",,"OLD DATA","IMPORTER","ANIUS TRADING CO.LTD.","-","116","0","0","-","-","-","-","-","-","-","-",,,"0","0","12","4","0","2024-08-05 17:27:42"
"951","1",,"OLD DATA","IMPORTER","TRIKO (EXPORTS) PTY LTD","-","13","0","0","-","-","-","-","-","-","-","-",,,"0","0","12","4","0","2024-08-05 17:29:54"
"952","1",,"new data","IMPORTER","CANNY -DON ENTERPRISE CO LTD.","-","214","0","0","-","-","-","-","-","-","-","-",,,"0","0","76","4","0","2024-08-06 10:40:40"
"953","1",,"Global data Safflower sheet","IMPORTER","SENSIENT FOOD COLORS EUROPE GMBH","Geesthachter Str. 103, 21502 Geesthacht, Germany","82","0","0","bcontactu","-","-","https://sensientfoodcolors.com/en-us/","alexiaa","-"," +49 4152 80000","-",,,"0","0","0","4","0","2024-08-07 11:20:29"
"954","1",,"Global data ","IMPORTER","INSTITUTO DE AGROBIOTECNOLOGIA ROSARIO SA","Ocampo 210 bis CCT Rosario Premises (2000) Rosario, Santa Fe, Argentina","10","0","0","-","-","info@indear.com","https://www.indear.com/contacto/","-","info@indear.com","(+54) 0341-486 1100","-",,,"0","0","12","4","0","2024-08-07 12:13:50"
"955","1",,"Global data ","IMPORTER","SARAH MOSARWA GABORONE BOTSWANA","-","28","0","0","-","-","-","-","-","-","-","-",,,"0","0","12","4","0","2024-08-07 13:02:27"
"956","1",,"Global data ","IMPORTER","BAR LAKOL LTD","16 Rozov Shmuel HAIFA, Northern District, 3295336 Israel","106","0","0","-","-","-","-","-","noambiran@barlakol.com","-","-",,,"0","0","0","4","0","2024-08-07 13:13:55"
"957","1",,"Global data ","IMPORTER","AGROCOM FOOD TRADING LTD","aha Al Hijjawi Complex, 240 Mecca St. | Office No. 401 | Amman, Jordan Khalifa Industrial Zone – UAE |","111","0","0","-","-","-","http://www.agrocom.ae/","-","-","-","-",,,"0","0","12","4","0","2024-08-07 13:19:31"
"958","1",,"Global data ","IMPORTER","AL WAWAN GENERAL TRADING & CONTRACTING CO. W.L.L.","-","117","0","0","bcontactu","(+965) 98031112","-","-","Matar Taher Al Wawan Al Shemmari","info@alwawankw.com","	+965 4764184","-",,,"0","0","0","4","0","2024-08-07 13:24:36"
"959","1",,"Global data ","IMPORTER","GIE VIETNAM COMPANY LIMITED","-","238","0","0","bcontactu","-","-","-","Amy","-"," +84 914 261 828","-",,,"0","0","0","4","0","2024-08-07 13:31:39"
"960","1",,"Global data ","IMPORTER","PERLYNA STEPU LLC","-","228","0","0","-","-","-","-","-","-","-","-",,,"0","0","12","4","0","2024-08-07 14:50:11"
"961","1",,"Global data ","IMPORTER","AGRO ALLIANCE FZ LLC","Ras Al Khaimah, United Arab Emirates P.O. BOX 296458 DUBAI / UAE Dubai UAE","229","0","0","-","+971 58 1982515","trade@agroalliancefze.com ","http://www.agroalliancefze.com/contact.aspx","-","agroalliancefze@gmail.com","+971 07 2078987","-",,,"0","0","66","4","0","2024-08-07 14:55:26"
"962","1",,"Global data ","IMPORTER","SANABEL AL DEIRA FEED FACTORY"," 6484 Al Maseef Street 1 Tabuk, Tabuk, 47321 Saudi Arabia","191","0","0","-"," +966 598146081","-","-","ARYAN","-","+966 598146084","-",,,"0","0","0","4","0","2024-08-07 14:57:43"
"963","1",,"Ukrain Yellow Millet master sheet","IMPORTER","SEA TRADE GROUP LTD","United Kingdom: Caxton Close, East Portway Business Park, Andover, SP10 3FG","230","0","0","-","+44 203 477 80 57","seatradegroupltd@gmail.com","https://seatrade.group/","-","preparation of documents; THC (loading and unloading operations); phytosanitary inspection; veterina","+44 203 477 80 57","-",,,"0","0","17","4","0","2024-08-09 15:15:59"
"964","1",,"Ukrain Yellow Millet master sheet","IMPORTER","LINHOPE COMMODITY TRADING & RESEARCH LTD","45 Circus Road, London,  NW8 9JH, United Kingdom  ​","230","0","0","-","-","general@lncommodities.com ","https://www.linhopecommodities.com/our-products","-","procurement@lncommodities.com","-","-",,,"0","0","17","4","0","2024-08-09 15:19:47"
"965","1",,"Ukrain Yellow Millet master sheet","IMPORTER","SITRADE COMMODITIES LTD","Office 155 Regico Offices, The Old Bank, 153 The Parade High Street, Watford, United Kingdom, WD17 1NA","230","0","0","-"," +44 203 69 52 361","sigrain@protonmail.com","https://www.sitrade.uk/","-","sigrain@protonmail.com"," +44 203 69 52 361","-",,,"0","0","17","4","0","2024-08-09 15:24:08"
"966","1",,"Ukrain Yellow Millet master sheet","IMPORTER","JOHN WILKINSON COMMODITIES LIMITED","3 RALEIGH DRIVE, SURBITON KT5 9PP, UNITED KINGDOM VAT No. 702849631","230","0","0","-","-","trade@jowico.com","https://jowico.com/contact-us","-","-","-","-",,,"0","0","17","4","0","2024-08-09 15:28:24"
"967","1",,"Ukrain Yellow Millet master sheet","IMPORTER","ARMSTRONG MILLING COMPANY LTD","-","38","0","0","-","1-905-779-2473","info@armstrongbirdfood.com","https://www.armstrongbirdfood.com/","-","info@armstrongbirdfood.com","1-905-779-2473","-",,,"0","0","17","4","0","2024-08-09 16:06:19"
"968","1",,"Ukrain Yellow Millet master sheet","IMPORTER","FARINART","1150, rang Saint-Édouard Saint-Liboire, Québec Canada J0H 1R0","38","0","0","-","450-793-2880","info@farinart.com","https://farinart.ca/contact/","-","info@farinart.com","450-793-2880","-",,,"0","0","17","4","0","2024-08-09 16:18:16"
"969","1",,"Ukrain Yellow Millet master sheet","IMPORTER","R WAY AG LTD","38084 PTH2 NE15-8-7W1 Box 388","38","0","0","(204) 379-2582","(204)-379-2582","info@rwayag.com","https://rwayag.com/","Guy Rouire","guy@rwayag.com","(204)-379-2582 ","-",,,"0","0","17","4","0","2024-08-09 16:20:35"
"970","1",,"Ukrain Yellow Millet master sheet","IMPORTER","GANSU ZHONGSHIDA INTERNATIONAL TRADE CO., LTD.","Room 2410-2411, 24th floor, sendi international, NO.395 yanning road, chengguan district, lanzhou city, gansu province","44","0","0","+86-931-8727502","+86-931-8860786","info@farinart.com","export@zhongshidatrade.com","-","info@farinart.com","+86-931-8727508","-",,,"0","0","17","4","0","2024-08-09 16:41:06"
"971","1",,"Global data ","IMPORTER","YASEEN ENTERPRISES PAKISTAN LLP","Office No. 405-421, 4th Executive Floor, Sadiq Plaza, The Mall, Lahore, Pakistan","166","0","0","-","-"," info@reap.com.pk","https://reap.com.pk/contact-us","-"," info@reap.com.pk","+92-42-36280195-146","-",,,"0","0","48","4","0","2024-08-10 11:48:09"
"973","1",,"Global data ","IMPORTER","LANA GENERAL TRADING AND FOOD STUFF CO.WLL ","KUWAIT","117","0","0","-","-","-","-","	Osama Abdul Salam","--","	+965 25733161","-",,,"0","0","12","4","0","2024-08-10 14:23:04"
"974","1",,"Global data ","IMPORTER","ALI HASSANZADEH LTD","-","104","0","0","-","-","-","-","-","-","-","-",,,"0","0","12","4","0","2024-08-10 14:25:31"
"975","1",,"Global data ","IMPORTER","ASHRAF KARIM COMPANY","-","104","0","0","-","-","-","-","-","-","-","-",,,"0","0","12","4","0","2024-08-10 14:31:35"
"976","1",,"Global data ","IMPORTER","SRUSHTI HOMARAN LTD","-","104","0","0","-","-","-","-","-","-","-","-",,,"0","0","12","4","0","2024-08-10 14:39:37"
"977","1",,"Global data ","IMPORTER","NURSIMA COMPANY","5WH8+H4X, Unnamed Road،, Erbil, Iraq","98","0","0","-","-","-","-","-","-"," +964 750 330 3970","-",,,"0","0","12","4","0","2024-08-10 14:40:58"
"978","1",,"Global data ","IMPORTER","SARDAR MOHAMMED SAID","-","104","0","0","bcontactu","-","-","-","Mr. Sardar Mohammad Said","sardar@smseaidiq.com","+964 750 4587 000","-",,,"0","0","0","4","0","2024-08-10 14:42:40"
"979","1",,"safflower sheet ","IMPORTER","QASIM BARAKAT QATI LTD","-","1","0","0","-","-","-","-","-","-","-","-",,,"0","0","12","4","0","2024-08-10 15:12:56"
"980","1",,"safflower sheet ","IMPORTER","GULLBER COMPANY","-","230","0","0","-","-","-","-","-","-","-","-",,,"0","0","12","4","0","2024-08-10 15:15:03"
"981","1",,"safflower sheet ","IMPORTER","BRADFORD COMPANY","Bradford Company  13500 Quincy Street  Holland, Michigan 49424  USA","231","0","0","-","-","-","https://bradfordcompany.com/locations/","-","-","+1.616.399.3000","-",,,"0","0","12","4","0","2024-08-10 15:17:12"
"982","1",,"safflower sheet ","IMPORTER","KRONIKEY LTD","85 GREAT PORTLAND STREET FIRST FLOOR LONDON UNITED KINGDOM W1W 7LT, London W1W 8AF, United Kingdom","230","0","0","-","-","-","https://www.kronikey.com/","-","-","-","-",,,"0","0","12","4","0","2024-08-10 15:20:19"
"983","1",,"safflower sheet ","IMPORTER","ANIMUS TRADING LTD","-","231","0","0","-","-","-","-","-","-","-","-",,,"0","0","12","4","0","2024-08-10 15:36:17"
"984","1",,"safflower sheet ","IMPORTER","OIL MILL FANDLER GMBH","-","14","0","0","bcontactu","-","info@fandler.at","https://www.fandler.at/","-","info@fandler.at","+43 3335 2263","-",,,"0","0","0","4","0","2024-08-10 15:40:08"
"985","1",,"OLD DATA","IMPORTER","AGRICULTURAL CORPORATION GWANGBOK","Limited Partnership 1365, Yeoncheong-ro, Nami-myeon Seowon-gu, Choongcheongbuk-do, Republic Of Korea. 28185","116","0","0","bcontactu","-","-","-","-","-","+82-70-7734-1313","-",,,"0","0","0","4","0","2024-08-12 12:04:45"
"986","1",,"OLD DATA","IMPORTER","DOOBO FOODS AGRICULTURAL CO LTD","36 yangjae Daero 12 Gil Seocho Gu Seoul Korea","116","0","0","+827071239618","+82-33-570-1114","doobofood@doobo.kr","https://www.doobo.kr/","Mr. Sung Min Lee","yhue@doobo.kr","+82-2-2058-2425","-",,,"0","0","0","4","0","2024-08-12 12:48:20"
"987","1",,"OLD DATA","IMPORTER","OLVES CO LTD","1213-8, CHORYANG-DONG TONG-GU, 601-010, PUSAN CITy","116","0","0","bcontactu","+82-51-442-2171 ","-","-","Ohsoon Gwon","-"," 051-442-2171","-",,,"0","0","0","4","0","2024-08-12 13:48:35"
"988","1",,"OLD DATA","IMPORTER","LA IMPORTERS AND DISTRIBUTORS"," F/40/1,Narandeniys,Dewalegama, Sri Lanka","206","0","0","-","-","--","-","-","-","+94 76 067 7112","-",,,"0","0","17","4","0","2024-08-12 14:10:43"
"989","1",,"Ukrain Yellow Millet master sheet","IMPORTER","JKT FOOD EUROPE BV","The Old Rectory, Main Street Glenfield, Leicestershire LE3 8DG, United Kingdom","230","0","0"," +31 707110289","+44 1162 32 5214","info@jktfoods.com","https://jktglobal.com/","-","-","+31 707110288; +44 1","-",,,"0","0","17","4","0","2024-08-12 14:40:38"
"990","1",,"OLD DATA","IMPORTER","BAHRAIN AGRICULTURAL CENTER - AZZAM SHOP","6HC4+QJQ, Budaiya Hwy, Al Burhama, Bahrain","17","0","0","bcontactu","+973117552811","-","https://bahrain-pets.com/","suresh","-","+97317550564","-",,,"0","0","0","4","0","2024-08-12 15:01:31"
"991","1",,"OLD DATA","IMPORTER","M/S 3S IMPEX","BANGLADESH CORPORATE ADDRESS 62/1 TEJTURI BAZAR CHOCK LANE EAST RAZA BAZAR P","18","0","0","-","88029015811","info@3simpexbd.com","-","-","info@3simpexbd.com","8801977489867","-",,,"0","0","79","4","0","2024-08-14 12:44:16"
"992","1",,"OLD SOFTWARE DATA","IMPORTER","CV SANTO","indonesia","102","0","0","-","-","-","-","mr andreas","-","+628170067461","-",,,"0","0","81","4","0","2024-08-14 15:36:24"
"993","1",,"Ukrain Yellow Millet master sheet","IMPORTER","GHOSN ALZAYTOUN COMPAN","-","64","0","0","bcontactu","+201017300034","sales.ghosnalzaytoon@gmail.com","-","-","-","-","-",,,"0","0","0","4","0","2024-08-14 16:49:41"
"994","1",,"Ukrain Yellow Millet master sheet","IMPORTER","PT NICO MULTI AGRO","-","102","0","0","bcontactu","-","sales@nico.co.id","NICO.CO.ID","-","-","+62) 21 - 251 3010","-",,,"0","0","0","4","0","2024-08-14 17:22:51"
"995","1",,"Ukrain Yellow Millet master sheet","IMPORTER","PT. SAMA BERKAT INDONESIA","Surabaya, Jawa Timur, Indonesia","102","0","0","-","-","-","-","-","-","62 21 29026711","-",,,"0","0","17","4","0","2024-08-14 17:26:37"
"996","1",,"Ukrain Yellow Millet master sheet","IMPORTER","AGRONIT PC ","14 16 CHURCHILL WAY CARDIFF WALES CF10 2DX UK REG NO LP21033","230","0","0","-","-","-","-","-","-","-","-",,,"0","0","17","4","0","2024-08-17 11:28:42"
"997","1",,"Ukrain Yellow Millet master sheet","IMPORTER"," ATANAS HATOV LTD","Ul. “Bansko Shose” 19, 8800 Southern Industrial Zone, Sliven, Bulgaria","33","0","0","-","-","-","-","-","-","+359 88 845 0740","-",,,"0","0","17","4","0","2024-08-17 11:49:26"
"998","1",,"Ukrain Yellow Millet master sheet","IMPORTER","FARMAFRIENDS SINGIRIDOU EIRINI","Farma Friends – Singiridou Eirini A’ Parodos Marinou Antipa(Plat 289) Kalochori 57009 – Thessaloniki – Greece   ","85","0","0","-","+30 231 075 1072 ","info@farmafriends.com ","https://farmafriends.com/contact-us/","Dimitris  Kamidis","info@e-farma.gr","+30 2310755941, +306975062957","-",,,"0","0","17","4","0","2024-08-17 12:04:44"
"999","1",,"Ukrain Yellow Millet master sheet","IMPORTER","AGRO REAL PANNONIA KFT","Érd, Tudós u. 1, 2030 Hungary","99","0","0","-","-","barabaslazlo@gmail.com","-","-","barabaslazlo@gmail.com"," +36 23 360 616","-",,,"0","0","17","4","0","2024-08-17 12:07:54"
"1000","1",,"Ukrain Yellow Millet master sheet","IMPORTER","VáMKAPU ZRT.","Budapest, Európa u. 6, 1239 Hungary","99","0","0","bcontactu","+36 1 421 8631","ochtinszki.eszter@vamkapu.hu","https://vamkapu.hu/en/about-us/","-","bacsik.laszlo@vamkapu.hu","+36 1 421 8779,  +36","-",,,"0","0","0","4","0","2024-08-17 12:12:25"
"1001","1",,"Ukrain Yellow Millet master sheet","IMPORTER","GALAMB HUNGARIA KFT."," Kerepes, 84/14 hrsz., 1, 2144 Hungary","99","0","0","bcontactu","-","info@galambfeed.hu","https://galamb.hu/","-","-"," +36 28 560 720","-",,,"0","0","0","4","0","2024-08-17 12:21:30"
"1002","1",,"Ukrain Yellow Millet master sheet","IMPORTER","KITE APRóMAG KFT.","Kite Aprómag Kft   Karcag 5300, Forrás utca 14.","99","0","0","-","-","-","https://kiteapromag.hu/","-","info@kitevogel.hu ,info@kiteapromag.hu","+36 59 500-120","-",,,"0","0","17","4","0","2024-08-17 12:23:51"
"1003","1",,"Ukrain Yellow Millet master sheet","IMPORTER","TRANS SPED KFT VAMRAKTAR STREET 3 DEBRECEN HUNGARY","Debrecen, Vámraktár u. 3, 4030 Hungary","99","0","0","-","-","-","https://www.trans-sped.hu/kapcsolat","-","info@trans-sped.hu, ajanlat@trans-sped.hu","+36 52 510 120","-",,,"0","0","17","4","0","2024-08-17 14:20:28"
"1004","1",,"Ukrain Yellow Millet master sheet","IMPORTER","CV PUTRA INDAH MAKMUR ","GRAND HARVEST CLUSTER BELVOIR BLOCK BC NO 27 SURABAYA 60222","102","0","0","bcontactu","-","-","-","Angela","-","+813-3365-6690","-",,,"0","0","0","4","0","2024-08-17 14:23:10"
"1005","1",,"Ukrain Yellow Millet master sheet","IMPORTER","PT CITRA MANDIRI KENCANA"," Jl. Pemda Tigaraksa No.58, Budi Mulya, Kec. Cikupa, Kabupaten Tangerang, Banten 15710, Indonesia","102","0","0","bcontactu","-","-","https://www.pt-cmk.com/contact-us/","TARHARI","harry.sujatmiko@gmail.com","+62 21 29017275,  (6","-",,,"0","0","0","4","0","2024-08-17 14:38:09"
"1006","1",,"Ukrain Yellow Millet master sheet","IMPORTER","PT ENES AGRIBISNIS INDONESIA ","Wisma Metropolitan 3A Floor, Jl. Jend. Sudirman Kav. 29-31, Kota Administrasi Jakarta Selatan, Jakarta Raya, 12920, Indonesia","102","0","0","bcontactu","+6281807073599","-","-","-","-","+(6221) 22557572","-",,,"0","0","0","4","0","2024-08-17 14:42:10"
"1007","1",,"Ukrain Yellow Millet master sheet","IMPORTER","PT GRAND MILETINDO SEJAHTERA BIZPARK ","Pergudangan Sigma Kartika Blok I-14 Jalan, Jl. Bougenville Raya, Gn. Sindur, Kec. Gn. Sindur, Kabupaten Bogor, Jawa Barat 16340, Indonesia","102","0","0","bcontactu","-","admin@miletindo.com, finance@miletindo.com","-","Rika","-","+62 21 75685959","-",,,"0","0","11","4","0","2024-08-17 16:05:47"
"1008","1",,"Ukrain Yellow Millet master sheet","IMPORTER","PT. LAPAK LIVIA INDONESIA","-","102","0","0","-","-","-","-","-","-","-","-",,,"0","0","17","4","0","2024-08-17 16:07:55"
"1009","1",,"Ukrain Yellow Millet master sheet","IMPORTER","PT MELATI MAS MURNI "," Office Ruko Permata Regency D Jl Haji Kelik No 37 Rt 001 Rw Records","102","0","0","-","-","-","-","-","-","-","-",,,"0","0","17","4","0","2024-08-17 16:10:51"
"1010","1",,"Ukrain Yellow Millet master sheet","IMPORTER","FRANCESCO PARISI CASA DI SPEDIZIONI SPA","Viale Miramare 5, 34135 - Trieste","102","0","0","-","-","info@francescoparisi.com","https://francescoparisi.com/contatti/","-","odv@francescoparisi.com","00 39040491111","-",,,"0","0","17","4","0","2024-08-17 16:33:01"
"1011","1",,"Ukrain Yellow Millet master sheet","IMPORTER","FRANCESCO PARISI CASA DI ","-","107","0","0","-","-","info@francescoparisi.com","-","-","odv@francescoparisi.com","00 39040491111","-",,,"0","0","17","4","0","2024-08-17 16:35:06"
"1012","1",,"Ukrain Yellow Millet master sheet","IMPORTER","LIGHT GRAIN TRADING CO LTD","-","109","0","0","-","-","-","-","-","-","-","-",,,"0","0","17","4","0","2024-08-17 16:39:40"
"1013","1",,"Ukrain Yellow Millet master sheet","IMPORTER","AGROLOGISTIC","2A Nemuno str. Klaipeda, LT-91199","126","0","0","-","-","-","https://agro-log.com/","-","-","+370 (630) 00 293","-",,,"0","0","17","4","0","2024-08-17 17:25:39"
"1015","1",,"OLD DATA","IMPORTER","CURZON TRADING SRO","Curzon Trading S R O Olivova 2096/4 Nove Mesto 110 00 Praha 1 Czech Republic","57","0","0","-","-","-","-","-","-","-","-",,,"0","0","17","4","0","2024-08-24 13:01:35"
"1016","1",,"Ukrain Yellow Millet master sheet","IMPORTER","AKHAWAYAN CHEMS SARL ","33 HAY BOUJDOUR MAGASIN N 28 CASABLANCA MOROCCO","148","0","0","-","-","-","-","-","-","-","-",,,"0","0","17","4","0","2024-08-24 13:14:54"
"1017","1",,"Ukrain Yellow Millet master sheet","IMPORTER","CASA AGRO "," 5 Rue Mohamed Smiha Center Ville Casablanca Morocco","148","0","0","-","-","-","-","-","-","-","-",,,"0","0","17","4","0","2024-08-24 14:02:44"
"1018","1",,"Ukrain Yellow Millet master sheet","IMPORTER","FASHION PETS IMPORT EXPORT","7 Rue Ali ABI ABI Taleb Bettana Sale 11040 Morocco","148","0","0","-","-","-","-","-","-","-","-",,,"0","0","17","4","0","2024-08-24 14:07:57"
"1019","1",,"Ukrain Yellow Millet master sheet","IMPORTER","AGRO GRAIN SERVICES","LOTISSEMENT RIAD SOFIA LOT N T1-51, CASABLANCA, Maroc","148","0","0","-","-","-","-","-","-","-","-",,,"0","0","17","4","0","2024-08-24 14:10:47"
"1020","1",,"Ukrain Yellow Millet master sheet","IMPORTER","SOCODATTE SARL"," 243 245 BD LA GRANDE CEINTURE DERB MILAN CASABLANCA MOROCCO","148","0","0","-","-","-","-","-","-","-","-",,,"0","0","17","4","0","2024-08-24 14:15:24"
"1021","1",,"Ukrain Yellow Millet master sheet","IMPORTER","AL OUSRIV DISTRIBUTION LOT","Zone Industrielle Gueznaia, Tanger - Maroc","148","0","0","-","-","-","https://alousra.site/index.php/contact-2/","-","Import@alousra.co.ma","+212539401995","-",,,"0","0","17","4","0","2024-08-24 14:27:50"
"1022","1",,"Ukrain Yellow Millet master sheet","IMPORTER","MEDIAMARK","159, rue Zoubeir Bnou El Aouam , Roches Noires 20300 Casablanca - Morocco","148","0","0","-","-","-","-","-","-","0522404546","-",,,"0","0","17","4","0","2024-08-24 14:36:03"
"1023","1",,"OLD DATA","IMPORTER","M - INTERNATIONAL S.R.O.","Tř. Maršála Malinovského 269, 686 01 Uherské Hradiště 1-Sady, Czechia","57","0","0","-","-","-","https://rejstrik-firem.kurzy.cz/25587510/m-international-sro/","-","-","572 538 369","-",,,"0","0","17","4","0","2024-08-24 14:52:04"
"1024","1",,"Ukrain Yellow Millet master sheet","IMPORTER","DEN LTD.","Zornitza, block 47, entrance D, ground floor Burgas 8018, Bulgaria","33","0","0","-","+359 56 82 41 61","office@den-ltd.com","https://den-ltd.com/en/","-","office@den-ltd.com","+359 888 865 950","-",,,"0","0","17","4","0","2024-08-24 14:53:57"
"1025","1",,"Ukrain Yellow Millet master sheet","IMPORTER","HIGHSCALE TRADING CORP.","rm 304 de villa bldg.,brgy. 667 zone 72 no. 1153 m h del pilar st.,ermita,manila, philippine","173","0","0","bcontactu","-","-","-","-","+632-828-2827","-","-",,,"0","0","0","4","0","2024-08-24 15:22:33"
"1026","1",,"OLD DATA","IMPORTER","AGROMAXWAY S R O","Korunni 2569/108g Vinohrady 101 00 Praha 10 Czech Republic","57","0","0","-","-","-","-","-","-","-","-",,,"0","0","17","4","0","2024-08-24 15:23:41"
"1027","1",,"Ukrain Yellow Millet master sheet","IMPORTER","ETMOS SP.Z O.O. S.K.","ul. Piłsudskiego 81, 23-310 Modliborzyce, Lublin Province","175","0","0","-","-","-","-","-","etmos@o2.pl"," 8621515199","-",,,"0","0","17","4","0","2024-08-24 15:50:12"
"1028","1",,"OLD DATA","IMPORTER","OFBESTGOODS SRO","-","57","0","0","-","-","-","-","-","-","-","-",,,"0","0","17","4","0","2024-08-24 16:04:01"
"1029","1",,"Ukrain Yellow Millet master sheet","IMPORTER"," F.H.U. CEZETPOL ZBIGNIEW CIUPAK","Godziszów 72, 23-302 Godziszów, Poland","175","0","0","bcontactu","-","-","-","-","agnieszkacezetpol@wp.pl","+48 504 069 403","-",".",".","0","0","0","4","0","2024-08-24 16:06:55"
"1030","1",,"OLD DATA","IMPORTER","ALPHA GREEN GENERAL TRADING","-","229","0","0","bcontactu","-","operations@alphagreenoil.com","-","-","info@alphagreenoil.com;","-+971 4580 7607","-",,,"0","0","0","4","0","2024-08-24 16:07:03"
"1031","1",,"Ukrain Yellow Millet master sheet","IMPORTER","LAR GROUP BV","Abstraat 10, 5504CJ Veldhoven, The Netherlands","155","0","0","-","-","trade@largseeds.nl","https://largseeds.nl/","-","trade@largseeds.nl","31 6 17144921","-",,,"0","0","17","4","0","2024-08-26 11:16:43"
"1032","1",,"OLD DATA","IMPORTER","FR CORPORATION","House # 75 Rd No. 12/B, Dhaka 1230, Bangladesh","18","0","0","-","-","-","https://frcorporationbd.com/contact.php?page=Contact","-","-"," +880 1811792130","-",,,"0","0","17","4","0","2024-08-31 10:36:16"
"1033","1",,"OLD DATA","IMPORTER","SMART TRADE BANGLADESH","12/A, 7/46,2nd Floor, Dhaka 1216, Bangladesh","18","0","0","-","-","-","https://stbbd.com/","-","-","+880 1707-661668","-",,,"0","0","17","4","0","2024-08-31 10:40:34"
"1034","1",,"OLD DATA","IMPORTER","AL RAMAL AL DHAHABI TRADING"," PO 417958, Aspin Commercial Tower, 25fth floor, Sheikh Zayed Road, Dubai, UAE","229","0","0","-","-","info@araduae.com","-","-","info@araduae.com ","+971 55 4723787","-",,,"0","0","17","4","0","2024-08-31 11:00:21"
"1035","1",,"OLD DATA","IMPORTER","TBB TRADING","Unit 1909 Jumeirah Bay 2 Plot JLT-PH2-X2A Jumeirah Lakes Towers Dubai","229","0","0","-","-"," tbb.dmcc@gmail.com","https://www.tbbdmcc.com/","-","tbb.dmcc.execution@gmail.com"," +971 50 601 8233","-",,,"0","0","17","4","0","2024-08-31 11:07:57"
"1036","1",,"OLD DATA","IMPORTER","MMT GENERAL TRADING"," Murshid Bazar, Lari Exchange Bldg - Dubai - United Arab Emirates","229","0","0","bcontactu","+971 4 359 2230","-","-","-","-"," +971 4 225 5651","-",,,"0","0","0","4","0","2024-08-31 11:09:26"
"1037","1",,"OLD DATA","IMPORTER","LINKOR TRADE","dubai","229","0","0","bcontactu","+380 979067064"," id@linkor-trad+J62e.com","-","-","nfo@linkor-trade.com"," + 971565735237","-",,,"0","0","0","4","0","2024-08-31 11:13:40"
"1038","1",,"OLD DATA","IMPORTER","AGRO WHITE COMPANY","-","68","0","0","--","-","-","-","-","-","+3725035050","-",,,"0","0","17","4","0","2024-08-31 11:39:42"
"1039","1",,"OLD DATA","IMPORTER","STARTNAFTA OU","tallin city, toompuiestee 21, kesklinna district","68","0","0","-","-","-","-","-","-","-","-",,,"0","0","17","4","0","2024-08-31 11:42:35"
"1040","1",,"OLD DATA","IMPORTER","VIKING TRADING OU","Harju maakond, Tallinn, Kesklinna Linnaosa","68","0","0","-","-","general@vikingtrading.ee","https://www.vikingtrading.ee/","-","general@vikingtrading.ee"," +372 5647 9184","-",,,"0","0","17","4","0","2024-08-31 11:44:18"
"1041","1",,"OLD DATA","IMPORTER","LETOFIN AS","10117 Tallinn, Estonia","68","0","0","-","-","letofin@letofin.ee","https://www.letofin.ee/","-","letofin@letofin.ee","+372 669 0866","-",,,"0","0","17","4","0","2024-08-31 11:45:40"
"1042","1",,"OLD DATA","IMPORTER","AGRARHANDEL OSTERHOLZER GMBH","84323 Massing Bahnhofstraße 3","82","0","0","-","-","info@osterholzer-agrar.de","https://www.osterholzer-agrar.de/kontakt/","-","vkhe@osterholzer-agrar.de","08724 9621 -0","-",,,"0","0","17","4","0","2024-08-31 11:51:49"
"1044","1",,"OLD DATA","IMPORTER","HIPP GMBH & CO","Georg-Hipp-Straße 7 D-85276 Pfaffenhofen","82","0","0","-","-","export@hipp.de","https://www.hipp.com/","-","-","+49 (0)8441 / 757-0","-",,,"0","0","17","4","0","2024-08-31 11:59:16"
"1045","1",,"OLD DATA","IMPORTER","ILPS LAND-DE GMBH","Essenberger Str. 285, 47059 Duisburg, Germany","82","0","0","bcontactu","-","info@ilps-land.de","http://www.ilps-land.de/","-","-","+49 203 98591245","-",,,"0","0","0","4","0","2024-08-31 12:01:28"
"1046","1",,"OLD DATA","IMPORTER","MAYERHOFER AGRARHANDEL GMBH"," 94436 Simbach Ld","82","0","0","bcontactu","+499954930111","rumay@mayerhofer-agrar.de","-","-","rumay@mayerhofer-agrar.de","+49995493010","-","-","-","0","0","13","4","0","2024-08-31 12:06:01"
"1047","1",,"OLD DATA","IMPORTER","P.KRüCKEN GMBH & CO.KG","Altenberger Str. 23, 50668 Köln, Germany","82","0","0","bcontactu","-","-","https://www.sonnengold-gewuerze.de/","-","info@krucken.com"," +49 221 9127570","-",,,"0","0","13","4","0","2024-08-31 12:07:55"
"1048","1",,"OLD DATA","IMPORTER","ZOLLAMT LüNEBURG","Gebrüder-Heyn-Straße 8, 21337 Lüneburg,","82","0","0","-","-","poststelle.za-lueneburg@zoll.bund.de","-","-","poststelle.za-lueneburg@zoll.bund.de","+49 511 54699700","-",,,"0","0","17","4","0","2024-08-31 12:11:14"
"1049","1",,"OLD DATA","IMPORTER","BINALY COMPANY ZAKHO","4JQW+V7J, Zakho, Duhok Governorate, Iraq","104","0","0","bcontactu","07809068888","binaryco99@gmail.com","https://binarycompanyiq.com/","-","-","+964 750 492 0590","-",,,"0","0","0","4","0","2024-08-31 12:14:35"
"1050","1",,"OLD DATA","IMPORTER","FERIS PALAWAN COMPANY","iraq","104","0","0","-","-","-","-","-","-","+9647504504038","-",,,"0","0","17","4","0","2024-08-31 12:17:46"
"1051","1",,"OLD DATA","IMPORTER","JODY COMPANY ","Zakho Iraq","104","0","0","-","+964 750 445 5274","-","jodyiq.com","-","jodycompany@gmail.com","-","-","-","-","0","0","0","4","0","2024-08-31 12:27:47"
"1052","1",,"OLD DATA","IMPORTER","TIJDA FOOD COMPANY ZAKHO IRAQ","Opposite Halil، Newroz Oil 2، Ibrahim Street, Zakho, 42002, Iraq","104","0","0","-","-"," info@tijda.com.tr","https://tijda.com.tr/","-"," info@tijda.com.tr"," +90 426 213 75 50","-",,,"0","0","17","4","0","2024-08-31 12:29:08"
"1053","1",,"OLD DATA","IMPORTER"," BIOPET LTD.","Kibbutz MAABAROT, Sharon Area, 4023000 Israel ","106","0","0","-","-","-","-","-","-","-","-",,,"0","0","17","4","0","2024-08-31 12:31:44"
"1054","1",,"OLD DATA","IMPORTER","ALHODHOD FOR FEEDS AND GRAINS INDUSTRY","-","111","0","0","-","-","-","-","-","-","-","-",,,"0","0","17","4","0","2024-08-31 12:33:49"
"1055","1",,"OLD DATA","IMPORTER","AHMAD M.S. DIRANI AND BROS FACTORY","Dirani Building 1 Wadi Al Boss Road, Baalbeck Bekaa, Baalbek-El Hermel, 1800 Lebanon","121","0","0","-","-","-","-","-","-","00 9618911400","-",,,"0","0","17","4","0","2024-08-31 12:36:29"
"1056","1",,"OLD DATA","IMPORTER","SCANDAGRA, KėDAINIų PADALINYS"," Biochemikų g. 6, Kėdainiai, 57234 Kėdainių r. sav., Lithuania","126","0","0","-","-","info@scandagra.lt","https://www.scandagra.lt/","-","-"," +370 347 41551","-","Scandagra Lithuania, established in 2006 as part of the Scandagra Group, is a leading agro-trading company jointly owned by major Scandinavian cooperatives DLG and Lantmännen.  The company provides comprehensive agricultural solutions across the Baltic region, specializing in the wholesale of seeds, fertilisers, and crop protection products.  They serve as a vital partner for regional farmers by managing the purchasing, warehousing, drying, cleaning, and export logistics of both conventional and organic grains.","Active / Registered (No legal burdens, liquidations, or operational constraints)","0","0","0","4","0","2024-08-31 12:52:10"
"1057","1",,"OLD DATA","IMPORTER","ARDH ALNOOR CENTRAL L.L.C."," 9MV6+2G, Sohar 327, Oman","165","0","0","bcontactu","+968 79220780","-","-","Owaiz "," info@aanc.om","+968 7238 9232","-",,,"0","0","0","4","0","2024-08-31 12:54:13"
"1058","1",,"OLD DATA","IMPORTER","AYSL AL KHABURA TRADING AND CONSTRUCTION","-","165","0","0","-","-","-","-","-","-","-","-",,,"0","0","17","4","0","2024-08-31 12:55:47"
"1059","1",,"Yellow Renuka Sheet","IMPORTER","ALAQSA EXPORT AND SHIPPING SERVICE","-","64","0","0","bcontactu","-","info@alaqsaa.net","https://alaqssa.net/import-and-export/?lang=en","-","-","-","-",,,"0","0","0","4","0","2024-08-31 12:58:56"
"1060","1",,"OLD DATA","IMPORTER","FERTILE LAND TRADING CO","P.O. Box : 734, P.C : 114, Near OIFC, Building No. 3340, Way No. 3544, MBD, Sultanate of Oman","165","0","0","bcontactu","+968 9287 8796","fertile0077@gmail.com","http://www.fertilelandtradingoman.com/contact-us.aspx","Joshi","-","+968 9549 4167 ","-",,,"0","0","0","4","0","2024-08-31 12:58:57"
"1061","1",,"OLD DATA","IMPORTER","SC EVRICA INVEST SRL","PETRU RARES NR 35 730142, Vaslui, Vaslui Romania  ","180","0","0","bcontactu","-","EVRICA.INVEST@GMAIL.COM","-","-","-","0727100122;","-",,,"0","0","0","4","0","2024-08-31 13:03:42"
"1062","1",,"OLD DATA","IMPORTER","ANDRADA UNICAT BEANS S.R.L."," PLOPENII MARI 717423, Plopenii Mari, Botosani Romania  ","180","0","0","-","-","-","-","-","-","0745316673","-",,,"0","0","17","4","0","2024-08-31 13:05:18"
"1063","1",,"OLD DATA","IMPORTER","UK FIELDS S R O","Osloboditelov 10 Michalovce 071 01 Slovakia","197","0","0","-","-","-","-","-","-","-","-",,,"0","0","17","4","0","2024-08-31 13:08:54"
"1064","1",,"yellow millets master ","IMPORTER","FRIENDSHIP LAND TRADING EST","Al Tahseen Markets, Al Hayer Road,Al Azizyah District Riyadh, Riyadh, 11728 Saudi","191","0","0","bcontactu","-","-","-","-","-","+966 505484838","-",,,"0","0","0","4","0","2024-08-31 13:12:02"
"1065","1",,"-","IMPORTER","EUN HO TRADING CO"," 7 Dong 325, 131 Saebyeok Ro Sasang-gu Busan","116","0","0","-","-","-","-","-","-","+8201038451032.","-",,,"0","0","17","4","0","2024-08-31 13:16:06"
"1066","1",,"OLD DATA","IMPORTER","SERNAL, S.L.","C. de Cabanes, 54, Sants-Montjuïc, 08004 Barcelona, Spain","205","0","0","-","-","aduanas@sernal.com","https://sernal.com/","-","-","+34 933 29 45 54","-",,,"0","0","17","4","0","2024-08-31 13:19:29"
"1067","1",,"OLD DATA","IMPORTER","FUGA GETREIDE AG "," Rohstoffhandel. Hirschmattstrasse 25 6003 Luzern Postfach 6002 Luzern.","212","0","0","bcontactu","-","info@agrokommerz.ch","http://anko-agrotrade.com/contacts/","FELIX","j.gruber@getreide-ag.de","041 227 04 04","-",,,"0","0","0","4","0","2024-08-31 13:56:28"
"1068","1",,"OLD DATA","IMPORTER","GERLACH ZOLLDIENSTE GMBH"," Keniastr. 12 47269, Duisburg, Nordrhein-Westfalen Germany ","82","0","0","-","-","-","-","-","-","+41 44 867 66 21","-",,,"0","0","17","4","0","2024-08-31 14:00:41"
"1069","1",,"OLD DATA","IMPORTER","STEINER MüHLE"," Langnaustrasse 144, 3436 Zollbrück, Switzerland","212","0","0","-","-","-","-","-","-","+41 34 496 96 00","-",,,"0","0","17","4","0","2024-08-31 14:03:16"
"1070","1",,"OLD DATA","IMPORTER","HONG TAI AGRICULTURAL CO LTD","-","214","0","0","-","04-22704406 ","-","-","-","-","04-22705134","-",,,"0","0","17","4","0","2024-08-31 14:06:01"
"1071","1",,"OLD DATA","IMPORTER","KAAN TRADING TARIM TICARET LTD","mersin","223","0","0","bcontactu","+90 533 668 29 02","tuncay@kaantrading.com","http://www.kaantrading.com/en/contact-us","Tuncay","info@kaantrading.com","+90 532 761 07 60","kaantrading",,,"0","0","0","4","0","2024-08-31 14:11:11"
"1072","1",,"OLD DATA","IMPORTER","AGRO JAN GIDA","DIS TIC VE LTD STI BAHCE MAH GUNEYLI APT KAT 9.1. AKDENIZ MERSIN TURKEY","223","0","0","-","-","-","-","-","-","-","-",,,"0","0","17","4","0","2024-08-31 14:12:42"
"1073","1",,"OLD DATA","IMPORTER","AGROZAN TARIM URUN GIDA","-","223","0","0","bcontactu","-","g.alkan@agrozan.com","-","Manar","m.alreyyis@agrozan.com","(0324) 237 19 29","-",,,"0","0","0","4","0","2024-08-31 14:14:28"
"1074","1",,"OLD DATA","IMPORTER","ALBROS SHIPPING & TRADING LTD","Adnan Saygun Cad. Canan Sok. Rifat Bey Apt. No:4 Daire:5 1.Ulus Istanbul","223","0","0","-","+90-212-287 7334.","albros@albros.com.tr","-","SELIM","selim@albros.com.tr","+90-212-287 7336 ","-","-","-","0","0","0","4","0","2024-08-31 14:15:39"
"1075","1",,"OLD DATA","IMPORTER","GREEN VALLEY GIDA","Sanayi Ve Limited Sirket Fatih Mah 33200 Atlanils Citesi 4a B Mezitli Mersin Turke","223","0","0","bcontactu","+90 216 377 77 80","-","-","-","info@greenvalley.com.tr","+511 6775955","-",,,"0","0","0","4","0","2024-08-31 14:19:05"
"1076","1",,"OLD DATA","IMPORTER","HICAZ DENIZ TASIMACILIGI TIC LTD","mersin ","223","0","0","-","-","-","-","-","chartering@hicazshipping.com","0 216 380 60 63","-",,,"0","0","17","4","0","2024-08-31 14:24:02"
"1077","1",,"OLD DATA","IMPORTER","SARFO SHIPPING AND TRADIN INC. ","Canan Sok. Rıfat Bey Apt. No:4 D:9. Beşiktaş – Istanbul Turkey","223","0","0","bcontactu","-","sarfo@sarfo.com.tr","https://www.sarfo.com.tr/contact-us/","-"," sarfo@sarfo.com.tr"," +90 212 287 73 36. ","-",,,"0","0","0","4","0","2024-08-31 14:26:45"
"1078","1",,"OLD DATA","IMPORTER","M/S AL SHABAH TRADING EST"," AL SHABA GENERAL TRADING PO BOX: 24562, KHALIFA NAIF, DEIRA, DUBAI,UNITED ARAB EMIRATES","191","0","0","-","-"," info@alshabatrade.com","--","-","-","-","-",,,"0","0","17","4","0","2024-08-31 14:38:11"
"1079","1",,"Yellow Renuka Sheet","IMPORTER",".MECCA TRADERS","Egypt Office Adress :8 Emarart Misr Altamir- District 9, Masaken El-Shereton - Heliopolis, Cairo - Egypt ","64","0","0","bcontactu","01065540249, 0100111","-","-","dreeisss","-","+202 22685406 ","-",,,"0","0","0","4","0","2024-08-31 15:32:41"
"1080","1",,"Yellow Renuka Sheet","IMPORTER","NEW TRADING S.R.LVIA DELL","-","107","0","0","-","-","-","-","-","-","+390731375970","-",,,"0","0","17","4","0","2024-08-31 15:34:01"
"1081","1",,"Yellow Renuka Sheet","IMPORTER","GOLDEN SPICES","33 Hulbert Rd, New Centre, Johannesburg, 2001, South Africa","202","0","0","-","-","-","-","-","-","27 11 493 4885","-",,,"0","0","17","4","0","2024-08-31 15:37:43"
"1083","1",,"Yellow Renuka Sheet","IMPORTER","SOCIETE JENAYAH FRERES POUR","33 r. of Libya 5160 El Jem","222","0","0","-","-","jenaih.commerce@planet.tn","-","-","-","73631450","-",,,"0","0","17","4","0","2024-08-31 15:46:27"
"1085","1",,"Russian safflower data","IMPORTER","HESA SAATENGROSSHANDLUNG GMBH CO NFG KG","Haideäckerstrasse 8  AT 2325 Himberg","14","0","0","-","-","verkauf@hesa.co.at","https://www.hesa.co.at/kontakt","-"," verkauf@hesa.co.at","+43 2235 873910","-",,,"0","0","12","4","0","2024-09-10 12:36:54"
"1086","1",,"OLD DATA","IMPORTER","EURASIA CENTER AG","Bahnhofstrasse 6 9100 Herisau","212","0","0","bcontactu","-","admin@eurasia-center.eu","https://www.eurasia-center.eu/contact/","-","admin@eurasia-center.eu","+41 71 353 77 95","-",,,"0","0","0","4","0","2024-09-10 13:09:09"
"1087","1",,"new data","IMPORTER","VERHELST-AGRI MEETKERKE ","Verhelst-Agri NV Dorpweg 39 8377 Meetkerke - Zuienkerke","21","0","0","bcontactu","-","info@verhelst-agri.be ","https://verhelst-agri.be/nl/contact#nav","VERHELST","info@verhelst-agri.be ","050 31 47 56","-",,,"0","0","0","4","0","2024-09-10 14:06:14"
"1088","1",,"new data","IMPORTER","GOLDEN GLOBAL EMTIA IC VE DIS TICARET A.S.","Esentepe District, Buyukdere Street, Astoria Apt. No:127 B/17 Sisli/ISTANBUL ","223","0","0","bcontactu","-","info@goldenglobalemtia.com.tr","https://goldenglobalemtia.com.tr/?p=770","-","info@goldenglobalemtia.com.tr","+90 212 215 26 41","-",,,"0","0","13","4","0","2024-09-11 11:30:39"
"1089","1",,"new data","IMPORTER","ALTAS OIL INDUSTRY","Durugöl, Soya Cd. No: 150, 52000 Altınordu/Ordu, Türkiye","223","0","0","-","-"," info@altas.com.tr","https://www.cotanak.com.tr/","-"," info@altas.com.tr","+90 452 777 17 77","-",,,"0","0","73","4","0","2024-09-11 11:39:02"
"1090","1",,"new data","IMPORTER","BASHAN TARIMSAL URN PAZ SAN VE DIS TIC A.S.","Mersin - Adana Highway Emek District Atatürk Blvd. No:18 Karacailyas / Mersin","223","0","0","+90-216 592 83 93","+90-266 772 55 10","-","https://bashan.com.tr/iletisim","-","-","+90-324 221 41 41","-",,,"0","0","63","4","0","2024-09-11 11:45:11"
"1091","1",,"Global data Safflower sheet","IMPORTER","AGRO TRADE JEWGIENIJ NIKULIN","ul. Rymarska 41a/14 53-206 Wrocław","175","0","0","-","-"," office@agrotrade.io","https://agrotrade.io/en/produkty","-"," office@agrotrade.io","+48 796 887 676","-",,,"0","0","17","4","0","2024-09-11 16:31:33"
"1092","1",,"Global data Safflower sheet","IMPORTER","HJC POLECKI TRADING PRZEMYS AW POLECKI","63-100 poland","175","0","0","bcontactu","-","polecki@poleckitrading.com","https://www.poleckitrading.com/en/","-","polecki@poleckitrading.com","+48793555795","-",,,"0","0","12","4","0","2024-09-11 16:54:46"
"1093","1",,"corainder global sheet","IMPORTER","GRACE GLOBAL SDN","H# 03, SPG 357, KG KAPOK, JLN MUARA, BRUNEI DARUSSALAM","32","0","0","-","-"," infograceglobal.bn@gmail.com","https://graceglobalsdnbhd.com/about-us/","-"," infograceglobal.bn@gmail.com","+6737133738","-",,,"0","0","29","4","0","2024-09-16 13:43:20"
"1094","1",,"corainder global sheet","IMPORTER","MS DOUBLE M GENERAL STORE SDN","Unit 12,13 & 14, Block-H, The Sangi-Sangi Industrial Park, Kg. Masin, Mukim Pangkalan Batu, BH2723, Brunei Darussalam","32","0","0","-","+673 2791244","admin@doublembrunei.com","https://doublembrunei.com/products","-","admin@doublembrunei.com","+673 2610566","-",,,"0","0","29","4","0","2024-09-16 13:45:25"
"1095","1",,"corainder global sheet","IMPORTER","NOORBISMI TRADING COMPANY SND BHD","-","32","0","0","bcontactu","-","-","-","-","-","+673 860 4848","-",,,"0","0","0","4","0","2024-09-16 13:55:23"
"1096","1",,"corainder global sheet","IMPORTER","MS RAMPAH RATUS SDN","-","32","0","0","bcontactu","+6738299843","-","-","-","-","+673 261 1991","-",,,"0","0","0","4","0","2024-09-16 13:56:44"
"1097","1",,"corainder global sheet","IMPORTER","SYARIKAT HALIMUN BERSAUDARA SIMPANG","WV3R+7WR, Bandar Seri Begawan, Brunei","32","0","0","-","-","-","-","-","-"," +673 898 6943","-",,,"0","0","29","4","0","2024-09-16 14:04:54"
"1098","1",,"Global data Safflower sheet","IMPORTER","FIRMA HANDLOWA BOGDAN CHMIEL","34-122 Pig Beskidzka Street 120","175","0","0","-","-","handlowy@karmygoldwings.pl","http://www.slonecznik.com.pl/kontakt","-"," biuro@karmygoldwings.pl","+4833870 67 69","-",,,"0","0","12","4","0","2024-09-18 16:05:54"
"1099","1",,"CORIANDER SEEDS GLOBAL DATA","IMPORTER","PT MOTASA INDONESIA"," FGGG+8F6, Wonosari, Sumbertanggul, Mojosari, Mojokerto Regency, East Java 61382, Indonesia","102","0","0","-","(031) 8551 660, +62 ","lautan@motasaindonesia.com","motasaindonesia.co.id","-","-","+62 321 331557","-",,,"0","0","86","4","0","2024-09-21 11:37:01"
"1100","1",,"coriander sheet ","IMPORTER","NEW BENSON TRADING PVT LTD","184 Bankshall St, Colombo 01100, Sri Lanka","206","0","0","-","-","-","-","-","-","+94 71 066 6789","-",,,"0","0","29","4","0","2024-09-21 12:47:39"
"1101","1",,"coriander sheet ","IMPORTER","KANDY TRADE CENTRE PVT LTD","39 Old Moor St, Colombo 01000, Sri Lanka","206","0","0","-","-","-","-","-","-","+94 112 449 067","-",,,"0","0","29","4","0","2024-09-21 12:51:54"
"1102","1",,"coriander sheet ","IMPORTER","GNANAM IMPORTS PVT LTD","F 129, Peoples Park Shopping Complex,  Colombo 11 , Sri Lanka","206","0","0","-","-","info@gnanamimports.lk","https://www.gnanamimports.lk/contact/","-","sales@gnanamimports.lk","+94 112 441944","-",,,"0","0","29","4","0","2024-09-21 12:55:00"
"1103","1",,"coriander sheet ","IMPORTER","SENORA PRIVATE LIMITED","121 5th Cross Street Colombo 11 Sri Lanka","206","0","0","-","-","-","-","-","-","-","-",,,"0","0","29","4","0","2024-09-21 13:00:51"
"1104","1",,"corainder global sheet","IMPORTER","PT. SARI BUMBU INDONESIA","Jalan Raya Cangkir No. 140, Driyorejo, Gresik, Jawa Timur 61177","102","0","0","+62 852 19000581","+62 821-1124-7795","-","-","Ercarni","sales@saribumbuindonesia.com","+62 31 7505125","-",,,"0","0","86","4","0","2024-09-21 13:03:24"
"1105","1",,"corainder global sheet","IMPORTER","PT HANIORI","Pergudangan Kamal Indah, Blk. B No.5, RT.1/RW.1, Kamal, Kec. Kalideres, Kota Jakarta Barat, Daerah Khusus Ibukota Jakarta 11810, Indonesia","102","0","0","+62 21 2255 3452","-","-","-","IRVAN","-","+62 811-980-528","-",,,"0","0","86","4","0","2024-09-21 13:57:33"
"1106","1",,"corainder global sheet","IMPORTER","RS AGRO FZE","64-68 Turgenevskaya Str. Kiev, 04050","228","0","0","bcontactu","-","rsagro.trade@gmail.com","http://rsagro.com.ua/contact-us.html","-","rsagro.trade@gmail.com","+380506045609","-",,,"0","0","33","4","0","2024-09-21 14:06:47"
"1107","1",,"corainder global sheet","IMPORTER","AARYA ENTERPRISES LIMITED","Table View, Cape Town, South Africa","202","0","0","-","+27 83 451 5389","yash@aaryaenterprises.co.za kajal@aaryaenterprises","https://www.aaryaenterprises.co.za/contact/","-","yash@aaryaenterprises.co.za;  kajal@aaryaenterprises.co.za","+27 83 451 5389","-",,,"0","0","33","4","0","2024-09-21 14:14:35"
"1108","1",,"corainder global sheet","IMPORTER","PT TRIJAYA SUKSES MAKMUR","Aren Street No. 29, Jati Pulo Sub-district, Palmerah District, Tomang, West Jakarta, Indonesia, Jakarta, DKI Jakarta 11430, Indonesia","102","0","0","+62 24 7621273, 021-5641451","+628562717252","-","http://tridayajm.com/","AFINA GUNADI","-","+628562717252","-",,,"0","0","86","4","0","2024-09-21 14:19:48"
"1109","1",,"coriander sheet ","IMPORTER","R G BROTHERS","228, Canal Road, Elakanda, Wattala, Sri Lanka.","206","0","0","-","-","info@rgbrothers.com","https://rgbrothers.lk/contact-us/","-","info@rgbrothers.com","+94 11 293 7102","-",,,"0","0","29","4","0","2024-09-21 15:00:17"
"1110","1",,"corainder global sheet","IMPORTER","PT. MITRA PETANI INDONESIA","Office Citra Towers, North Tower Floor 18.B Unit JJl. Casa No. 170, Jl. Benyamin Suaeb Kav. A6 Kemayoran, Central Jakarta 10630 DKI Jakarta, Indonesia","102","0","0","+62 21 397 111 58 ,+ 62 21 397 111 59","+ 62 8 11 10 41 81","mpi@mitrapetaniindonesia.com","https://mitrapetaniindonesia.com/contact-us/","0","mpi@mitrapetaniindonesia.com ","+ 62 21 – 397 111 58","-",,,"0","0","0","4","0","2024-09-21 15:44:01"
"1111","1",,"corainder global sheet","IMPORTER","PT LUCKY INTERCOCO","Medan Medan City, North Sumatra, Indonesia","102","0","0","-","-"," info@luckyintercoco.com","https://lucky-intercoco.com/contact/","--"," info@luckyintercoco.com","+62 811 630 932","-",,,"0","0","33","4","0","2024-09-21 15:54:55"
"1112","1",,"corainder global sheet","IMPORTER","PT DAKAI IMPEX","Jl. Teluk Kumai Timur No.64-66, Perak Utara, Kec. Pabean Cantikan, Surabaya, Jawa Timur 60165, Indonesia","102","0","0","bcontactu","+628123009033","-","-","MR. CHAN","-","+62 31 3291514","-",,,"0","0","86","4","0","2024-09-21 15:57:04"
"1113","1",,"corainder global sheet","IMPORTER","PT SUPA SURYA NIAGA"," Pergudangan Sinar Gedangan Blok C8-9, Dusun Gemurung Kidul, Gemurung, Kec. Gedangan, Kabupaten Sidoarjo, Jawa Timur 61254, Indonesia","102","0","0","-","-"," info@supasurya.com","https://www.supasurya.com/","DENIZIA"," info@supasurya.com, denizia@supasurya.com"," +62.31.8014648","-",,,"0","0","0","4","0","2024-09-21 15:58:48"
"1114","1",,"corainder global sheet","IMPORTER","NEELA S HOME LTD","Unit 8 Block B Dockyard Industrial Estate, Woolwich Church Street, London SE18 5PQ, United Kingdom","230","0","0","-","-","-","-","0"," info@neelashome.co.uk"," +44 20 8854 1977","-",,,"0","0","33","4","0","2024-09-28 13:46:26"
"1115","1",,"corainder global sheet","IMPORTER","YMMYLAND UK LIMITED UNIT","Unit 15, Buzzard Creek Industrial Estate, Barking IG11 0EL, United Kingdom","230","0","0","-","-","-","-","0","-"," +44 7774 432793","-",,,"0","0","33","4","0","2024-09-28 14:55:04"
"1116","1",,"corainder global sheet","IMPORTER","P B FOODS LTD","ProLogis Park Newhall Way BD5 8LZ United Kingdom","230","0","0","-","-","info@pbfoods.co.uk","https://www.heerafoods.com/","--","info@pbfoods.co.uk","+44 1274 660118","-",,,"0","0","33","4","0","2024-10-05 14:13:43"
"1117","1",,"corainder global sheet","IMPORTER","LUXSHAN IMPORT LTD","-","230","0","0","-","-","-","-","--","-","-","-",,,"0","0","33","4","0","2024-10-05 14:18:44"
"1118","1",,"corainder global sheet","IMPORTER","LB ENTERPRISES LTD","-","230","0","0","-","-","-","-","0","-","-","-",,,"0","0","33","4","0","2024-10-05 14:34:04"
"1119","1",,"corainder global sheet","IMPORTER","KAAVIYA LIMITED","-","230","0","0","-","-","-","-","-","-","-","-",,,"0","0","33","4","0","2024-10-05 14:37:33"
"1120","1",,"corainder global sheet","IMPORTER","BANYANTREE FOODS","-","230","0","0","-","-","info@banyantreefoods.co.uk","https://www.banyantreefoods.co.uk/","--","info@banyantreefoods.co.uk","+ 442038618615","-",,,"0","0","33","4","0","2024-10-05 14:46:21"
"1121","1",,"corainder global sheet","IMPORTER","SWANS INTERNATIONAL LIMITED","-","230","0","0","-","-","-","-","--","-","-","-",,,"0","0","33","4","0","2024-10-05 14:51:53"
"1122","1",,"Global data Safflower sheet","IMPORTER","NOTIFY GHETIA LIMITED","-","230","0","0","-","-","-","-","--","-","-","-",,,"0","0","33","4","0","2024-10-05 14:58:47"
"1123","1",,"corainder global sheet","IMPORTER","GENTEEL ASSOCIATES UNIT 2 LLOYD CLOSE","-","230","0","0","-","-","-","genteelassociates.com","--","-","+44 1933 222868","-",,,"0","0","33","4","0","2024-10-05 15:05:48"
"1124","1",,"corainder global sheet","IMPORTER","SAKTHI RETAIL LTD","Sakthi Cash & Carry 245-247 High Street North Manor Park,","230","0","0","-","-","info@sakthi.co.uk",""" https://www.sakthi.co.uk/""","--","info@sakthi.co.uk","+44 2084714713","-",,,"0","0","33","4","0","2024-10-05 15:39:37"
"1125","1",,"corainder global sheet","IMPORTER","DEV IMPORTS LTD","-","230","0","0","-","-","-","-","--","-","-","-",,,"0","0","33","4","0","2024-10-05 15:41:56"
"1126","1",,"new data","IMPORTER","LAVPROD","Москва, Калужское шоссе, 22-й километр, Moscow, Russia, 142770","181","0","0","+7 (985) 282-52-89","+7 (925) 777-69-69","info@Lavprod.ru","https://lavprod.ru/#kontakty","-","zakaz@lavprod.ru","+7 (915) 399-66-94","-",,,"0","0","48","4","0","2024-10-10 13:34:46"
"1127","1",,"new data","IMPORTER","MAGNUM, OOO","119421, russia, moscow, ul. novatorov","181","0","0","bcontactu","-","-","-","VIRENDRA DUBEY","RICE@MCT.RU","+7 (495) 7847172","-",,,"0","0","0","4","0","2024-10-10 13:41:25"
"1128","1",,"new data","IMPORTER","LLC GAMMA VKUSA S","57, 1st Novaya Str., 141017, Mytishchi, Moscow Region, Russia","181","0","0","-","-","gamma-vkusa.s@mail.ru","-","-","gamma-vkusa.s@mail.ru","+7 (495) 627-7677","-",,,"0","0","48","4","0","2024-10-10 14:35:05"
"1129","1",,"new data","IMPORTER","BITIME LLC","-","181","0","0","bcontactu","-","-","-","-","-","+7 495 720-51-70 ","-",,,"0","0","0","4","0","2024-10-10 14:51:21"
"1130","1",,"new data","IMPORTER","TOPOL, OOO","d. 12a pom. 3, ul. Kosmonavtov Pgt. Sanchursk, Kirov region, 612380 Russian Federation","181","0","0","-","-","-","https://topol.ru/en/contacts/","-","-","-","-",,,"0","0","48","4","0","2024-10-10 16:06:46"
"1131","1",,"new data","IMPORTER","TORG INVEST","Ulitsa Zolotorozhskiy Val, д, 34 стр. 2, Moscow, Russia, 111033","181","0","0","-","-","-","-","-","-","+7 495 604-19-66","-",,,"0","0","48","4","0","2024-10-10 16:09:57"
"1132","1",,"new data","IMPORTER","AGRO-ALLIANCE HOLDING","21A, Gakkelevskaya street, Saint-Petersburg, 197227, Russia","181","0","0","bcontactu","+7 981 684-81-34","ganchina@agro-al.ru","https://www.agro-al.ru/en/","ANDREY","kiselev.a.a@agro-al.ru","+7 (812) 240-43-10","-",,,"0","0","0","4","0","2024-10-10 16:22:37"
"1133","1",,"new data","IMPORTER","LLC WELF EXIM","Russia ","181","0","0","-","-","-","-","-","-","-","-",,,"0","0","48","4","0","2024-10-11 15:47:08"
"1134","1",,"new data","IMPORTER","MTM HOLDING CO","Put OD fortica 48, 52100, pula, Croatia","54","0","0","-","-","info@mtmholdingco.com","https://mtmholdingco.com/index.php/contact-us/","KAHAK","info@mtmholdingco.com","+989122465224","-",,,"0","0","18","4","0","2024-10-14 16:22:28"
"1135","1",,"OLD SOFTWARE DATA","IMPORTER","SLAATS DIERENVOEDERS .B.V","Slaats Dierenvoeders B.V. Kanaaldijk - Noord 10 5711 CS Someren Nederland","155","0","0","-","-","-","https://www.slaats-dierenvoeders.nl/contact","--","-","+31 (0) 493-691514","-",,,"0","0","17","4","0","2024-11-07 12:50:00"
"1136","1",,"OLD DATA","IMPORTER","INTERNATIONAL AGRI PRODUCT CO.LTD","C/O Tang Ying Wattana Co., Ltd 33/3 Moo 5 King Kaew Rd., Racha Thewa, Bang Phli, Samut Prakan Thailand 10540","217","0","0","-","+662 750 0781-5","-","-","-","-","+662 312 4182,","-",,,"0","0","59","4","0","2024-11-14 12:58:02"
"1137","1",,"Interzoo","IMPORTER","ZOOTROFES KRITIS S.A","7th km of Rethymnon – Arkadiou,","85","0","0","-","-","info@zootrofeskritis.gr","https://zootrofeskritis.gr/en/contact/","-","zoot23@otenet.gr","302831072880","-",,,"0","0","17","4","0","2024-11-23 12:06:37"
"1138","1",,"Interzoo","IMPORTER","LLC GIO-08 IMPORT & DISTRIBUTION ","-","81","0","0","-","-","-","-","    Zaza Zoidze","zoidzezaza549@gmail.com","995599542850","-",,,"0","0","17","4","0","2024-11-23 12:19:33"
"1139","1",,"Interzoo","IMPORTER","PT CENTRAL PROTEINA PRIMA, TBK","Jl. Jend. Sudirman Kav. 52-53 Senayan, Kebayoran Baru DKI Jakarta 12190","102","0","0","bcontactu"," (021) 50191788","corporate.communication@cpp.co.id","https://www.cpp.co.id/contact-us","Denizia","zoidzezaza549@gmail.com, "," 6281316393125","-",,,"0","0","0","4","0","2024-11-23 12:23:26"
"1140","1",,"Interzoo","IMPORTER","PARADISE PETSHOP    ","-","121","0","0","-","9618821176","-","-","Joseph Haddad","paradise_petshop@hotmail.com","9613201176","-",,,"0","0","17","4","0","2024-11-23 12:27:19"
"1141","1",,"Interzoo","IMPORTER","MARIA BOUKAOURI E.E","-","85","0","0","-","2104220336","bokar@otenet.gr","-","Maria Boukaouri","bokar@otenet.gr","00302104176696","-",,,"0","0","17","4","0","2024-11-23 12:42:14"
"1142","1",,"Interzoo","IMPORTER","DAWAB STORE       ","-","117","0","0","-","-","-","-","   Awadh Alshanafa","infor@dawabstore.com","96560633699","-",,,"0","0","17","4","0","2024-11-23 12:43:47"
"1143","1",,"Interzoo","IMPORTER","SB PET (J) SDN BHD","Lot 2447 (Block A), Batu 28, Jalan Johor, 81500 Pekan Nanas, Johor","132","0","0","-","-","sbpet1999@gmail.com","http://www.sbmalaysia.com/","chea yap hong","sbpet1999@gmail.com","60167228552","-",,,"0","0","17","4","0","2024-11-23 12:49:10"
"1144","1",,"interzoo","IMPORTER","MILIFAR","Rruga Xhorxhi Martini 33, Tirana 1000, Albania","2","0","0","-","-","info@milifar.com","https://milifar.com/","Artion Pellumbi","artion.pellumbi@milifar.com","355696209391","-",,,"0","0","17","4","0","2024-11-23 12:53:20"
"1145","1",,"Interzoo","IMPORTER","JOHNSTON & JEFF","Baltic Buildings, Gateway Business Park, Gilberdyke HU15 2TD,","230","0","0","-","-","richard.johnston@johnstonandjeff.co,uk","https://johnstonandjeff.co.uk/","Richard Johnston","richard.johnston@johnstonandjeff.co,uk","7770944571","-",,,"0","0","17","4","0","2024-11-23 13:23:10"
"1146","1",,"Interzoo","IMPORTER","AA PETS SDN. BHD.","2, Lor Seruling 59/2/KS2, Taman Klang Jaya, 41200 Klang, Selangor","132","0","0","-","60351672177","-","-","TC ANG","info@aa-pets.com","60132616888","-",,,"0","0","17","4","0","2024-11-23 13:27:59"
"1147","1",,"Interzoo","IMPORTER","JANNAT ALTOYOUR EST","-","191","0","0","-","96650319406","-","-","-","abudallh20020@gmail.com","966549280228","-",,,"0","0","18","4","0","2024-11-23 13:32:02"
"1148","1",,"Interzoo","IMPORTER","KS PETS  HUB","716 Yishun Street 71, #01-276 Chong Pang Green","196","0","0","-"," 6598255008"," kspetshub@singnet.com.sg","https://kspetshub.com/","Derrick Soh","kspetshub@singnet.com.sg","6564812422","-",,,"0","0","17","4","0","2024-11-23 13:33:51"
"1149","1",,"Interzoo","IMPORTER","BRAZIL ROFEL ROLIN DE MOURA","-","30","0","0","-","-","-","-","rofel Rolim de Moura","-","5549988848650","-",,,"0","0","17","4","0","2024-11-23 13:38:44"
"1150","1",,"Interzoo","IMPORTER","KENDA LAND TRADING EST","-","191","0","0","-","-","suu6@hotmail.com","-","Salaman Al Sayari","suu6@hotmail.com","966555377532","-",,,"0","0","17","4","0","2024-11-23 13:39:57"
"1151","1",,"Interzoo","IMPORTER","SOUTHSEA AFRICA"," 30 Domboshawa Rd, Harare","246","0","0","-","-","newbusiness@southsea.co.zw","-","Darren Lanca","newbusiness@southsea.co.zw","-","-",,,"0","0","17","4","0","2024-11-23 13:43:45"
"1152","1",,"Interzoo","IMPORTER","CB TRADE LINK","Bredaseweg 108-A, 4902 NS Oosterhout","155","0","0","-","-","chris@cbtradelink.com","https://cbtradelink.com/","Mr Christ","chris@cbtradelink.com","31162471881","-",,,"0","0","17","4","0","2024-11-23 13:47:22"
"1153","1",,"Interzoo","IMPORTER","CALIFORNIA PETS","-","17","0","0","-","-","-","-","jehad","californiapets.bh@gmail.com","97333023233","-",,,"0","0","17","4","0","2024-11-23 13:48:31"
"1154","1",,"Interzoo","IMPORTER","ADWAA AL KHALIJ COMPANY","-","124","0","0","-","-","-","-","Dr Abdulrahim Altarhuni","dr.altarhuni@adwaa.ly","218911462484","-",,,"0","0","10","4","0","2024-11-23 13:50:49"
"1155","1",,"Interzoo","IMPORTER","HL HAMBURGER LEISTUNGSFUTTER GMBH"," Konsul-Ritter-Straße 3, 21079 Hamburg,","82","0","0","bcontactu","+49 40 766920","david.sadowski@ibeka.com","https://www.hl-futter.de/","-","david.sadowski@ibeka.com","+494076692732","-",,,"0","0","0","4","0","2024-11-23 13:53:29"
"1156","1",,"Interzoo","IMPORTER","UNICAPS","-","144","0","0","-","-","unicaps.sales@gmail.com","-","Dumitru Migov","unicaps.sales@gmail.com","37368522230","-",,,"0","0","17","4","0","2024-11-23 13:59:18"
"1157","1",,"Interzoo","IMPORTER","MPH TRADE","-","14","0","0","-","-","-","-","Damian eder","damian@mphtrade.com","393407432039","-",,,"0","0","10","4","0","2024-11-23 14:00:55"
"1158","1",,"Interzoo","IMPORTER","BSF CYCLE GMPH"," Bühlstr. 4 37073, Göttingen, Niedersachsen","82","0","0","-","4915142341028","info@bsfcycle.com","https://bsfcycle.com/pages/kontakt","Philip Hampe","info@bsfcycle.com","4955127070114","-",,,"0","0","17","4","0","2024-11-23 14:03:47"
"1159","1",,"Interzoo","IMPORTER","SUPREMO","-","181","0","0","-","79857275959","-","-","Sultan Mavlonazarov","sultan@supremo.ru","74952239539","-",,,"0","0","17","4","0","2024-11-23 14:11:09"
"1160","1",,"Interzoo","IMPORTER","PRIME PET","-","85","0","0","-","-","-","-","-","contact@prime-pet.gr","302310635724","-",,,"0","0","17","4","0","2024-11-23 14:12:25"
"1161","1",,"Interzoo","IMPORTER","RIBERO SAT","-","205","0","0","-","-","-","-","Ribero sat","ribero@riberosat.es","34625406406","-",,,"0","0","17","4","0","2024-11-23 14:14:26"
"1162","1",,"Interzoo","IMPORTER","ALSHUAIL CO FEED AND SELL ANIMALS SUPPLIES","-","117","0","0","-","96555537310","-","-","Mr Jaber Alshuail","alshuailtrade@gmail.com","96599187787","-",,,"0","0","17","4","0","2024-11-23 14:17:36"
"1163","1",,"Interzoo","IMPORTER","WIELINE","-","155","0","0","-","-","-","-","dan wielink","-","-","-",,,"0","0","17","4","0","2024-11-23 14:19:12"
"1164","1",,"Interzoo","IMPORTER","SEMCO SP Z.O.O. SP. K","-","175","0","0","-","-","-","-","Marcin Just","marcin@semco.pl","48501556466","-",,,"0","0","28","4","0","2024-11-23 14:22:39"
"1165","1",,"Interzoo","IMPORTER","SM BROS GROUP","near Taier Al Madina Supermarket - Al Sajaah - Sharjah","229","0","0","bcontactu","971503341646","-","-","Muneer Ahammed","muneer@smbros.ae","971505913005","-",,,"0","0","0","4","0","2024-11-23 14:34:33"
"1166","1",,"Interzoo","IMPORTER","ASHKANANI BIRDS AND FISH CENTRE","83C6+GPC, Salmiya","117","0","0","-","-","Box2890@yahoo.com","-","hassan M Ashkanani","Box2890@yahoo.com","96599649800","-",,,"0","0","17","4","0","2024-11-23 14:40:18"
"1167","1",,"Interzoo","IMPORTER","PEKALIN MEAT PROCESSING PLANT LLC","-","20","0","0","-","375172363534","-","-","Ihar Masiukou","6618020@mail.ru","375296618020","-",,,"0","0","17","4","0","2024-11-23 14:42:43"
"1168","1",,"Interzoo","IMPORTER","CAT BOX PET HYPER","-","202","0","0","-","27828932093","leon@catbox.co.za","-","Leon Meyer","leon@catbox.co.za","27114625279","-",,,"0","0","17","4","0","2024-11-23 14:44:48"
"1169","1",,"Interzoo","IMPORTER","AGRIMORE","15 28th Oktovriou 57009, Kalochori, Makedonia","85","0","0","+302310754334,302310754335","-","j.pierse@agrimoreangola.com","https://www.agrimore.gr/el/proionta","jed p Roque","j.pierse@agrimoreangola.com","244953001537","-","-","-","0","0","0","4","0","2024-11-23 14:59:05"
"1170","1",,"Interzoo","IMPORTER","ADRIY SYNYAVSKY","-","205","0","0","-","-","-","-","Andriy Synyavsky","a.synyavsky@atlas-trading.eu","393381907890","-",,,"0","0","17","4","0","2024-11-23 15:00:17"
"1171","1",,"Interzoo","IMPORTER","BIOMASS CONCEPT SL","Via Laietana, 15, Ciutat Vella, 08003","205","0","0","-","-","-","https://biomass-concept.com/es/","jerome viet","jviet@biomass-concept.com","34607540729","-",,,"0","0","17","4","0","2024-11-23 15:03:52"
"1172","1",,"Interzoo","IMPORTER","CDA MD","-","144","0","0","-","-","-","-","vadim mereuta","v.mereuta@cdamd.com","37379313730","-",,,"0","0","73","4","0","2024-11-23 15:05:57"
"1173","1",,"Interzoo","IMPORTER","PRO SON DIMAS SA","-","205","0","0","-","-","-","-","daniel Merayo","daniel@prosandimas.com","34987641930","-",,,"0","0","17","4","0","2024-11-23 15:07:19"
"1174","1",,"Interzoo","IMPORTER","HORTICOM"," Loomäe tee 11, Lehmja, 75306 Harju maakond","68","0","0","-","-","-","https://horticom.ee/","Kairi Liiv","kairi.liiv@horticom.ee","3725052592","-",,,"0","0","10","4","0","2024-11-23 15:10:04"
"1175","1",,"Interzoo","IMPORTER","WAKI PHARMA","10th of Ramadan City 1, محافظة القاهرة‬ 7061123","64","0","0","-","-","yasser_wakid@wakipharma.com","https://www.wakipharma.com/","eng Yasser Wakid","yasser_wakid@wakipharma.com","201001900549","-",,,"0","0","17","4","0","2024-11-23 15:12:21"
"1176","1",,"Interzoo","IMPORTER","OPTIMUM PROJECT UK LTD","-","230","0","0","-","-","alex.j.dunning@btinternet.com","-","alex ","alex.j.dunning@btinternet.com","6125873187","-",,,"0","0","17","4","0","2024-11-23 15:14:12"
"1177","1",,"Interzoo","IMPORTER","GIBI ANTONY ","-","165","0","0","-","-","gibiantony@gmail.com","-","gibi","gibiantony@gmail.com","96899008346","-",,,"0","0","17","4","0","2024-11-23 15:20:41"
"1178","1",,"Interzoo","IMPORTER","FEEDECT"," C. Sierra Calderona, 3, 46180 Benaguasil, Valencia","205","0","0","-","--","bruno@feedect.com","https://feedect.com/contact/","Bruno fasce","bruno@feedect.com","34640977591","-",,,"0","0","17","4","0","2024-11-23 15:22:29"
"1179","1",,"Interzoo","IMPORTER","AGROMERCE GRAIN","-","180","0","0","-","-","-","-","Alexei Camenscic","alexei.camenscic@agromerce.ro","40745234523","-",,,"0","0","71","4","0","2024-11-23 15:25:08"
"1180","1",,"new data","IMPORTER","VILLAGE GREEN SEED LTD","PO Box 300, Kumeu 0841, Auckland","157","0","0","-","-","tony@villagegreenseed.com","https://www.villagegreenseed.com/contact-us/","TONY","tony@villagegreenseed.com","+64 21 719 060","-",,,"0","0","18","4","0","2024-11-27 13:50:14"
"1181","1",,"global sheet","IMPORTER","NANTES LTD SA:","2953 Moreri St, Pretoria, Gauteng, 0002, South Africa","202","0","0","-","-","-","-","-","-","+27 79 011 3188","-",,,"0","0","17","4","0","2024-12-13 15:08:39"
"1182","1",,"global sheet","IMPORTER","SIMMEX TRADING IMPORT EXPORT PTY LTD","Durban, KwaZulu Natal, South Africa","202","0","0","bcontactu","-","-","-","-","-","+27 63 519 4049","-",,,"0","0","0","4","0","2024-12-14 11:08:01"
"1183","1",,"Global data ","IMPORTER","LUKRO SP ZOO POLAND ","Ul. Okopowa 8, 20-022 Lublin, Lubelskie, Poland","175","0","0","-","-","welcome@lukroltd.com","-","-","welcome@lukroltd.com","-","-",,,"0","0","17","4","0","2024-12-14 13:26:14"
"1184","1",,"Global data ","IMPORTER","SAFCL PTY LTD","06 Aurora Dr, Umhlanga, Durban, KwaZulu-Natal, 4092, South Africa","202","0","0","-","-","-","-","-","-","+27 71 257 4925","-",,,"0","0","17","4","0","2024-12-14 13:46:08"
"1185","1",,"Global data ","IMPORTER","DYNAMIC INTERTRADE AGRI PTY","Plot 87 Main Road (R55), Blue Hills, Midrand, 1685, South Africa","202","0","0","-","+27 (0)82 967 0414","marnus@dynamicagri.co.za","-","-","marnus@dynamicagri.co.za","+27 (0)100 200 879 ","-",,,"0","0","17","4","0","2024-12-14 13:48:26"
"1186","1",,"Global data ","IMPORTER","AGRISA COMMODITIES PTY LTD","Office 101, Twin Oak Towers, 140 Main Road, Somerset West, 7130, South Africa","202","0","0","-","-","-","-","-","-","+27 21 852 8406","-",,,"0","0","17","4","0","2024-12-14 15:33:11"
"1187","1",,"Global data ","IMPORTER","HOWARTH WINTERBROOK LTD","Key Building, Eastlands Industrial Estate, Leiston, Suffolk, IP16 4LL, United Kingdom","230","0","0","-","-","-","https://www.thewinterbrookgroup.com/","-","-","+44 1728 833822","-",,,"0","0","17","4","0","2024-12-14 16:19:22"
"1188","1",,"Global data ","IMPORTER","CAPETOWN TRADING COMPANY LTD","Room 884, Grand Central Building, Plein Street, Cape Town, South Africa","202","0","0","-","-","info@capetowntrading.net","-","-","info@capetowntrading.net","+27 21 467 2582","-",,,"0","0","17","4","0","2024-12-14 16:26:09"
"1189","1",,"Global data ","IMPORTER","ADONARA AGRO LTD:","Ukraine, 01103, Kyiv, Zaliznichne Roadway, 47","228","0","0","-","-","export@adonara.com.ua","-","-","info@adonara.com.ua, trade@adonara.com.ua","+38050-492-77-88","-",,,"0","0","17","4","0","2024-12-14 16:27:35"
"1190","1",,"Global data ","IMPORTER","APPLECOM OU AEDVILJA TN","Aedvilja tn 1-3, Tallinn, Harju maakond, 10120, Estonia","68","0","0","-","-","info@applecom.eu","-","-","-","+372 515 1324","-",,,"0","0","17","4","0","2024-12-14 16:28:58"
"1191","1",,"Global data ","IMPORTER","HOPE WELL SUPPLIES PTY LTD","Shop 3 Bakery Building, 1 Harvard Street, Howick, 3290, KwaZulu-Natal, South Africa","202","0","0","-","-","hopewellsupplies@gmail.com","-","-","-","+27 33 330 5685","-",,,"0","0","17","4","0","2024-12-14 16:31:44"
"1192","1",,"Global data ","IMPORTER","ASIA INTERNATIONAL FRUITS AGRI PRODUCTS","615 R.O. Santos Street, New Zaniga, Mandaluyong City, Metro Manila, 1550 Philippines","173","0","0","-","-","-","-","-","-","-","-",,,"0","0","12","4","0","2024-12-14 16:33:33"
"1193","1",,"Global data ","IMPORTER","DCAC CONSTRUCTION MATERIAL TRADE","-","173","0","0","-","-","-","-","-","-","+639955722381","-",,,"0","0","17","4","0","2024-12-14 16:35:20"
"1194","1",,"Global data ","IMPORTER","CROWNS CUNSUMERS GOOD TRADING","B6 L31 Lincoln Heights, San Pablo, Dinalupihan, Bataan, Philippines","173","0","0","-","-","CCG.TRADING.73@GMAIL.COM","-","-","-","-","-",,,"0","0","17","4","0","2024-12-14 16:36:58"
"1195","1",,"OLD SOFTWARE DATA","IMPORTER","TIANJIN YUTAI AGRICULTUREAL TECHNOLOGY DEVELOPMENT CO LTD","Kaiming Road West of Economic Development Area of Baodi District,Tianjin,China","44","0","0","-","-","palaow@yutaiagri.com,   weixiangshan@163.com","-","-","-","0086-22-82651668,82685837","-","Tianjin Yutai Agricultural Technology Development Co., Ltd. is a Chinese manufacturer and exporter of agricultural seeds, grains, cereals, oilseeds, and bird-feed ingredients. Established in 2002 and located near Tianjin/Xingang Port, the company supplies bird-food, pet-food, and human-consumption agricultural products to customers worldwide.","Legal Status: Active Chinese Limited Liability Company (Manufacturer, Exporter, and Trading Company). Founded on 9 August 2002.","0","0","0","4","0","2024-12-18 11:14:44"
"1196","1",,"OLD DATA","IMPORTER","CAMPESTRE","R. Poe. Dário Bastos Arm. 3A, 4435-774 Baguim do Monte","176","0","0","-","+351 22 483 4931"," geral@campestre.pt","https://www.campestre.pt/contato","HUGO"," geral@campestre.pt","+351 917 555 749","-",,,"0","0","83","4","0","2024-12-18 13:55:41"
"1197","1",,"old data ","IMPORTER","DESTILERIA LIMTUACO CO. INC","Destileria Limtuaco Bldg., 1830 E. Delos Santos Avenue, Quezon City, Metro Manila, Philippines 1106","173","0","0","-","-"," limtuaco@limtuaco.com","https://www.limtuaco.com/home.html","-","-","63283617491","-",,,"0","0","21","4","0","2025-01-11 16:22:27"
"1198","1",,"OLD DATA","IMPORTER","ARTIN LIMITED ARTIN LIMITED","-","229","0","0","-","-","-","-","-","-","-","-",,,"0","0","21","4","0","2025-01-13 18:53:45"
"1199","1",,"broker ","IMPORTER","AGRI-MULTICOM TRADERS CORPORATION ","Unit 908 South Center Tower Condominium, 2206 Market Street Madrigal Business Park, Alabang, Muntinlupa City 1770 Philippines","173","0","0","-","(632) 8617-7826/ 885"," eaagutaya@amtrade.com.ph","https://www.amtradeinc.com/","-","rdlatonero@amtrade.com.ph","(63) 917 7056286","-",,,"0","0","76","4","0","2025-01-17 11:30:03"
"1200","1",,"DATA 2025","IMPORTER","ABRAHAM HISKIS","israel","106","0","0","-","-","support@abraham-hicks.com","-","-","support@abraham-hicks.com","1-830-755-2299","-",,,"0","0","11","4","0","2025-01-18 12:06:59"
"1201","1",,"DATA 2025","IMPORTER","AFRI TRADING","-","121","0","0","-","-","-","-","-","-","-","-",,,"0","0","11","4","0","2025-01-18 12:13:27"
"1202","1",,"DATA 2025","IMPORTER","ALFACON COMMODITIES INC","-","231","0","0","bcontactu","+1 (717) 464-4525","-","-","-","-","+1 (717) 910-4557","-",,,"0","0","0","4","0","2025-01-18 12:14:47"
"1203","1",,"DATA 2025","IMPORTER","ALI ŞüKRü NEPHANOğLU","-","223","0","0","-","-","-","-","-","-","+90 324 239 06 63","-",,,"0","0","11","4","0","2025-01-18 12:24:50"
"1204","1",,"DATA 2025","IMPORTER","ALMA INTERNATIONAL PLC","Verdun Centre, Concorde Building, 9th Floor, Dunant Street, Beirut","121","0","0","-","-","-","-","-","-","+961-1749082","-",,,"0","0","11","4","0","2025-01-18 12:28:37"
"1205","1",,"DATA 2025","IMPORTER","ARBON LLC","-","231","0","0","-","-","-","-","-","-","630-586-6000","-",,,"0","0","11","4","0","2025-01-18 12:32:13"
"1206","1",,"DATA 2025","IMPORTER","BAHMAS COMMODITIES LTD","Mount Royal Ave., Nassau","16","0","0","--","-","-","-","-","-","+242 328-5071","-",,,"0","0","11","4","0","2025-01-18 12:55:56"
"1207","1",,"DATA 2025","IMPORTER","GG FOODS SRL","Via Mizzi, 8, 26862 Guardamiglio LO","107","0","0","-","-","-","-","-","info@gegprofessionalfood.it","+39037751431","-",,,"0","0","11","4","0","2025-01-18 14:02:51"
"1208","1",,"DATA 2025","IMPORTER","PT GRAND MILLEND","Pergudangan Sigma Kartika Blok I-14 Jalan, Jl. Bougenville Raya, Gn. Sindur, Kec. Gn. Sindur, Kabupaten Bogor, Jawa Barat 16340","102","0","0","-","-","-","-","-","-","+622175685959","-",,,"0","0","11","4","0","2025-01-18 14:09:39"
"1209","1",,"DATA 2025","IMPORTER","CUZ AGRO GIDA DIS TICARET LTD","Karaduvar Mah. Serbest Bölge 3.Cad. No. 12 Free Zone, 33020 Akdeniz, Mersin","223","0","0","-","-","-","-","-","-","+90 324 237 46 34","-",,,"0","0","11","4","0","2025-01-18 14:29:52"
"1210","1",,"DATA 2025","IMPORTER","BAKI TARIMSARL NSLER GIDA","Camikebir, 84/3. Sk. No:10, 35460 Seferihisar/İzmir","223","0","0","-","-","-","-","-","-","+902327434939","-",,,"0","0","11","4","0","2025-01-18 14:31:46"
"1211","1",,"OLD SOFTWARE DATA","IMPORTER","TBS AGROMILL SDN BHD"," Industrial Estate, Sublot 16, Lot 294 Sibiyu, Bintulu - Miri Hwy, Tatau, 97008 Bintulu, Sarawak, Malaysia","132","0","0","-","-","-","-","-","tbsagromill@tbsbhd.com","+60 16-888 7800","-",,,"0","0","76","4","0","2025-01-21 12:07:59"
"1212","1",,"OLD SOFTWARE DATA","IMPORTER","TIAN BEE SDN BHD","Tian Bee Sdn Bhd, 7004-C, Jalan PBR 43, Kawasan Perindustrian Bukit Rambai, 75260 Malacca, Malaysia","132","0","0","-","-","-","-","-","-","+60 6-351 9098","-",,,"0","0","76","4","0","2025-01-21 12:38:14"
"1213","1",,"broker ","IMPORTER","EURL WORLD LINE","ANGLE RUE SARDI MED N15,BOUTLELIS ORAN 31170 ALGERIA","3","0","0","-","-","sales@agropetindex.com","-","HECTOR","sales@agropetindex.com","+34 722 12 95 49 ","-",,,"0","0","11","4","0","2025-01-23 12:50:10"
"1214","1",,"Russian safflower data","IMPORTER","ALTAFF TRADING CO WLL","shop no. 30 road 306 bulding 335 block 1203،, Hamad Town, Bahrain","17","0","0","-","-","-","-","shashi","-","+973 3382 3387","-",,,"0","0","26","4","0","2025-01-27 13:41:34"
"1215","1",,"Russian safflower data","IMPORTER","AYHAN SEZER YAğ VE GıDA ENDüSTRISI TICARET LIMITED ŞIRKETI","Gümrük İskelesi Caddesi, 34045 Kocatepe/İstanbul, Turkey","223","0","0","-","-"," info@ayhansezer.com.tr","https://ayhansezer.com.tr/urunlerimiz/","Aysenur","aysenur@ayhansezer.com.tr","(0212) 640 03 88","-",,,"0","0","12","4","0","2025-01-30 15:51:44"
"1216","1",,"Data given by Akash sir.","IMPORTER","BRIDGEWAY TRADING CORPORATION","Bridgeway Trading Corporation 7301 Ohms Lane, Suite 150 Minneapolis, Minnesota 55439 USA","231","0","0","-","+1 800-388-1258","info@bridgewaytrading.com","https://www.bridgewaytrading.com/home/about-us","-","info@bridgewaytrading.com","+1 952-465-0160","-",,,"0","0","74","4","0","2025-02-01 11:35:41"
"1217","1",,"Akash sir given data ","IMPORTER","INTERNATIONAL MERCANTILE","International Mercantile P.O. Box 2818 Del Mar, CA 92014-5818 USA","231","0","0","-","+1(760) 438-2205 ","-","https://im356-911.com/pages/contact","-","-","+1(800) 356-0012 ","-",,,"0","0","12","4","0","2025-02-01 11:39:52"
"1218","1",,"Akash sir given data ","IMPORTER","ALFACOM  COMMODITIES","-","231","0","0","-","-","info@alfacomcommodities.com","https://www.alfacomcommodities.com/","-","info@alfacomcommodities.com","717.910.4557","-",,,"0","0","12","4","0","2025-02-08 13:50:43"
"1219","1",,"Akash sir given data ","IMPORTER","ARBN LLC","-","231","0","0","-","-","-","-","-","-","-","-",,,"0","0","12","4","0","2025-02-08 13:52:39"
"1220","1",,"Akash sir given data ","IMPORTER","COMMODITY MARKETING CO","8480 Holcomb Bridge Rd, Alpharetta, GA 30022, United States","231","0","0","-","-","sales@commoditymarketing.com","http://commoditymarketing.com/contact-us/","-","sales@commoditymarketing.com"," +1 877-566-9196","-",,,"0","0","12","4","0","2025-02-08 14:21:30"
"1221","1",,"Akash sir given data ","IMPORTER","KATRE AGRO TARIM DIŞ TİC. LTD. ŞTİ. (KATZOO)"," BAHÇELİ KÜRKÇÜ MAHALLESİ ADANA YOLU CADDESİ NO:47/B KAZANLI KAVŞAĞI, 33100 Akdeniz/Mersin, Türkiye","223","0","0","-","-","info@katreagro.com.tr","https://www.katreagro.com.tr/tr","-","info@katreagro.com.tr","+90 324 231 77 00","-",,,"0","0","12","4","0","2025-02-08 14:28:46"
"1222","1",,"Akash sir given data ","IMPORTER","MR GAIN GIDA ITHALAT AND IHRACAT LTD TURKEY","-","223","0","0","-","-","-","-","-","-","-","-",,,"0","0","73","4","0","2025-02-08 14:58:27"
"1223","1",,"Rus Sesame","IMPORTER","LLC COMPANY VALLEY OF THE SUN","70, RIVOLANAYA STREET, MOSCOW, RUSSIA","181","0","0","+74997537968","-","info@dolinasol.ru","dolinasol.ru","-","-","-","-",,,"0","0","7","4","0","2025-02-25 18:53:27"
"1224","1",,"Rus Sesame","IMPORTER","LLC AGRO IMPEX","-","181","0","0","+7 (495) 517-3903","-"," zedimpex@mail.ru"," www.bgconserv.ru","-","-","-","-",,,"0","0","7","4","0","2025-02-26 16:07:07"
"1225","1",,"Rus Sesame","IMPORTER","LLC MASTERFOOD","Dnepropetrovskaya Street, 2, Floor 3, Room XVII, Office No. 42, Moscow, 117587, Russia","181","0","0","+7 (495) 780-7588","-"," pr@natur-foods.ru;  aa@naturfoods.ru","www.naturfoods.ru","-","-","-","-",,,"0","0","7","4","0","2025-02-26 16:11:15"
"1226","1",,"Rus Sesame","IMPORTER","AB MARKET LLC","-","181","0","0","+7 (495) 120-3306","+7 (383) 383-22-50","-","www.ab-market.ru","+7 (812) 407-19-61","info@ab-market.ru,spb@ab-mt.ru, krsn@ab-mt.ru, nsk@ab-mt.ru","+7 (861) 202-54-87","-",,,"0","0","7","4","0","2025-02-26 16:15:41"
"1227","1",,"Rus Sesame","IMPORTER","LLC CONFECTIONERY FACTORY BOGORODSKAYA","6, Zavodskaya Street, Elektrougli, Moscow Region, Russia","181","0","0","+7 (495) 120-3360","-","sales@ab-mt.ru","www.kf-bogorodskaya.ru","-","-","-","-",,,"0","0","7","4","0","2025-02-26 16:22:48"
"1228","1",,"Rus Sesame","IMPORTER","OOO AGROIMPEX","Litera ZH, Bldg. 4, 57, V.O., Maly Prospekt, 199178, Saint Petersburg, Russia.","181","0","0","7 (812) 449-4141","-","info@agroimpex.com.","agroimpex.com.","-","-","-","-",,,"0","0","7","4","0","2025-02-26 16:28:57"
"1229","1",,"Rus Sesame","IMPORTER","LLC AGROTRADE RUS","-","181","0","0","+7 (812) 677-5932","-","inbox@agrotraderus.ru","www.agrotraderus.ru","-","-","-","-",,,"0","0","7","4","0","2025-02-26 16:34:44"
"1230","1",,"Rus Sesame","IMPORTER","RUSAGRICOM LLC","1 Perviy Institutskij Proezd, Office 219, Moscow, 109428, Russia","181","0","0","+7 (495) 709-33-87"," +7 (495) 725-61-88","info@rusagricom.ru","www.rusagricom.ru","-","-","-","-",,,"0","0","7","4","0","2025-02-26 16:41:01"
"1231","1",,"Rus Sesame","IMPORTER","LLC COMINTRADE","Office V-303, W Plaza 2 Business Center, Building 6-17, 1 Varshavskoe Shosse, Moscow, 117105, Russia","181","0","0","+7 (499) 769-5878","-"," sale@comintrade.ru","www.comintrade.ru","-","-","-","-",,,"0","0","7","4","0","2025-02-26 16:51:55"
"1232","1",,"Rus Sesame","IMPORTER","OOO TIMOSHA","42, Energetikov Str., Dzerzhinsky, Moscow Region, Russia.","181","0","0","+7 (495) 744-1162","-","halva@halva.ru.","timosha.ru.","-","-","-","-",,,"0","0","7","4","0","2025-02-26 16:56:11"
"1233","1",,"Rus Sesame","IMPORTER","LLC GOOD FOOD SUPPLY","-","181","0","0","+7 (495) 981-56-56","+7 (495) 130-11-11","nuts@good-food.ru","good-food.ru","-","-","-","-",,,"0","0","7","4","0","2025-02-26 17:06:58"
"1234","1",,"Rus Sesame","IMPORTER","LLC IMPULSE","-","181","0","0","+7 (495) 543-96-16"," +7 (495) 970-2462","impuls-market@yandex.ru","impuls-market.ru","+7 911 501-3137","-","-","-",,,"0","0","7","4","0","2025-02-26 17:10:37"
"1235","1",,"Rus Sesame","IMPORTER","LLC SELL SERVICE","Bldg. 4, 38, Pisareva Str., 630005, Novosibirsk, Russia.","181","0","0","7 (383) 227-8415","-","info@sell-service.ru.","sell-service.ru.","-","-","-","-",,,"0","0","7","4","0","2025-02-26 17:13:20"
"1236","1",,"Rus Sesame","IMPORTER","OOO GIPFEL","127018, Moscow, Trifonovskaya St., 4, Floor 1, Room 1A, Office 3.","181","0","0","+7 800 700 34 88","-","-","-","-","-","-","-",,,"0","0","9","4","0","2025-02-26 17:15:24"
"1237","1",,"Rus Sesame","IMPORTER","OOO AGROTRADE RUS","Office 337, Premises 57, Litera E, 15, Utkin Prospekt, 195112, Saint Petersburg, Russia","181","0","0","+7 (812) 677-59-32","+7 (495) 11-55-000","inbox@agrotraderus.ru, info@agrotrade.moscow"," http://www.agrotraderus.ru,  https://agrotrade.moscow/en","-","-","-","-",,,"0","0","7","4","0","2025-02-26 17:22:24"
"1238","1",,"Rus Sesame","IMPORTER","OOO KOLVI","39, 9th Parkovaya Street, Moscow, 105264, Russia ","181","0","0"," +7 (495) 661-9343 ","-"," kolvy@kolvy.ru","http://www.kolvy.ru/","-","-","-","-",,,"0","0","7","4","0","2025-02-26 17:27:03"
"1239","1",,"Rus Sesame","IMPORTER","OOO KOMINTREYD","Varshavskoye Hwy, 1, стр. 6-17, Moscow, Russia, 117105","181","0","0"," +7 499 769-58-78","-","-","-","-","-","-","-",,,"0","0","7","4","0","2025-02-26 17:30:10"
"1240","1",,"Rus Sesame","IMPORTER","IP ZAKHAROV ANATOLY ANATOLIEVICH","50080, г. Краснодар, ул. Демуса, 16","181","0","0","+7 (918) 966-62-22"," +7 (918) 492-54-22","""ZaharovAnatoli@yandex.ru ""","-","-","-","-","-",,,"0","0","7","4","0","2025-02-26 17:32:45"
"1241","1",,"Rus Sesame","IMPORTER","LLC AZOV CONFECTIONERY FACTORY","Office 53, Vladeniye 8, Proezd 4536, 141006, Mytishchi, Moscow Region, Russia","181","0","0","+7 (495) 788-4624  ","-","msk@azovfabrika.ru","http://www.azovkf.ru/","-","-","-","-",,,"0","0","7","4","0","2025-02-26 17:36:08"
"1242","1",,"Rus Sesame","IMPORTER","OOO MASTERFOOD","1, Stupinskiy Proezd, 117546, Moscow, Russia","181","0","0","+7 (495) 780-7588","-","pr@natur-foods.ru; aa@naturfoods.ru","http://www.naturfoods.ru/","-","-","-","-",,,"0","0","7","4","0","2025-02-26 17:38:20"
"1243","1",,"Rus Sesame","IMPORTER","OOO OPTORG","129626, Moscow, Prospekt Mira, Building 102, Premises 6/8 ","181","0","0","+7 (920) 121-95-09","-","--","-","-","-","-","-",,,"0","0","7","4","0","2025-02-26 17:40:46"
"1244","1",,"Rus Sesame","IMPORTER","JSC ROT FRONT","""13/15 2nd Novokuznetsky Lane, Moscow, 115184, Russia  ""","181","0","0","+7 (495) 951-84-78 ","-","http://www.rotfront.ru","http://www.rotfront.ru","-","-","-","-",,,"0","0","7","4","0","2025-02-26 17:43:21"
"1245","1",,"Rus Sesame","IMPORTER","LLC BAGIRA TRADE",""" 3rd Krasheninnikov Lane, Building 3, Floor 2, Office 201, Room 7, Novosibirsk, Novosibirsk Region, 630054, Russia  ""","181","0","0","+7 (495) 231-2555","-","leon-bagira@mail.ru","http://www.bagira.org/","-","-","-","-",,,"0","0","7","4","0","2025-02-26 17:45:00"
"1246","1",,"Rus Sesame","IMPORTER","LLC HAYAT","Alabuga"" Territory, Sh-2 Street, Building 4/1, 423600, Yelabuga, Republic of Tatarstan, Russia","181","0","0"," +7 (85557) 5-31-05","-","-","-","-","-","-","-",,,"0","0","7","4","0","2025-02-26 17:59:28"
"1247","1",,"Rus Sesame","IMPORTER","LLC IVA","""6A Industrialnaya Street, Premises 1001, Pskov, Pskov Region, 180021, Russian Federation  DNB.COM""","181","0","0","+7 (495) 231-2555","-","-","http://iva-store.ru","-","-","-","-",,,"0","0","7","4","0","2025-02-26 18:01:41"
"1248","1",,"Rus Sesame","IMPORTER","LLC MERCURY","Premises 3, Litera A, Property 3, Barybinskaya Str., Tatarinovo Settlement, 142846, Stupino, Moscow Region, Russia","181","0","0","+7 (906) 081-5181","+7 (916) 315-6808","info.mercury06.2019@gmail.com","http://www.mercury-snack.ru/","-","=","-","-",,,"0","0","7","4","0","2025-02-26 18:04:14"
"1249","1",,"Rus Sesame","IMPORTER","LLC SKM","Leninsky Prospect, House No.148, Flat 126, Entrance 3, Floor 3, Moscow, 119571, Russia","181","0","0","+7 (495) 434-4263","-","-"," skmegg.com","-","-","-","-",,,"0","0","7","4","0","2025-02-26 18:06:47"
"1250","1",,"Rus Sesame","IMPORTER","JSC FINE INGREDIENTS","""Office 1117, Litera AD, 5, Balkanskaya Ploshchad, Balkanskiy-1 Business Center, 192281, Saint Petersburg, Russia  CATALOG.EXPOCENTR.RU""","181","0","0","+7 (812) 676-9510","-","fi@fine-ingredients.ru "," http://www.fine-ingredients.ru","-","-","-","-",,,"0","0","7","4","0","2025-02-26 18:11:21"
"1251","1",,"Rus Sesame","IMPORTER","JSC GRAND TRADE","5/1 Leo Tolstoy Street, Floor 6, Office 23, Khamovniki District, Moscow, 119021, Russia","181","0","0","+7 495 138-88-55","-"," -","https://grandtrade.world","-","-","-","-",,,"0","0","7","4","0","2025-02-26 18:15:24"
"1252","1",,"Rus Sesame","IMPORTER","LLC COMPANY ANGSTREM TRADING","6 Shotlandskaya Street, Room 300, 198035, Saint Petersburg, Russia","181","0","0","+7 (812) 303-9390 ","-","-","http://www.afg-n.ru/","-","-","-","-",,,"0","0","7","4","0","2025-02-26 18:17:34"
"1253","1",,"Rus Sesame","IMPORTER","LLC FERUZA LINE","""8, Admirala Makarova Street, 125212, Moscow, Russia  ""","181","0","0","+7 (495) 363-9323 ","-","sales@feruza.su ","http://www.feruza.su/","-","-","-","-",,,"0","0","7","4","0","2025-02-26 18:20:45"
"1254","1",,"Rus Sesame","IMPORTER","LLC KOLVI","39, 9th Parkovaya Street, Moscow, 105264, Russia","181","0","0"," +7 (495) 661-9343","+7 (499) 271-9343","kolvy@kolvy.ru","http://www.kolvy.ru/","-","-","-","-",,,"0","0","7","4","0","2025-02-26 18:26:03"
"1255","1",,"Rus Sesame","IMPORTER","LLC TURKEL"," 2nd Roschinskiy Proezd, Building 8, Office 1108, Moscow, 115419, Russia","181","0","0","+7 (985) 168-32-69","+7 (495) 787-88-24","-","https://turkel.com.tr/en/contact","-","-","-","-",,,"0","0","7","4","0","2025-02-26 18:29:02"
"1256","1",,"Rus Sesame","IMPORTER","OOO MERCURY"," 117628, Moscow, Ratnaya St., 8, Apt. 3, Room I/2L","181","0","0"," +7 (812) 320-4939","-","-","-","-","-","-","-",,,"0","0","7","4","0","2025-02-26 18:32:56"
"1257","1",,"Rus Sesame","IMPORTER","GLOBALUG LLC","3622 Lyckan Parkway, Suite #3008c, Durham, NC 27707","181","0","0","-","-","sam.globalunited@gmail.com","https://www.gutrading.com/GoogleMaps.html","-","-","-","-",,,"0","0","7","4","0","2025-02-26 18:35:00"
"1258","1",,"Rus Sesame","IMPORTER","LLC ENDAXY","Çağlayan Mh., Sıdıka Polat Apt. No: 41/2, 07230 Antalya, Turkey","223","0","0"," +90 242 324 13 15","-","-","https://en.amc-tr.com/plant-protection-acaricides-endaxy-240-sc","-","-","-","-",,,"0","0","7","4","0","2025-02-26 18:44:26"
"1259","1",,"Rus Sesame","IMPORTER","LLC MKS","-","181","0","0","+7 (48766) 7-72-28","+7 (495) 913-31-94","-","-"," +7 (495) 913-31-95","-","-","-",,,"0","0","7","4","0","2025-02-27 10:53:17"
"1260","1",,"Rus Sesame","IMPORTER","LLC SANIOS","27 Korneyeva Street, Domodedovo, Moscow Region, 142004, Russia","181","0","0","+7 (495) 123-45-67","-","info@sanios.ru","-","-","-","-","-",,,"0","0","7","4","0","2025-02-27 10:55:59"
"1261","1",,"Rus Sesame","IMPORTER","LLC SVD GROUP","-","181","0","0","+7 (800) 700-13-08","-","-","-","-","-","-","-",,,"0","0","7","4","0","2025-02-27 10:58:00"
"1262","1",,"Rus Sesame","IMPORTER","LLC TRADE HOUSE BEREKAT","42 Red Prospect St., Apt. 411, Novosibirsk, Russia","181","0","0","+7-952-927-63-33","8 800 700-6263 ","bereket_pnz@mail.ru","https://www.barakat-halal.com/en/,  bereketpenza.ru","-","-","-","-",,,"0","0","7","4","0","2025-02-27 11:03:32"
"1263","1",,"Rus Sesame","IMPORTER","LLC TRADING HOUSE BEREKAT","Krasniy Prospekt, 42, Office 411, Novosibirsk, Russia","181","0","0"," 8-800-700-01-96 ","-"," barakat-halal@bk.ru","barakat-halal.com","-","-","-","-",,,"0","0","7","4","0","2025-02-27 11:10:20"
"1264","1",,"Rus Sesame","IMPORTER","LLC VKUS PLANETA","142500, Moscow Region, Pavlovsky Posad, Chapayeva St., Building 31, Office 403","181","0","0","+7 (499) 490-4350","-"," info@plvkusa.ru","http://www.plvkusa.ru/","-","-","-","-",,,"0","0","7","4","0","2025-02-27 11:12:13"
"1265","1",,"Rus Sesame","IMPORTER","LLC VLADAGRO","15 Nevelskogo St., Apt. 270, Vladivostok, Primorsky region, 690013, Russia.","181","0","0","+7 (863) 426-7062","-","msk@azovfabrika.ru","http://www.azovkf.ru/","-","-","-","-",,,"0","0","7","4","0","2025-02-27 11:14:25"
"1266","1",,"Rus Sesame","IMPORTER","OOO AZOV CONFECTIONERY FACTORY","5A Kagalnitskoe Highway, Azov, Rostov Region, 346780, Russia.","181","0","0","+7 (863) 426-7062","-","msk@azovfabrika.ru","http://www.azovkf.ru/","-","-","-","-",,,"0","0","7","4","0","2025-02-27 11:16:28"
"1267","1",,"Rus Sesame","IMPORTER"," OOO BAGIRA TRADE","3rd Krasheninnikov Lane, Building 3, Floor 2, Office 201, Room 7, Novosibirsk, Novosibirsk Region, 630054, Russia","181","0","0"," +7 (495) 231-2555","-","http://www.bagira.org/","leon-bagira@mail.ru","-","-","-","-",,,"0","0","7","4","0","2025-02-27 11:21:03"
"1268","1",,"Rus Sesame","IMPORTER","OOO COMPANY ANGSTREM TRADING","6 Shotlandskaya Street, Litera A, Room 300, Saint Petersburg, 198035, Russia","181","0","0","+7 (812) 303-9390","-","-","http://www.afg-n.ru/","-","-","-","-",,,"0","0","7","4","0","2025-02-27 11:23:23"
"1269","1",,"Rus Sesame","IMPORTER","OOO OSNOVY VKUSA","54 Peshtreletskaya St., Office 2, Voronezh, Voronezh Region, 394038, Russia.","181","0","0","+7 (4742) 36-19-48","+7 (4872) 25-11-46","lip@ovkusa.ru, tula@ovkusa.ru","-","-","-","-","-",,,"0","0","7","4","0","2025-02-27 11:25:53"
"1270","1",,"Rus Sesame","IMPORTER","OOO RUSAGRIKOM","1st Institutsky Proezd, Building 3, Structure 5, Office 31, Moscow, 109428, Russia","181","0","0","+7 (495) 709-33-87","+7 (495) 725-61-88","info@rusagricom.ru","+7 (495) 709-33-87","-","-","-","-",,,"0","0","7","4","0","2025-02-27 11:30:32"
"1271","1",,"Rus Sesame","IMPORTER","OOO SPYSINTORG"," Ulitsa Lenina, 10, Moscow, Russia","181","0","0"," +7 (495) 123-45-67","-","info@spicentorg.ru"," spicentorg.ru","-","-","-","-",,,"0","0","7","4","0","2025-02-27 11:40:40"
"1272","1",,"Rus Sesame","IMPORTER","PROFTRADE LLC","36 Rodnikovaya Street, Moscow, Russia","181","0","0","+7 (495) 230-3030","-","36 Rodnikovaya Street, Moscow, Russia","http://www.proftd.ru/","-","-","-","-",,,"0","0","7","4","0","2025-02-27 11:42:52"
"1273","1",,"Rus Sesame","IMPORTER","UNITED SPICES LLC"," Building 17, 37 Altufievskoe Shosse, Moscow, 127247, Russia","181","0","0","+7 (901) 724-3230","-"," info@unitedspices.ru","http://www.unitedspices.ru/","-","-","-","-",,,"0","0","7","4","0","2025-02-27 11:46:39"
"1274","1",,"Rus Sesame","IMPORTER","WORLD INGREDIENTS LLC","Office 310, Building 1, 16 Vyborgskaya Street, Moscow, 125212, Russia","181","0","0","+7 (495) 937-3396","-"," eduard.petukhov@worldfood.su","http://www.worldfood.su/","-","-","-","-",,,"0","0","7","4","0","2025-02-27 11:48:25"
"1275","1",,"Rus Peanuts","IMPORTER","AB MARKET LLC- 2","-","181","0","0","+7 (495) 120-3306,","+7 (812) 407-19-61","info@ab-market.ru,spb@ab-mt.ru, krsn@ab-mt.ru, nsk","www.ab-market.ru","-","-","-","-",,,"0","0","88","4","0","2025-02-27 12:18:33"
"1276","1",,"Rus Peanuts","IMPORTER","BALTIA LLC","-","181","0","0","+7 4012 35‑40‑40, ","-","xsokolova@victoria-group.ru","balticgroup.ru, victoria-group.ru, soli.ru","-","office@victoria-group.ru","+7 4012 35‑40‑05, +7 911 460‑91‑26","-",,,"0","0","0","4","0","2025-02-27 12:20:32"
"1277","1",,"Rus Peanuts","IMPORTER","JSC AKKOND","-","181","0","0","+7 (8352) 63-16-71","-","office@akkond.com"," www.akkond.ru","-","-","-","-",,,"0","0","88","4","0","2025-02-27 12:22:04"
"1278","1",,"Rus Peanuts","IMPORTER"," AVENTA LLC","-","181","0","0","+7 (812) 407-1240","-","info@aventafood.ru"," http://www.aventafood.ru","-","-","-","-",,,"0","0","88","4","0","2025-02-27 12:23:32"
"1279","1",,"Rus Peanuts","IMPORTER","JSC GRAND TRADE- 2","-","181","0","0","+7 (495) 138-88-55","-","info@grandtrade.world"," https://grandtrade.world/en, dry@grandtrade.world","-","-","-","-",,,"0","0","88","4","0","2025-02-27 12:24:58"
"1280","1",,"Rus Peanuts","IMPORTER","JSC KONTI RUS","-","181","0","0","+7 (4712) 73-02-20","-","refer@kontirus.ru","https://kontirus.ru/en/","-","-","-","-",,,"0","0","88","4","0","2025-02-27 12:27:11"
"1281","1",,"Rus Peanuts","IMPORTER","JSC OREHPROM","-","181","0","0","+7 (861) 212-54-60","+7 (861) 277-31-78","office@orekh.com, sh.murat@orekh.com,  vladimirova","orekhprom.com","+7 (861) 277-31-81","-","-","-",,,"0","0","88","4","0","2025-02-27 12:29:38"
"1282","1",,"Rus Peanuts","IMPORTER","JSC OREKHPROM","350012, Krasnykh Partizan st., 2/1, Krasnodar, Russia","181","0","0","+7 (861) 212-54-60","+7 (861) 277-31-78","vladimirova@orekh.com","-","-","-","-","-",,,"0","0","81","4","0","2025-02-27 12:31:33"
"1283","1",,"Rus Peanuts","IMPORTER","JSC ROT FRONT-2","- ","181","0","0","+7 (495) 975-64-76","-","-"," http://рот-фронт.рф","-","-","-","-",,,"0","0","88","4","0","2025-02-27 12:33:01"
"1284","1",,"Rus Peanuts","IMPORTER","ALBO AND PRO RUS LLC","-","181","0","0","+7 812 425-33-31","-","ALBO AND PRO RUS LLC","https://alboprorus.ru/en/main/","-","-","-","-",,,"0","0","88","4","0","2025-02-27 12:34:47"
"1285","1",,"Rus Peanuts","IMPORTER","LLC AGRO ALLIANCE","-","181","0","0"," +7 981 684-81-34","+7 812 240-43-10","a-a@agro-al.ru","www.agro-al.ru","+7 495 792-19-12","-","-","-",,,"0","0","88","4","0","2025-02-27 12:37:03"
"1286","1",,"Rus Peanuts","IMPORTER","LLC AGRO ALLIANCE-2","-","181","0","0","+7 812 240-43-10 ","+7 495 792-19-12","a-a@agro-al.ru","www.agro-al.ru","-","-","-","-",,,"0","0","88","4","0","2025-02-27 12:43:51"
"1287","1",,"Rus Peanuts","IMPORTER","LLC AGRO IMPEX-2","-","181","0","0","+7 (495) 517-3903","-"," zedimpex@mail.ru"," www.bgconserv.ru","-","-","-","-",,,"0","0","0","4","0","2025-02-27 12:45:51"
"1288","1",,"Rus Peanuts","IMPORTER","LLC AGROLOGISTIC","-","181","0","0","+7 (495) 792-19-12","-","-","-","-","-","-","-",,,"0","0","88","4","0","2025-02-27 12:47:05"
"1289","1",,"Rus Peanuts","IMPORTER","LLC AGROTRADE RUS-2","-","181","0","0","+7 (812) 677-5932","-","LLC AGROTRADE RUS"," http://www.agrotraderus.ru","-","-","-","-",,,"0","0","88","4","0","2025-02-27 12:48:43"
"1290","1",,"Rus Peanuts","IMPORTER","LLC ALBO AND PRO RUS","Piskaryovskiy Prospekt, Building 63A, Office 650, St. Petersburg, Russia","181","0","0","+7 812 425-33-31","-","info@alboprotrade.com","https://alboprorus.ru/en/main/","-","-","-","-",,,"0","0","81","4","0","2025-02-27 12:50:18"
"1291","1",,"Rus Peanuts","IMPORTER","LLC APPETIT","Engelsa Prospekt, 34 B, Pom. 23-H, Saint Petersburg, 194156, Russia","181","0","0","+7 (812) 425-33-31","-","info@appetite.ru","www.appetite.ru","-","-","-","-",,,"0","0","88","4","0","2025-02-27 12:51:49"
"1292","1",,"Rus Peanuts","IMPORTER","LLC AZOV CONFECTIONERY FACTORY-2","Office 53, Vladeniye 8, Proezd 4536, 141006, Mytishchi, Moscow Region, Russia","181","0","0","+7 (495) 788-4624","-","msk@azovfabrika.ru"," http://www.azovkf.ru","-","-","-","-",,,"0","0","88","4","0","2025-02-27 13:08:51"
"1293","1",,"LLC BESTFOOD","IMPORTER","LLC BESTFOOD","Office 305, 60B Dorozhnaya Street, Moscow, 117405, Russia","181","0","0","+7 (495) 966-0132","-","Office 305, 60B Dorozhnaya Street, Moscow, 117405,"," http://www.bestfoods.su","-","-","-","-",,,"0","0","88","4","0","2025-02-27 13:10:32"
"1294","1",,"Rus Peanuts","IMPORTER","LLC COMINTRADE-2"," Office V-303, W Plaza 2 Business Center, Building 6-17, 1 Varshavskoe Shosse, Moscow, 117105, Russia","181","0","0","+7 (499) 769-5878","-"," sale@comintrade.ru"," sale@comintrade.ru","-","-","-","-",,,"0","0","88","4","0","2025-02-27 13:12:31"
"1295","1",,"Rus Peanuts","IMPORTER","LLC COMPANY VALLEY OF THE SUN-2","70 Privolnaya Street, Moscow, 109431, Russia","181","0","0"," +7 499 753-79-68","-"," info@dolinasol.ru","http://dolinasol.ru","Ekatarina","-","-","-",,,"0","0","0","4","0","2025-02-27 13:14:05"
"1296","1",,"Rus Peanuts","IMPORTER","LLC CONFECTIONERY FACTORY BOGORODSKAYA-2","6, Zavodskaya Street, Elektrougli, Moscow Region, Russia","181","0","0","+7 (495) 120-3360","-","sales@ab-mt.ru","http://www.kf-bogorodskaya.ru","-","-","-","-",,,"0","0","88","4","0","2025-02-27 13:15:51"
"1297","1",,"Rus Peanuts","IMPORTER","LLC ELEMENT TRADE"," 4 Shcherbakova Street, Office 201, Yekaterinburg, Sverdlovsk Region, 620076, Russi","181","0","0","+7 (343) 216-19-72","-","-","http://www.monetka.ru","-","-","-","-",,,"0","0","88","4","0","2025-02-27 13:18:04"
"1298","1",,"Rus Peanuts","IMPORTER","LLC GOOD FOOD DELIVERY","-","181","0","0"," +7 (495) 130-11-11","-","nuts@good-food.ru","good-food.ru","-","-","-","-",,,"0","0","81","4","0","2025-02-27 13:19:47"
"1299","1",,"Rus Peanuts","IMPORTER","LLC GOOD FOOD SUPPLY-2","-","181","0","0","+7 (495) 981-56-56","-","nuts@good-food.ru","good-food.ru","-","-","-","-",,,"0","0","81","4","0","2025-02-27 13:21:06"
"1300","1",,"Rus Peanuts","IMPORTER","LLC IMPULSE-2","-","181","0","0","+18886940153","+7 911 501-3137","impuls-market@yandex.ru","impuls-market.ru","+7 (495) 543-96-16","-","+7 (495) 970-2462,","-",,,"0","0","81","4","0","2025-02-27 13:23:59"
"1301","1",,"Rus Peanuts","IMPORTER","LLC KERNEL TRADING","16 Nemirovicha-Danchenko Str., Kyiv, 01133, Ukraine","228","0","0","+38 (044) 461-88-04","-","-"," https://www.kernel.ua/","-","-","-","-",,,"0","0","81","4","0","2025-02-27 13:25:33"
"1302","1",,"Rus Peanuts","IMPORTER","LLC MASTERFOOD-2","Dnepropetrovskaya Street, 2, Floor 3, Room XVII, Office No. 42, Moscow, 117587, Russia","181","0","0","""+7 (495) 780-7588 ""","-"," pr@natur-foods.ru; aa@naturfoods.ru","http://www.naturfoods.ru","-","-","-","-",,,"0","0","81","4","0","2025-02-27 13:27:28"
"1303","1",,"Rus Peanuts","IMPORTER","LLC ROSPETRO","Litera AE, 13, Moskovskoe Shosse, 196240, Saint Petersburg, Russia","181","0","0","+7 (812) 382-6365","-","sale@maagspb.ru","http://www.maagspb.ru","-","-","-","-",,,"0","0","81","4","0","2025-02-27 13:35:26"
"1304","1",,"Rus Peanuts","IMPORTER","LLC ROYAL NATS"," 6, Kutuzova Str., Safonovo, Smolensk Region, 215500, Russia","181","0","0"," +7 (48142) 3-24-17","-","royal@r-gr.ru, sales@royalcake.ru","royal@r-gr.ru, sales@royalcake.ru","-","-","-","-",,,"0","0","81","4","0","2025-02-27 14:24:04"
"1305","1",,"Rus Peanuts","IMPORTER","LLC SOGDIANA","Building 2, 6 Nikopolskaya Street, Moscow, 117403, Russia","181","0","0","+7 (965) 274-0262","-","Building 2, 6 Nikopolskaya Street, Moscow, 117403,","http://www.sogdianamsk.com","-","-","-","-",,,"0","0","81","4","0","2025-02-27 14:25:30"
"1306","1",,"Rus Peanuts","IMPORTER","LLC SOLOMON TRADE","Promyshlennaya Street 84, Stroitel Settlement, Tambov Region, Russia","181","0","0"," +7 4752 779020","-","-"," www.agrosouz.net","-","-","-","-",,,"0","0","81","4","0","2025-02-27 14:26:37"
"1307","1",,"Rus Peanuts","IMPORTER","LLC STS LOGISTICS FOR LLC SEMUSHKA","84 Promyshlennaya Street, Stroitel Settlement, Tambov Region, Russia","181","0","0","+7 4752 779020","-","-"," http://www.agrosouz.net","-","-","-","-",,,"0","0","81","4","0","2025-02-27 14:28:14"
"1308","1",,"Rus Peanuts","IMPORTER"," LLC SEMUSHKA ","Building 1, 1st Veshnyakovsky Proezd, 2/5, Moscow, Russia","181","0","0","+7 (495) 988-7668","-","-","http://www.semushka.com ","-","-","-","-",,,"0","0","81","4","0","2025-02-27 14:30:53"
"1309","1",,"Rus Peanuts","IMPORTER"," LLC TIMOSHA","1 Esenina Street, Korenevo Village, Lyuberetsky District, Moscow Region, Russia","181","0","0","+7 (495) 744-11-62","-","halva@timosha.ru","https://en.timosha.ru/","-","-","-","-",,,"0","0","81","4","0","2025-02-27 14:32:54"
"1310","1",,"Rus Peanuts","IMPORTER","LLC SVD GROUP-2","121357, Russia, Moscow, Aminevskoe Highway, House 26A","181","0","0","+7 916 301 96 12","-","-","-","-","-","-","-",,,"0","0","81","4","0","2025-02-27 14:34:22"
"1311","1",,"Rus Peanuts","IMPORTER","LLC TD APRICO LINE","Fuchika Street, Building 4, Lit. K, St. Petersburg, 192102, Russia","181","0","0","+7 (981) 249-5631","-","-"," http://tdaprico.ru","-","-","-","-",,,"0","0","81","4","0","2025-02-27 14:35:36"
"1312","1",,"Rus Peanuts","IMPORTER","LLC TPP SYSTEM","-","181","0","0","+7 (495) 643-1955","-","-","-","-","-","-","-",,,"0","0","81","4","0","2025-02-27 14:40:54"
"1313","1",,"Rus Peanuts","IMPORTER","LLC VOSHOD","Saratov, Russia","181","0","0","+7 (495) 268-0470","-","1@nt-rt.ru","https://nt-rt.ru/en/brand/2893?utm_source=chatgpt.com","-","-","-","-",,,"0","0","81","4","0","2025-02-27 14:42:17"
"1314","1",,"Rus Peanuts","IMPORTER","PHILIP MORRIS IZHORA","-","181","0","0","+7 (812) 718 4545","-","helpdesk@pmi-info.ru. ","-","-","-","-","-",,,"0","0","81","4","0","2025-02-27 14:50:16"
"1315","1",,"Rus Peanuts","IMPORTER","LLC VOSHOD FOR IMPORTER LLC FRUTIMPORT","3rd km Street, 1, Shabury Village, Kirov Region, Russia","181","0","0","+7 912 714 4127","-"," voshodkirov@mail.ru, ","-","-","-","-","-",,,"0","0","81","4","0","2025-02-27 14:53:22"
"1316","1",,"Rus Peanuts","IMPORTER","LLC VOSHOD FOR JSC OREKHPROM","2/1 Krasnykh Partizan St., Krasnodar, 350012, Russia","181","0","0","+7 (861) 212-54-60","-","office@orekh.com"," https://orekhprom.com/","-","-","-","-",,,"0","0","81","4","0","2025-02-27 14:56:11"
"1317","1",,"Rus Peanuts","IMPORTER","LLC VOSHOD FOR LLC FRUTIMPORT","3rd km Street, 1, Shabury Village, Kirov Region, Russia","181","0","0"," +7 (495) 646-2123","+7 (499) 558-0130","yulia@frunut.biz","-","-","-","-","-",,,"0","0","81","4","0","2025-02-27 14:58:35"
"1318","1",,"Rus Peanuts","IMPORTER","LLC VOSHOD FOR LLC SEMUSHKA"," 9, 2nd Yamskaya Street, Moscow, 127018, Russia","181","0","0","+7 (495) 488-7284","-","info@semushka-m.ru"," http://www.semushka.com","-","-","-","-",,,"0","0","81","4","0","2025-02-27 16:33:00"
"1319","1",,"Rus Peanuts","IMPORTER","LLC VOSHOD ON ORDER OF LLC","3rd km Street, 1, Shabury Village, Kirov Region, Russia","181","0","0","+7 922 970 6326","-","uzdimm@mail.ru","-","-","-","-","-",,,"0","0","81","4","0","2025-02-27 16:36:56"
"1320","1",,"Rus Peanuts","IMPORTER","LLC VOSKHOD ON ORDER OF LLC","Building 3, 37 Leningradsky Prospect, Moscow, 125167, Russia","181","0","0","+7 931 514 2737","+7 912 714 4127","info@voskhodtrade.com ,voshodkirov@mail.ru  , pr@n"," https://voskhodtrade.com/en/","+7 (495) 780-7588","-","-","-",,,"0","0","81","4","0","2025-02-27 16:40:19"
"1321","1",,"Rus Peanuts","IMPORTER","LLC WESTGATE"," 6 Likhoborskaya Naberezhnaya, Moscow, 125438, Russia","181","0","0","+7 (495) 730-5118","-","info@lrt.ru","lrt.ru","-","-","-","-",,,"0","0","81","4","0","2025-02-27 16:42:16"
"1322","1",,"Rus Peanuts","IMPORTER","LLC WORLD OF DRIED FRUITS"," 9, 2nd Yamskaya Street, Moscow, 127018, Russia","181","0","0","+7 (495) 488-7285","-","-"," semushka.com, foodart-co.ru, info@greenline77.ru","-","-","-","-",,,"0","0","81","4","0","2025-02-27 16:45:41"
"1323","1",,"Rus Peanuts","IMPORTER","OOO AVENTA","Premises 11N, Litera A, 57/26 Serdobolskaya Street, Saint Petersburg, 197342, Russia","181","0","0","+7 (812) 407-1240","-","info@aventafood.ru"," http://www.aventafood.ru","Adelina","a.parova@aventafood.ru-","-","-",,,"0","0","0","4","0","2025-02-27 16:53:35"
"1324","1",,"Rus Peanuts","IMPORTER","OOO AZOV CONFECTIONERY FACTORY- 2","Head Office -A Kagalnitskoye Highway, Azov, Rostov Region, 346780, Russia         ,Moscow office : Office 53, Building 8, Passage 4536, Mytishchi, Moscow Region, 141006, Russia","181","0","0","+7 (863) 426-7062","+7 (495) 788-4624 ","msk@azovfabrika.ru","www.azovkf.ru","-","-","-","-",,,"0","0","81","4","0","2025-02-27 16:56:34"
"1325","1",,"Rus Peanuts","IMPORTER","OOO KOLVI-2 ","-","181","0","0","+7 (495) 661-9343","-","OOO KOLVI","http://www.kolvy.ru/","-","-","-","-",,,"0","0","81","4","0","2025-02-27 16:58:13"
"1326","1",,"Rus Peanuts","IMPORTER","OOO KOMINTRADE","Office V-303, W Plaza 2 BC, Bldg. 6-17, 1, Varshavskoe Shosse, 117105, Moscow, Russia","181","0","0","+7 (499) 769-5878","-","Office V-303, W Plaza 2 BC, Bldg. 6-17, 1, Varshav","Comintrade","-","-","-","-",,,"0","0","81","4","0","2025-02-27 16:59:58"
"1327","1",,"Rus Peanuts","IMPORTER","OOO PRODAGRO","Litera AE, 13, Moskovskoe Shosse, 196240, Saint Petersburg, Russia","181","0","0"," +7 (812) 382-6365","-","sale@maagspb.ru"," http://www.maagspb.ru","-","-","-","-",,,"0","0","81","4","0","2025-02-27 17:01:56"
"1328","1",,"Rus Peanuts","IMPORTER","OOO VEGAFRUT","196653, Saint Petersburg, Kolpino, Proletarskaya Street, Building 38","181","0","0","+7 (965) 151-74-70","-","-","-","-","-","-","-",,,"0","0","81","4","0","2025-02-27 17:04:24"
"1329","1",,"Rus Peanuts","IMPORTER","OOO YASMIK  ","700000, Tashkent, Bektemir District, Tuyona Street, House 4A","234","0","0","+998 998398338","-","-","-","-","-","-","-",,,"0","0","81","4","0","2025-02-27 17:05:45"
"1330","1",,"Rus Peanuts","IMPORTER","RUSAGRICOM LLC-2"," 1 Perviy Institutskij Proezd, Office 219, Moscow, 109428, Russia","181","0","0","+7 (495) 709-33-87","+7 (495) 725-61-88","info@rusagricom.ru","www.rusagricom.ru","-","-","-","-",,,"0","0","81","4","0","2025-02-27 17:07:54"
"1331","1",,"Rus Peanuts","IMPORTER","VOSTOK FOODS LLC","-","181","0","0","+7 (495) 617-1011","-","info@td-vostok.ru","http://www.td-vostok.ru/","-","-","-","-",,,"0","0","81","4","0","2025-02-27 17:09:23"
"1332","1",,"Pallavi Indonasia","IMPORTER","CV VIRAL CIPTA CEMERLANG","-","102","0","0","-","-","-","-","Yenny Permatasari","-","-","-",,,"0","0","17","4","0","2025-03-21 17:24:21"
"1333","1",,"sorghum data","IMPORTER","GEBI DOO","Maršala Tita, Čantavir, Serbia","193","0","0","bcontactu","-","office@gebi.rs","https://www.gebi.rs/program-za-zivinu","Christian","-","+381 24 782 525","-",,,"0","0","0","4","0","2025-03-31 16:33:51"
"1334","1",,"sorghum data ","IMPORTER","HEGA GMBH","Eichelkampstraße 24, 30519 Hannover","82","0","0","-","-"," info@hega.net","https://www.hega.net/contact/","-","zentrale@hega.net","+49511 86043-0","-",,,"0","0","0","4","0","2025-03-31 16:49:33"
"1335","1",,"sorghum data","IMPORTER","MISCHFUTTER WERKE MANNHEIM GMBH","Otto-Hahn-Straße 40, 68169 Mannheim","82","0","0","-","--","info@mifuma.de","https://www.mifuma.de/anfrage","-","info@mifuma.de","+49 (0)621 32245-76","-",,,"0","0","20","4","0","2025-03-31 17:10:01"
"1336","1",,"sorghum data","IMPORTER","ERDTMANN KLEINTIERFUTTER GMBH","Str. d. Freundschaft 20, 29410 Salzwedel","82","0","0","-","-","info@anhaltiner-tierfutter.de","https://www.erdtmann-gmbh.de/","-","info@anhaltiner-tierfutter.de","+49 39038 456","-",,,"0","0","20","4","0","2025-03-31 17:17:47"
"1337","1",,"sorghum data","IMPORTER","RUISINGER GMBH & CO. KG","Am Schlarpfengrund 5, 86684 Holzheim","82","0","0","-","+49827651995-13","info@jr-farm.de","https://www.jr-farm.de/produkte/","Schwap","markus.schwab@jr-farms.com","+49 8276 51995-0","-",,,"0","0","0","4","0","2025-03-31 17:32:50"
"1338","1",,"sorghum data","IMPORTER","ANKO-AGROTRADE SA","ANKO-AGROTRADE SA Rue de Hesse 12, 1204 Genève,","212","0","0","-","-","office@anko-agrotrade.com","https://anko-agrotrade.com/contacts/","-","-","+417 951 60 121","-",,,"0","0","20","4","0","2025-04-01 15:50:56"
"1339","1",,"sorghum data","IMPORTER","AVITIUM CZECH","Na Kopečku 71, 691 76 Šitbořice","57","0","0","-","-","avitium.czech@seznam.cz","https://www.avitiumczech.cz/index.php?l=4","-","-","+420 777 639 932","-",,,"0","0","20","4","0","2025-04-02 15:29:23"
"1340","1",,"sorghum data","IMPORTER","PALOMA N.V.","Doornijkstraat 59 9250 Waasmunster","21","0","0","-","-","paloma.nv@skynet.be","https://www.palomanv.be/en/contact","-","-","+32093494053","-",,,"0","0","20","4","0","2025-04-02 16:02:35"
"1341","1",,"sorghum data","IMPORTER","WORLD GREEN AGRICULTURAL CORPORATION CO LTD","48  MISEON RO CHUJEOM 5 GIL JANGYEON MYEON GOESAN CHUNGJU CHUNGCHEON","116","0","0","-","-","-","-","-","-","+82 43832 7375 ","-",,,"0","0","20","4","0","2025-04-03 14:48:17"
"1342","1",,"CORIANDER SEEDS GLOBAL DATA","IMPORTER","AL BARAKA PTY LTD","33-39 Export Drive, Brooklyn, Victoria 3012","13","0","0","+61 417 219 921",,,,,,,"-",,,"0","0","0","4","0","0000-00-00 00:00:00"
"1343","1",,"CORIANDER SEEDS GLOBAL DATA","IMPORTER","WELCOME TRADING EST CR 2055131109","2559-12A Street, Al Waha, Dammam 8897, Kingdom of Saudi Arabia","191","0","0",,,,,,,,"-",,,"0","0","0","4","0","0000-00-00 00:00:00"
"1344","1",,"CORIANDER SEEDS GLOBAL DATA","IMPORTER","Premuni Investments Ltd","Plot 10963 Off Chandwe Musonda Rd, Light Industrial Area, Lusaka, Zambia","245","0","0","+260 21 123 2105",,,,,,,"-",,,"0","0","0","4","0","0000-00-00 00:00:00"
"1345","1",,"CORIANDER SEEDS GLOBAL DATA","IMPORTER","SAHAJANAND INVESTMENTS LTD",,"245","0","0",,,,,,,,"-",,,"0","0","0","4","0","0000-00-00 00:00:00"
"1346","1",,"CORIANDER SEEDS GLOBAL DATA","IMPORTER","BARIQ AL AWA IL TRADING","Door No-66 Ali Owaiedah Industrial District, Dirara Al Azour St, P.O. Box 27001, Riyadh-11653, Kingdom of Saudi Arabia","191","0","0","+966 532 626686",,"info@bariqarabia.com",,,,,"-",,,"0","0","0","4","0","0000-00-00 00:00:00"
"1347","1",,"CORIANDER SEEDS GLOBAL DATA","IMPORTER","Chennai Bazzar Investments Ltd","Plot No. 5 Makishi Road, Lusaka, Lusaka, Zambia","245","0","0","+260 950 508363",,,,,,,"-",,,"0","0","0","4","0","0000-00-00 00:00:00"
"1348","1",,"CORIANDER SEEDS GLOBAL DATA","IMPORTER","RM AGENCIES TAWAHI ADEN YEMEN","PO Box 1316, Tawahi, Aden, Yemen","243","0","0","+9672 202666/8",,"info@portofaden.net",,,,,"-",,,"0","0","0","4","0","0000-00-00 00:00:00"
"1349","1",,"CORIANDER SEEDS GLOBAL DATA","IMPORTER","ALMURAAD FOR TRADING","Malla Dakka, Aden, Yemen","243","0","0",,,,,,,,"-",,,"0","0","0","4","0","0000-00-00 00:00:00"
"1350","1",,"CORIANDER SEEDS GLOBAL DATA","IMPORTER","LIVEK DEL CARIBE S A DE C V","Monte Campeche Mz. 83 Lt. 1 Bod. 99 y 100 Supermanzana 301, Benito Ju?rez, Quintana Roo, 77569, Mexico","142","0","0","(998) 800-2222",,"info@livek.com / ventas@livek.com",,,,,"-",,,"0","0","0","4","0","0000-00-00 00:00:00"
"1351","1",,"CORIANDER SEEDS GLOBAL DATA","IMPORTER","SC ION MOS SRL","Lt. Silache Gheorghe str. no. 1-3, 077040 Rosu ? Chiajna, Ilfov, Romania","180","0","0","40 213 522 211","-","office@ionmos.eu","-","VICTORIA","VICTORIA.CODESCU@IONMOS.EU","-","-",,,"0","0","0","4","0","0000-00-00 00:00:00"
"1352","1",,"CORIANDER SEEDS GLOBAL DATA","IMPORTER","FLV ASCENT SRL",,"144","0","0","373 73 123 456",,,,,,,"-",,,"0","0","0","4","0","0000-00-00 00:00:00"
"1353","1",,"CORIANDER SEEDS GLOBAL DATA","IMPORTER","WALTOR GROUP SRO","Rehorova 1003/34, Praha 3, 130 00 Praha, Czech Republic","57","0","0","+420 773 184 027",,,,,,,"-",,,"0","0","0","4","0","0000-00-00 00:00:00"
"1354","1",,"CORIANDER SEEDS GLOBAL DATA","IMPORTER","Righetti Alimentare srl",,"107","0","0","39 045 6050284`1",,"commerciale@righettialimentare.com",,,,,"-",,,"0","0","0","4","0","0000-00-00 00:00:00"
"1355","1",,"CORIANDER SEEDS GLOBAL DATA","IMPORTER","JAMAL H ALI HABTOOR",,"243","0","0",,,,,,,,"-",,,"0","0","0","4","0","0000-00-00 00:00:00"
"1356","1",,"CORIANDER SEEDS GLOBAL DATA","IMPORTER","STAR SPICES LIMITED","42 Street No 7, Conic Residential Area, Phong Phu Ward, Ho Chi Minh City, Vietnam","238","0","0","+84 911 356 757","-","-","-","-","-","-","-",,,"0","0","0","4","0","0000-00-00 00:00:00"
"1357","1",,"CORIANDER SEEDS GLOBAL DATA","IMPORTER","GALAXY PHAM COMPANY LIMITED","10th Floor, 47 Dien Bien Phu, Da Kao Ward, District 1, Ho Chi Minh City, Vietnam","238","0","0"," +84 985 968 934","+84 919 729 288 ","info.galaxypham@gmail.com, info.galaxypham@gmail.c","http://galaxypham.com/","-","-","-","-",,,"0","0","86","4","0","0000-00-00 00:00:00"
"1358","1",,"CORIANDER SEEDS GLOBAL DATA","IMPORTER","LAPPEX LIMITED","Unit 2, 18/F, Shatin Galleria, No. 18 Shan Mei Street, Shatin, NT, Hong Kong","44","0","0","852 2544 7081","-","-","-","-","-","-","-",,,"0","0","0","4","0","0000-00-00 00:00:00"
"1359","1",,"CORIANDER SEEDS GLOBAL DATA","IMPORTER","TRINONG IMPORT EXPORT SEED PLANTSCO LTD","170/26 ???ng TA26, Khu ph? 4, Ph??ng Th?i An, Qu?n 12, Th?nh ph? H? Ch? Minh, Vi?t Nam","238","0","0","+84 986 261 265/+84 325 153 949","+84 28 6257 5151","ceo@trinongseeds.com","-","-","-","+84 918 853 537/","-",,,"0","0","86","4","0","0000-00-00 00:00:00"
"1360","1",,"CORIANDER SEEDS GLOBAL DATA","IMPORTER","EAST WEST SEED HAI MUI TEN DO CO LTD","S? 1, VSIP II-A, ???ng s? 14, KCN Vi?t Nam-Singapore II-A, P. V?nh T?n, TP. T?n Uy?n, T?nh B?nh D??ng, Vi?t Nam, T?n Uy?n","238","0","0","+84 274 2220 233","-","inter@eastwestseed.com","-","-","-","=","-",,,"0","0","86","4","0","0000-00-00 00:00:00"
"1361","1",,"CORIANDER SEEDS GLOBAL DATA","IMPORTER","TAN NONG PHAT MANUFACTURING TRADING CO LTD","22-24-26 N8 Binh Nguyen New Urban Area, Noi Hoa 1 Quarter, Binh An Ward, B?nh D??ng, Vietnam","238","0","0","+842822402021","+84 28 3896 7844","-","-","-","-","-","-",,,"0","0","86","4","0","0000-00-00 00:00:00"
"1362","1",,"CORIANDER SEEDS GLOBAL DATA","IMPORTER","BASAK GIDA GMBH","-","82","0","0","49 209 35976950","-","basakgida@basak-gida.de","-","-","-","-","-",,,"0","0","0","4","0","0000-00-00 00:00:00"
"1363","1",,"CORIANDER SEEDS GLOBAL DATA","IMPORTER","SHAMIM LIAQAT FOOD BEVERAGES PRIVATE LIMITED",,"166","0","0","61 624 3464",,"shamimliaqat1@gmail.com",,,,,"-",,,"0","0","0","4","0","0000-00-00 00:00:00"
"1364","1",,"CORIANDER SEEDS GLOBAL DATA","IMPORTER","KF FOOD COMPLEX PVT LTD",,"166","0","0","92 21 36628649",,"info@raheem-sons.com",,,,,"-",,,"0","0","0","4","0","0000-00-00 00:00:00"
"1365","1",,"CORIANDER SEEDS GLOBAL DATA","IMPORTER","AD International",,"166","0","0","86 22 8397 1826",,"info@kf-food.com",,,,,"-",,,"0","0","0","4","0","0000-00-00 00:00:00"
"1366","1",,"CORIANDER SEEDS GLOBAL DATA","IMPORTER","SHIREEN CORPORATION","Shop No. 12, First Floor, Bismillah Center, Tarannam Chowk, Lahore, Pakistan","166","0","0",,,,,,,,"-",,,"0","0","0","4","0","0000-00-00 00:00:00"
"1367","1",,"CORIANDER SEEDS GLOBAL DATA","IMPORTER","ASIF ENTERPRISES",,"166","0","0","1 301-838-4380",,,,,,,"-",,,"0","0","0","4","0","0000-00-00 00:00:00"
"1368","1",,"CORIANDER SEEDS GLOBAL DATA","IMPORTER","T A ENTERPRISES","Suit No. 447, 4th Floor, Block-M, Bhayani Shopping Centre, North Karachi, Karachi, Pakistan","166","0","0","+92 21 3667 9465 / +92 21 3845 8500",,,,,,,"-",,,"0","0","0","4","0","0000-00-00 00:00:00"
"1369","1",,"CORIANDER SEEDS GLOBAL DATA","IMPORTER","ASIM FRUIT MERCHANT","2 Fruit Market, Ravi Link Road, Lahore, Punjab, 53200","166","0","0","+92 42 37705649",,,,,,,"-",,,"0","0","0","4","0","0000-00-00 00:00:00"
"1370","1",,"CORIANDER SEEDS GLOBAL DATA","IMPORTER","ABDUL WALI TRADERS","Irshad Arcade, 1st Floor, G-6 Abbapara Market, Islamabad, Islamabad Capital Territory, Pakistan","166","0","0","+92 302 3835654",,,,,,,"-",,,"0","0","0","4","0","0000-00-00 00:00:00"
"1371","1",,"CORIANDER SEEDS GLOBAL DATA","IMPORTER","RICE SPICE TRADING CO","Suite #307, Fortune Centre, Shahrah-e-Faisal, Karachi, Sindh, Pakistan","166","0","0","+21-34328787",,,,,,,"-",,,"0","0","0","4","0","0000-00-00 00:00:00"
"1372","1",,"CORIANDER SEEDS GLOBAL DATA","IMPORTER","SANAULLAH EP COMPANY TAFTEN TRADERS","Samad Khan Street, Choharmal Road, Quetta, Balochistan, Pakistan","166","0","0",,,,,,,,"-",,,"0","0","0","4","0","0000-00-00 00:00:00"
"1373","1",,"CORIANDER SEEDS GLOBAL DATA","IMPORTER","MOON IMPEX","H# 379-2-C-II Township, Lahore, Punjab, 53200, Pakistan","166","0","0","+92 42 35111157",,,,,,,"-",,,"0","0","0","4","0","0000-00-00 00:00:00"
"1374","1",,"CORIANDER SEEDS GLOBAL DATA","IMPORTER","AHMED AND BROTHERS","Flat No.14, 2nd Floor, Kala Khan Shopping Centre, Murree Road, Shamasabad, Rawalpindi, Pakistan","166","0","0",,,,,,,,"-",,,"0","0","0","4","0","0000-00-00 00:00:00"
"1375","1",,"CORIANDER SEEDS GLOBAL DATA","IMPORTER","SAUL TRADING","229-Office No.1, 2nd Floor, Coca Cola Stop, Multan Road, Lahore, Punjab, Pakistan","166","0","0",,,,,,,,"-",,,"0","0","0","4","0","0000-00-00 00:00:00"
"1376","1",,"CORIANDER SEEDS GLOBAL DATA","IMPORTER","SANAULLAH EP CO TAFTEN TRADERS","Samad Khan Street, Choharmal Road, Quetta, Balochistan, Pakistan","166","0","0",,,,,,,,"-",,,"0","0","0","4","0","0000-00-00 00:00:00"
"1377","1",,"CORIANDER SEEDS GLOBAL DATA","IMPORTER","H E TRADERS",,"166","0","0","+92 324 326 23",,,,,,,"-",,,"0","0","0","4","0","0000-00-00 00:00:00"
"1378","1",,"CORIANDER SEEDS GLOBAL DATA","IMPORTER","BARI RAFIQUE AND CO","Flat No. 04, Business Centre, Munsafi Road, Quetta, Balochistan, Pakistan","166","0","0","+92 81 2820877 (Office) / +92 30 8383869 (Cell)",,,,,,,"-",,,"0","0","0","4","0","0000-00-00 00:00:00"
"1379","1",,"CORIANDER SEEDS GLOBAL DATA","IMPORTER","SNM TRADERS",,"166","0","0",,,,,,,,"-",,,"0","0","0","4","0","0000-00-00 00:00:00"
"1380","1",,"CORIANDER SEEDS GLOBAL DATA","IMPORTER","MS ENTERPRISES","64 Main Canal Road, Lahore, Punjab, 54850, Pakistan","166","0","0","+92 61 6021124",,"info@ms-enterprises.com.pk",,,,,"-",,,"0","0","0","4","0","0000-00-00 00:00:00"
"1381","1",,"CORIANDER SEEDS GLOBAL DATA","IMPORTER","SHAH INDUSTRIES","Chaman Shah Road, Near Graveyard, Gujranwala, Pakistan","166","0","0","+92 335 4981301 / +92 336 7435407",,"faizrasool4200@gmail.com",,,,,"-",,,"0","0","0","4","0","0000-00-00 00:00:00"
"1382","1",,"CORIANDER SEEDS GLOBAL DATA","IMPORTER","AGAR INTERNATIONAL PVT LTD","C-22 S.I.T.E., Karachi, Sindh, 74000, Pakistan","166","0","0","+92 213 2415412 / +92 213 2414711",,"info@agar.pk",,,,,"-",,,"0","0","0","4","0","0000-00-00 00:00:00"
"1383","1",,"CORIANDER SEEDS GLOBAL DATA","IMPORTER","NATIONAL DRY FRUIT","National Dry Fruit, Quetta Cantonment, Balochistan, 87300, Pakistan","166","0","0","+92 300 3817814",,,,,,,"-",,,"0","0","0","4","0","0000-00-00 00:00:00"
"1384","1",,"CORIANDER SEEDS GLOBAL DATA","IMPORTER","SAJID AND CO","Suit # 204, 2nd Floor Amber Estate Extension, opposite HBL, MCB Kawish Court Br, and Maqbool Mosque, near Baloch Colony Bridge, Shahrah-e-Faisal, Karachi, Sindh, Pakistan","166","0","0","+92 21 34320685 / +92 33 3146394",,,,,,,"-",,,"0","0","0","4","0","0000-00-00 00:00:00"
"1385","1",,"CORIANDER SEEDS GLOBAL DATA","IMPORTER","MAENTERPRISES","Office No. 47, Big City Plaza, Gulberg 3, Lahore, Punjab, Pakistan","166","0","0","+92 357 738 423 / +92 357 738 424",,"m.asif@mae.net.pk / maentprs@nexlinx.net.pk",,,,,"-",,,"0","0","0","4","0","0000-00-00 00:00:00"
"1388","1",,"CORIANDER SEEDS GLOBAL DATA","IMPORTER","PANS GLOBAL COMPANY LIMITED","40/23 Pham Viet Chanh, Ward 19, Phu Nhuan District, Ho Chi Minh City, Vietnam","238","0","0","84 28 3840 9198","+95 9441122660, +95 9443093611","--","-","-","-","-","-",,,"0","0","58","4","0","0000-00-00 00:00:00"
"1389","1",,"CORIANDER SEEDS GLOBAL DATA","IMPORTER","PT SIDO JODO","Jl. Raya Pasinan No. 23 Dusun Tegalsari, Kabupaten Mojokerto 61364, East Java, Indonesia","102","0","0","+62 321 322 783","+62 24)7692 8811","info@sidojodo.com","-","lisa",",Purchasing@sidomuncul.co.id","-","-",,,"0","0","0","4","0","0000-00-00 00:00:00"
"1391","1",,"CORIANDER SEEDS GLOBAL DATA","IMPORTER","EVEREST 01 BP 5672 ABIDJAN CITY 01 TREICHVILLE","1er Immeuble Pharmacie PAL, 24 Boulevard De Marseille, Abidjan, Ivory Coast","53","0","0",,,,,,,,"-",,,"0","0","0","4","0","0000-00-00 00:00:00"
"1392","1",,"CORIANDER SEEDS GLOBAL DATA","IMPORTER","OMUR GMBH OSTERHOLZALLE 45","Osterholzalle 45, 30159 Hannover, Germany","82","0","0","-","+49 711 16861-0","-","https://oemuer.de/en/","-","info@garmo.de","-","-",,,"0","0","0","4","0","0000-00-00 00:00:00"
"1393","1",,"CORIANDER SEEDS GLOBAL DATA","IMPORTER","Green Field Seeds Co Ltd","76/34/5 Le Trong Tan, Tay Thanh Ward, Tan Phu District, Ho Chi Minh City, Vietnam","238","0","0","84 28 38162260",,"info@greenfieldseeds.com",,,,,"-",,,"0","0","0","4","0","0000-00-00 00:00:00"
"1394","1",,"CORIANDER SEEDS GLOBAL DATA","IMPORTER","PEARL GROUP CORPORATION",": 99P Cong Hoa, Ward 4, Tan Binh District, Ho Chi Minh City, Vietnam","238","0","0","84 3727 2426"," +84 906 374 564","info@pearlflavor.com","https://www.vietnampepper.vn/","-","sales@pearlflavor.com","-","-",,,"0","0","86","4","0","0000-00-00 00:00:00"
"1395","1",,"CORIANDER SEEDS GLOBAL DATA","IMPORTER","AN BINH INTERNATIONAL IMPORT EXPORT CO LTD","18th Floor, TNR Building, 180-192 Nguyen Cong Tru, Nguyen Thai Binh Ward, District 1, Ho Chi Minh City, Vietnam","238","0","0","+84 944 838 688","-","-","-","-","purchase.manager@anbinhgroup.com.vn","+84904063737","-",,,"0","0","0","4","0","0000-00-00 00:00:00"
"1396","1",,"CORIANDER SEEDS GLOBAL DATA","IMPORTER","TRI NONG IMPORT EXPORT SEED PLANTS COMPANY LIMITED","170/26 Ta26 Street, Quarter 4, Thoi An Ward, Th?i An, C?n Th? City, Ho Chi Minh City, Vietnam","238","0","0","+84 93 428 62 86",,,,,,,"-",,,"0","0","0","4","0","0000-00-00 00:00:00"
"1397","1",,"CORIANDER SEEDS GLOBAL DATA","IMPORTER","PHU NONG SEEDS CO LTD","58/26C Tien Lan 1 Hamlet, Ba Diem Ward, Hoc Mon District, Ho Chi Minh City","238","0","0","+84 28 3592 5316","-","phunongseeds@gmail.com","-","TIANG ","-","+84918051136","-",,,"0","0","86","4","0","0000-00-00 00:00:00"
"1398","1",,"CORIANDER SEEDS GLOBAL DATA","IMPORTER","TRE VIET SEEDS JOINT STOCK COMPANY","11 Viet Nam Institute Of Agricultural Sciences Living Quarter, Vinh Quynh Ward, Thanh Tri District, Hanoi City, Vietnam","238","0","0","+84 24 3687 6273","-","-","-","-","-","-","-",,,"0","0","86","4","0","0000-00-00 00:00:00"
"1399","1",,"CORIANDER SEEDS GLOBAL DATA","IMPORTER","SHERAKIH AIAIN AS CR NO 4031278640",,"0","0","0",,,,,,,,"-",,,"0","0","0","4","0","0000-00-00 00:00:00"
"1400","1",,"CORIANDER SEEDS GLOBAL DATA","IMPORTER","AI IA CO LTD","224 ?i?n Bi?n Ph?, Ph??ng V? Th? S?u, Qu?n 3, Th?nh ph? H? Ch? Minh, Vietnam","238","0","0","+84 903 903199",,"info@iavietnam.net, iavietnam.nguyen@gmail.com",,,,,"-",,,"0","0","0","4","0","0000-00-00 00:00:00"
"1401","1",,"CORIANDER SEEDS GLOBAL DATA","IMPORTER","THIEN TU AGRICULTUAL PRODUCT COMPANY LIMITED","984 Cach Mang Thang Tam, Ward 5, Ho Chi Minh City, Vietnam","238","0","0","-","+84 8 9972088","info@thientu.vn","-","-","-"," +84 8 9975966","-",,,"0","0","86","4","0","0000-00-00 00:00:00"
"1402","1",,"CORIANDER SEEDS GLOBAL DATA","IMPORTER","NOSAFOOD JOINT STOCK COMPANY","E4/20 Nguyen Huu Tri Street, Tan Tuc Commune, Binh Chanh District, Ho Chi Minh City, Vietnam","238","0","0","+84 6272 8888, +84 972 333 601","-","tmdt@nosafood.com","-","Tan( accounts)","imex@nosafood.com","(+84) 965 097 910","-",,,"0","0","0","4","0","0000-00-00 00:00:00"
"1403","1",,"CORIANDER SEEDS GLOBAL DATA","IMPORTER","VIET PEPPER JOINT STOCK COMPANY","45 Go Noi Street, Phu Huu Ward, Thu Duc City, Ho Chi Minh City, Vietnam","238","0","0","+84 28 3743 8200","+84 909 957 947","salesadmin@vietpepper.com.vn, exp.sales@vietpepper","https://vietpepper.com.vn/","-","-","-","-",,,"0","0","0","4","0","0000-00-00 00:00:00"
"1404","1",,"CORIANDER SEEDS GLOBAL DATA","IMPORTER","KHIMANI IMPEX",,"166","0","0",,"+92 345 3600997",,"A market V3C2+P2M Block 2, P.E.C.H.S., Karachi, 75444, Pakistan",,,,"-",,,"0","0","0","4","0","0000-00-00 00:00:00"
"1405","1",,"CORIANDER SEEDS GLOBAL DATA","IMPORTER","SHAREKET ALAWAEL LILTAWREEDAT ALGTHAAEIA WALTASWEEQ","Hebron - Westbank - Palestine, P.O. Box 53, Israel","106","0","0",,,,,,,,"-",,,"0","0","0","4","0","0000-00-00 00:00:00"
"1406","1",,"CORIANDER SEEDS GLOBAL DATA","IMPORTER","AMAO DMCC","2nd Floor, New Shantala Building, 1, Dr. E. Moses Road, Mumbai, Maharashtra, 400 001, India","101","0","0","+91 22 22048881",,"info@dmcc.com",,,,,"-",,,"0","0","0","4","0","0000-00-00 00:00:00"
"1407","1",,"CORIANDER SEEDS GLOBAL DATA","IMPORTER","OCEANIC AGRI","Block No. 4, Yogi Apartment, Dharm Jivan Main Road, Geeta Nagar 4, Rajkot, Gujarat 360003, India","101","0","0","+91 977 770 0900","-","-","-","-","-","-","--",,,"0","0","0","4","0","0000-00-00 00:00:00"
"1408","1",,"CORIANDER SEEDS GLOBAL DATA","IMPORTER","TRUONG PHU NONG COMPANY LIMITED","29C3 DN3 Street, An Suong Residential Area, Tan Hung Thuan Ward, T?n H?ng Thu?n, H? Ch? Minh City","238","0","0","+84 96 362 86 39","-","-","-","-","-","-","-",,,"0","0","86","4","0","0000-00-00 00:00:00"
"1409","1",,"CORIANDER SEEDS GLOBAL DATA","IMPORTER","SEN VANG SEEDS COMPANY LIMITED","210 Ph?m C?ng Tr?, KDC 143ha, Ph??ng Th?nh M? L?i, Qu?n 2, TP H? Ch? Minh, Vi?t Nam2","238","0","0","+84 9 381 234 94","-","sales@senvangseeds.com","-","-","-","-","-",,,"0","0","86","4","0","0000-00-00 00:00:00"
"1410","1",,"CORIANDER SEEDS GLOBAL DATA","IMPORTER","GRAVEX TRAIDING DMCC","Office No C209, Groma House, Plot No 14C, Sector 19, Vashi, Navi Mumbai, Maharashtra, India","101","0","0","+91 22 22048881",,"info@gravexport.com",,,,,"-",,,"0","0","0","4","0","0000-00-00 00:00:00"
"1411","1",,"CORIANDER SEEDS GLOBAL DATA","IMPORTER","TUYET MAYA IMPORT EXPORT COMPANY LIMITTED","Group 1, Quyet Tam Village, Lai Vu Ward, Lai Vu, Hai Duong Province","238","0","0","+84 91 438 5914",,,,,,,"-",,,"0","0","0","4","0","0000-00-00 00:00:00"
"1412","1",,"CORIANDER SEEDS GLOBAL DATA","IMPORTER","LLC Abkhazproduct",,"0","0","0","94 11 293 7102",,"info@rgbrothers.com",,,,,"-",,,"0","0","0","4","0","0000-00-00 00:00:00"
"1413","1",,"CORIANDER SEEDS GLOBAL DATA","IMPORTER","VIET PEPPER CO LTD","96 Road No.6, Binh Trung Tay Ward, Thu Duc City, Ho Chi Minh City, Vietnam","238","0","0","+84 28 3743 8200

",,,,,,,"-",,,"0","0","0","4","0","0000-00-00 00:00:00"
"1414","1",,"CORIANDER SEEDS GLOBAL DATA","IMPORTER","GRAINRAIN OU",,"151","0","0","+26461233266",,,,,,,"-",,,"0","0","0","4","0","0000-00-00 00:00:00"
"1415","1",,"CORIANDER SEEDS GLOBAL DATA","IMPORTER","PLANT LIPIDS PVT LTD","Plant Lipids Private Limited, Kolenchery, Cochin ? 682 311, Kerala, India","101","0","0","48 43 333 00 72","-","biuro@bromex.com.pl","-","SANJU SAMEUL( Cochin Office)","sanju.samuel@plantlipids.com","+91 92880 26289","--",,,"0","0","0","4","0","0000-00-00 00:00:00"
"1416","1",,"CORIANDER SEEDS GLOBAL DATA","IMPORTER","Z To Order and NA",,"151","0","0",,,,,,,,"-",,,"0","0","0","4","0","0000-00-00 00:00:00"
"1417","1",,"CORIANDER SEEDS GLOBAL DATA","IMPORTER","SAJJAN FOODS DMCC","1603, Indigo Icon Tower, Cluster F, Jumeirah Lake Towers, Dubai - United Arab Emirates, P.O. Box 42638","101","0","0","971-4-5667105",,"abhijit@sajjanfoods.com",,,,,"-",,,"0","0","0","4","0","0000-00-00 00:00:00"
"1418","1",,"CORIANDER SEEDS GLOBAL DATA","IMPORTER","LAKEN GLOBAL LP",,"102","0","0",,,,,,,,"-",,,"0","0","0","4","0","0000-00-00 00:00:00"
"1419","1",,"CORIANDER SEEDS GLOBAL DATA","IMPORTER","P P H U KAMPOL KRZYSZTOF LUZNIAK","ul. Wielu?ska 12A, 97-438 Rusiec, ??d? Voivodeship, Poland","175","0","0","+48 506 976 338",,"biuro@kampolrusiec.pl",,,,,"-",,,"0","0","0","4","0","0000-00-00 00:00:00"
"1420","1",,"CORIANDER SEEDS GLOBAL DATA","IMPORTER","PHU NONG SEEDS CO","58/26C Tien Lan 1 Hamlet, Ba Diem Commune, Hoc Mon District, Ho Chi Minh City, Vietnam","238","0","0","+84 28 3592 5316",,"phunongseeds@gmail.com",,,,,"-",,,"0","0","0","4","0","0000-00-00 00:00:00"
"1421","1",,"CORIANDER SEEDS GLOBAL DATA","IMPORTER","MULDER MARNE B V","Noorderbaan 67, 8256 PP Biddinghuizen, Netherlands","155","0","0","31 (0)321 820 200",,"info@muldermarne.nl",,,,,"-",,,"0","0","0","4","0","0000-00-00 00:00:00"
"1422","1",,"CORIANDER SEEDS GLOBAL DATA","IMPORTER","TRE VIET SEEDS JOINT STOCK CO","11 Viet Nam Institute Of Agricultural Sciences Living Quarter, Vinh Quynh Ward, Thanh Tri District, Hanoi City, Vietnam","238","0","0","+84 24 3687 6273",,,,,,,"-",,,"0","0","0","4","0","0000-00-00 00:00:00"
"1423","1",,"CORIANDER SEEDS GLOBAL DATA","IMPORTER","RS AGRO FZE",,"102","0","0",,,,,,,,"-",,,"0","0","0","4","0","0000-00-00 00:00:00"
"1424","1",,"CORIANDER SEEDS GLOBAL DATA","IMPORTER","WALTOR GROUP S R O","Krava?sk? 1, Ostrava, Moravian-Silesia, 70900, Czech Republic","57","0","0","+420 773 184 027",,,,,,,"-",,,"0","0","0","4","0","0000-00-00 00:00:00"
"1425","1",,"CORIANDER SEEDS GLOBAL DATA","IMPORTER","TRADAL BRAZIL COMERCIO IMPORTACOES EXPORTACOES LTDA","Rua Arthemio Dion?zio da Costa 98 (Polo Industrial de Jandira II), Jandira, S?o Paulo, 06612-280, Brazil","30","0","0","+55 11 3648-4848",,,,,,,"-",,,"0","0","0","4","0","0000-00-00 00:00:00"
"1426","1",,"CORIANDER SEEDS GLOBAL DATA","IMPORTER","VIETNAM MRB COMPANY","3rd Floor, Shop House B5-12B Vinhomes Gardenia, Ham Nghi Street, Cau Dien Ward, Nam Tu Liem District, Hanoi, Vietnam","238","0","0","+84 24 62920216, +84 24 62920312 (fax)",,,,,,,"-",,,"0","0","0","4","0","0000-00-00 00:00:00"
"1427","1",,"CORIANDER SEEDS GLOBAL DATA","IMPORTER","VINH PHAT FOOD TRADING CO LTD","84 Thich Minh Nguyet Street, Ward 2, Tan Binh District, Ho Chi Minh City, Vietnam","238","0","0","+84 28 2253 9642",,"vinhphat.jsc@vipafood.com, info@vipafood.com",,,,,"-",,,"0","0","0","4","0","0000-00-00 00:00:00"
"1428","1",,"CORIANDER SEEDS GLOBAL DATA","IMPORTER","NEDSPICE PROCESSING VIETNAM LTD","Hoa Lan Quarter, Thuan Giao Ward, Thuan An City, Binh Duong Province, Vietnam","238","0","0","+84 274 3718005","-","order@nedspice.com","https://www.nedspice.com/","-","-","-","-",,,"0","0","0","4","0","0000-00-00 00:00:00"
"1429","1",,"CORIANDER SEEDS GLOBAL DATA","IMPORTER","VILLAR MAURICIO","Manuel Tosa 15A, 76000 Santiago de Quer?taro, Quer?taro, Mexico","142","0","0","+52 442 225 3651",,,,,,,"-",,,"0","0","0","4","0","0000-00-00 00:00:00"
"1430","1",,"CORIANDER SEEDS GLOBAL DATA","IMPORTER","LLC KOTANI","11A Derbenevskaya Waterfront, Moscow, 115114, Russia","181","0","0","+7 (495) 232-46-00",,"info.ru@kotanyi.com",,,,,"-",,,"0","0","0","4","0","0000-00-00 00:00:00"
"1431","1",,"CORIANDER SEEDS GLOBAL DATA","IMPORTER","Alps Bioscience Limited","Sangyug Center, 06 Ngara Rd, Nairobi, Kenya","113","0","0","+254 792 640 973",,"support@patameds.com",,,,,"-",,,"0","0","0","4","0","0000-00-00 00:00:00"
"1432","1",,"CORIANDER SEEDS GLOBAL DATA","IMPORTER","PANKAJ JAYANTILAL NARSHI SHAH",,"113","0","0",,,,,,,,"-",,,"0","0","0","4","0","0000-00-00 00:00:00"
"1433","1",,"CORIANDER SEEDS GLOBAL DATA","IMPORTER","AGRO ALLIANCE FZ LLC","FDBC0271 Compass Building, Al Shohada Road, AL Hamra Industrial Zone-FZ, Ras Al Khaimah, United Arab Emirates","101","0","0","971 07 207 8987, 971 58 198 2515",,"trade@agroalliancefze.com / agroalliancefze@gmail.",,,,,"-",,,"0","0","0","4","0","0000-00-00 00:00:00"
"1434","1",,"CORIANDER SEEDS GLOBAL DATA","IMPORTER","AARYA ENTERPRISES LIMITED",,"102","0","0",,,,,,,,"-",,,"0","0","0","4","0","0000-00-00 00:00:00"
"1435","1",,"CORIANDER SEEDS GLOBAL DATA","IMPORTER","MARVEL BIOSCIENCE FZE","MARVEL BIOSCIENCE FZE","101","0","0","971 4 883 5039","971 552 242 938","trade@marvelbiosciencefze.com",,"Mr. Suresh Chapla",,,"-",,,"0","0","0","4","0","0000-00-00 00:00:00"
"1436","1",,"CORIANDER SEEDS GLOBAL DATA","IMPORTER","HARRIS FREEMAN VIET NAM CO LTD","No. 31, Street 2, Vietnam ? Singapore 2 Industrial Park (VSIP 2), Thu Dau Mot City, Binh Duong Province, Vietnam","238","0","0","+84 274 362 8133, Fax: +84 274 366 8004",,"info@HarrisFreeman.com, thuy@harrisfreemanasia.com",,,,,"-",,,"0","0","0","4","0","0000-00-00 00:00:00"
"1437","1",,"CORIANDER SEEDS GLOBAL DATA","IMPORTER","ANN INTERNATIONAL IMPORT EXPORT CO LTD","No. 20 Alley 1, Alley 124 Nguy?n Xi?n, H? ??nh Ward, Thanh Xu?n District, Hanoi City, Vietnam.","238","0","0","+84 24 666 08956",,"ann.intimex@gmail.com",,,,,"-",,,"0","0","0","4","0","0000-00-00 00:00:00"
"1438","1",,"CORIANDER SEEDS GLOBAL DATA","IMPORTER","S S CO LTD","Hamlet 1, Nhut Chanh Village, Ben Luc District, Long An Province, Vietnam","238","0","0","+84 272 3871393, +84 272 3871090, +84 272 3891200",,"cs@sscorp.vn, thanhtung200400@gmail.com",,,,,"-",,,"0","0","0","4","0","0000-00-00 00:00:00"
"1439","1",,"CORIANDER SEEDS GLOBAL DATA","IMPORTER","GLOBOIL ENERGY DMCC",,"101","0","0",,,"info@globoildmcc.com",,,,,"-",,,"0","0","0","4","0","0000-00-00 00:00:00"
"1440","1",,"CORIANDER SEEDS GLOBAL DATA","IMPORTER","OM EXIM CORPORATION","OM EXIM House, Near Canara Bank, Opp. APMC Gate No. 7, Unjha - 384170, Gujarat, India","101","0","0","91 79948 02115","-","info@omeximcorp.com","-","-","-","-","--",,,"0","0","86","4","0","0000-00-00 00:00:00"
"1441","1",,"CORIANDER SEEDS GLOBAL DATA","IMPORTER","GFPEJSC BAC GIANG PROVINC","1 Nguyen Van Cu Street, Tran Phu Ward, Bac Giang City, Bac Giang Province, Vietnam","238","0","0","-","-","-","-","-","-","-","-",,,"0","0","86","4","0","0000-00-00 00:00:00"
"1442","1",,"CORIANDER SEEDS GLOBAL DATA","IMPORTER","AVIKARA INDUSTRIES","GOLAI GUNZ BAZAR, Mehsana, Gujarat, 384170, India","101","0","0",,"91 98254 56772",,,"Parshva Mehta",,,"-",,,"0","0","0","4","0","0000-00-00 00:00:00"
"1443","1",,"CORIANDER SEEDS GLOBAL DATA","IMPORTER","PRODUCTOS LA DO A S A","Calle 137 Este, Panam?, Provincia de Panam?, Panam?","169","0","0","+507 220 1000",,,,,,,"-",,,"0","0","0","4","0","0000-00-00 00:00:00"
"1444","1",,"CORIANDER SEEDS GLOBAL DATA","IMPORTER","HIRRA FOOD STUFF CR NO 16437 PO BOX","PO Box 14882, CR No. 16437, Doha, Qatar","178","0","0","+97455086219",,,,,,,"-",,,"0","0","0","4","0","0000-00-00 00:00:00"
"1447","1",,"CORIANDER SEEDS GLOBAL DATA","IMPORTER","PT LUCKY INTERCOCO","Komp. Emerald Garden A-6, Silalas, Medan Barat, Kota Medan, Sumatera Utara, 20235, Indonesia","102","0","0","62 61 664 3232",,"info@luckyintercoco.com",,,,,"-",,,"0","0","0","4","0","0000-00-00 00:00:00"
"1448","1",,"CORIANDER SEEDS GLOBAL DATA","IMPORTER","PT DAKAI IMPEX","Jl. Teluk Kumai Timur No. 64-66, Perak Utara, Kec. Pabean Cantikan, Kota Surabaya, Jawa Timur 60165, Indonesia","102","0","0","62 31 3291514 ,62 31 3299496 ,62 31 3291571","-","-","-","MR. CHAN"," info@dakaiimpex.com","-","-",,,"0","0","0","4","0","0000-00-00 00:00:00"
"1449","1",,"CORIANDER SEEDS GLOBAL DATA","IMPORTER","PT SUPA SURYA NIAGA","Pergudangan Sinar Gedangan Blok C8-9, Wedi, Sidoarjo, East Java, 61254, Indonesia","102","0","0","+62 31 801 4648","-","info@supasurya.com","-","DENIZIA","-","+62 811-3116-7555","-",,,"0","0","0","4","0","0000-00-00 00:00:00"
"1450","1",,"CORIANDER SEEDS GLOBAL DATA","IMPORTER","VIET AN GLOBAL COMPANY LTD","18 Street No 5, Quarter 5, Linh Chieu Ward, Linh Chi?u - H? Ch? Minh City, Vietnam","238","0","0","+84 90 230 2243",,,,,,,"-",,,"0","0","0","4","0","0000-00-00 00:00:00"
"1451","1",,"CORIANDER SEEDS GLOBAL DATA","IMPORTER","NOTIFY HARRIS FREEMAN VIETNAM CO LIMITED","No. 31, Street 2, Vietnam Singapore Industrial Park II, Hoa Phu Ward, Thu Dau Mot City, Binh Duong Province, Vietnam","238","0","0","+84 274 3628133","-","thuy@harrisfreemanasia.com","-","NGOC","-","+84 914312376","--",,,"0","0","0","4","0","0000-00-00 00:00:00"
"1452","1",,"CORIANDER SEEDS GLOBAL DATA","IMPORTER","VIETNAM DACE CO LIMITED","487 Ngo Gia Tu Street, Duc Giang Ward, Long Bien District, Hanoi, Vietnam","238","0","0","+84 24 5897779","-","contact@dace.vn","-","-","-","-","-",,,"0","0","0","4","0","0000-00-00 00:00:00"
"1453","1",,"CORIANDER SEEDS GLOBAL DATA","IMPORTER","BIZIMUREMYI ABDOUNUL",,"35","0","0",,,,,,,,"-",,,"0","0","0","4","0","0000-00-00 00:00:00"
"1454","1",,"CORIANDER SEEDS GLOBAL DATA","IMPORTER","SINGA TRADE SERVICE CO LTD","50/30/3 L? Lu, Ph??ng Tr??ng Th?nh, Th?nh ph? Th? ??c, Th?nh ph? H? Ch? Minh, Vi?t Nam","238","0","0",,,,,,,,"-",,,"0","0","0","4","0","0000-00-00 00:00:00"
"1455","1",,"CORIANDER SEEDS GLOBAL DATA","IMPORTER","G O C FOOD PROCESSING EXPORT","Tan Xuyen Industrial Park, Tan Dinh Ward, Lang Giang District, Bac Giang Province, Vietnam","238","0","0","+84 97 848 7158","-","info@goc-food.com / sonpt@goc-food.com","-","-","-","-","-",,,"0","0","86","4","0","0000-00-00 00:00:00"
"1456","1",,"CORIANDER SEEDS GLOBAL DATA","IMPORTER","RUBAKATU MUMUNI",,"83","0","0",,,,,,,,"-",,,"0","0","0","4","0","0000-00-00 00:00:00"
"1457","1",,"CORIANDER SEEDS GLOBAL DATA","IMPORTER","FRANK MARFO",,"83","0","0","+233 24 647 1911",,,,,,,"-",,,"0","0","0","4","0","0000-00-00 00:00:00"
"1458","1",,"CORIANDER SEEDS GLOBAL DATA","IMPORTER","ADIZA ALI",,"83","0","0",,,,,,,,"-",,,"0","0","0","4","0","0000-00-00 00:00:00"
"1459","1",,"CORIANDER SEEDS GLOBAL DATA","IMPORTER","MOHAMMED KAMIL","Kwame Nkrumah University of Science and Technology (KNUST), School of Business, Third Floor, Room 10 (TF10), Kumasi, Ghana","83","0","0",,,,,,,,"-",,,"0","0","0","4","0","0000-00-00 00:00:00"
"1460","1",,"CORIANDER SEEDS GLOBAL DATA","IMPORTER","MELCOM LIMITED","2nd Palace Link Road, Off Dadeban Road, North Industrial Area, P.O. Box 3920, Accra, Ghana","83","0","0","+233 302 251784 / +233 302 251785 / +233 302 25178",,,,,,,"-",,,"0","0","0","4","0","0000-00-00 00:00:00"
"1461","1",,"CORIANDER SEEDS GLOBAL DATA","IMPORTER","VENEZUELAN CARGO BROKERS VCB CA","Calle 3 Manzana E Parcela 88 y 89, Maiquetia, Distrito Federal, Venezuela","237","0","0","+58 212 9765304 / +58 212 9764500

",,,,,,,"-",,,"0","0","0","4","0","0000-00-00 00:00:00"
"1462","1",,"CORIANDER SEEDS GLOBAL DATA","IMPORTER","SQUARE PHARMACEUTICALS PLC CHANGED","Square Centre, 48, Mohakhali C/A, Dhaka 1212, Bangladesh","18","0","0","+8802222283604, +8802222285870, +8802222285902, +8",,"dicdhk@squaregroup.com",,,,,"-",,,"0","0","0","4","0","0000-00-00 00:00:00"
"1463","1",,"CORIANDER SEEDS GLOBAL DATA","IMPORTER","TRUST INTERNATIONAL TRADING CO","TRUST INTERNATIONAL TRADING CO","18","0","0","88 01711114366",,"hello@tinbd.com",,,,,"-",,,"0","0","0","4","0","0000-00-00 00:00:00"
"1464","1",,"CORIANDER SEEDS GLOBAL DATA","IMPORTER","Lal Teer Seed Ltd","Anchor Tower, 108, Bir Uttam C. R. Dutta Road, Dhaka 1205, Bangladesh","18","0","0","88 02-58610012 to 18, 88 02-58610027, 88 02-586101",,"lalteer@multimodebd.com",,,,,"-",,,"0","0","0","4","0","0000-00-00 00:00:00"
"1465","1",,"CORIANDER SEEDS GLOBAL DATA","IMPORTER","ZAFBOS VENTURES NIGERIA LIMITED","22, Alh. Shokoya Street, Mafoluku-Oja, Lagos, Lagos State, Nigeria","160","0","0",,,,,,,,"-",,,"0","0","0","4","0","0000-00-00 00:00:00"
"1466","1",,"CORIANDER SEEDS GLOBAL DATA","IMPORTER","FYSAL BRENNER T A FYSAL FRESH PRODUCE","ERF 4 & 5 Main Road, Oshikango, Ohangwena, 9999, Namibia","151","0","0","+264 65 264860",,,,,,,"-",,,"0","0","0","4","0","0000-00-00 00:00:00"
"1467","1",,"CORIANDER SEEDS GLOBAL DATA","IMPORTER","M S Maa Enterprise","228/4 Meraznagar, B-Block Main Road, Kadamtali, Dhaka-1362, Bangladesh","18","0","0","880 1711-192377 ,880 1611-192377",,"maenterprise571@gmail.com",,,,,"-",,,"0","0","0","4","0","0000-00-00 00:00:00"
"1468","1",,"CORIANDER SEEDS GLOBAL DATA","IMPORTER","Eon Agro Industries Ltd","304, Tejgaon Industrial Area, Tejgaon, Dhaka, Bangladesh","18","0","0","880 2-9830915-18",,"info@eongroup.net.bd","eongroup.net.bd",,,,"-",,,"0","0","0","4","0","0000-00-00 00:00:00"
"1469","1",,"CORIANDER SEEDS GLOBAL DATA","IMPORTER","OOO CHOCOLATE DISTRIBUTION","?. 94-?, ??. ?????????????, 130100, Jizzax, Jizzax viloyati, Uzbekistan","234","0","0","+998551515555",,,,,,,"-",,,"0","0","0","4","0","0000-00-00 00:00:00"
"1470","1",,"CORIANDER SEEDS GLOBAL DATA","IMPORTER","OOO AJIB TAMI ZIRAVORLAR","??????????? ???, ????????????? ?-?, ??. ???????, 89-??? , ??????????","234","0","0","+998977276869",,,,,,,"-",,,"0","0","0","4","0","0000-00-00 00:00:00"
"1471","1",,"CORIANDER SEEDS GLOBAL DATA","IMPORTER","Ooo Orient Factory","?.??????? ???? ???????? ?????, ??. ????-??? 15, Tashkent, Uzbekistan","234","0","0","+998 979 774 706",,"info@orientgroup.uz",,,,,"-",,,"0","0","0","4","0","0000-00-00 00:00:00"
"1472","1",,"CORIANDER SEEDS GLOBAL DATA","IMPORTER","OOO NEW BEST TECH","25 ???, Katartal Street, Tashkent 100096, Uzbekistan","234","0","0",,,,,,,,"-",,,"0","0","0","4","0","0000-00-00 00:00:00"
"1473","1",,"CORIANDER SEEDS GLOBAL DATA","IMPORTER","MACOLAT WARD FOOD TRADING EST CR 2","Unit 3, 7353, Al Naathel District, Al Hofouf, Eastern Province, 36361-4335, Saudi Arabia","191","0","0",,,,,,,,"-",,,"0","0","0","4","0","0000-00-00 00:00:00"
"1474","1",,"CORIANDER SEEDS GLOBAL DATA","IMPORTER","MUHAMMAD DAWOOD GENERAL TRADERS","SHOP NO,14, NEAR MCB BANK, M.A JINAH ROAD, QUETTA, QUETTA","166","0","0","+92-42-37631516, +92-42-37675500",,,,,,,"-",,,"0","0","0","4","0","0000-00-00 00:00:00"
"1475","1",,"CORIANDER SEEDS GLOBAL DATA","IMPORTER","NISAR COMMISSION SHOP","NISAR COMMISSION SHOP","166","0","0","0301 6639839",,,,,,,"-",,,"0","0","0","4","0","0000-00-00 00:00:00"
"1476","1",,"CORIANDER SEEDS GLOBAL DATA","IMPORTER","LUCKY TRADERS","8-Fazal Building, Cooper Road, Lahore, Punjab, 53200, Pakistan","166","0","0","+92 042 6290038",,,,,,,"-",,,"0","0","0","4","0","0000-00-00 00:00:00"
"1477","1",,"CORIANDER SEEDS GLOBAL DATA","IMPORTER","NAVTAKIA INTERNATIONAL","Office #1504, 15th Floor, K.S Trader Tower, Shahrah-e-Liaquat, New Chali, Karachi, Sindh, Pakistan","166","0","0","92 213 2425460",,"ali.shah@navtakia.com","navtakia.com",,,,"-",,,"0","0","0","4","0","0000-00-00 00:00:00"
"1478","1",,"CORIANDER SEEDS GLOBAL DATA","IMPORTER","QUALITY DRY FRUITS","Shop #35, Near Ahmed Bakery, Jodia Bazar, Karachi, Sindh, Pakistan","166","0","0","+021 32547493",,,,,,,"-",,,"0","0","0","4","0","0000-00-00 00:00:00"
"1479","1",,"CORIANDER SEEDS GLOBAL DATA","IMPORTER","MANSOOR STORE","14 Musa Market, Karachi, Sindh, 74000, Pakistan","166","0","0","+92 325 12972",,,,,,,"-",,,"0","0","0","4","0","0000-00-00 00:00:00"
"1480","1",,"CORIANDER SEEDS GLOBAL DATA","IMPORTER","GLOBAL CONNECTIONS","Karachi, Pakistan","166","0","0","+021 36616313",,"info@globalconnectionpk.com",,,,,"-",,,"0","0","0","4","0","0000-00-00 00:00:00"
"1481","1",,"CORIANDER SEEDS GLOBAL DATA","IMPORTER","ASAD TRADING COMPANY","18, Street Main Bazar, South Waziristan, Wana, Pakistan","166","0","0",,,,,,,,"-",,,"0","0","0","4","0","0000-00-00 00:00:00"
"1482","1",,"CORIANDER SEEDS GLOBAL DATA","IMPORTER","RAHEEM SONS","Shop # 2, Plot # A-1, 8/28, Near Masjid Ali Imam Bargah, Qasba Town, Manghopir Road, Karachi, Pakistan","166","0","0","92 21 36628649",,"info@raheem-sons.com",,,,,"-",,,"0","0","0","4","0","0000-00-00 00:00:00"
"1483","1",,"CORIANDER SEEDS GLOBAL DATA","IMPORTER","FEDERAL EXPRESS CORPORATION","FedEx China Customer Support Center, 400.886.1888 / 800.988.1888 (FedEx-brand service), China","44","0","0",,,"memaster@fedex.com","https://www.fedex.com.cn",,,,"-",,,"0","0","0","4","0","0000-00-00 00:00:00"
"1484","1",,"CORIANDER SEEDS GLOBAL DATA","IMPORTER","DIAMOND INTERNATIONAL","702, Uni Tower, I.I. Chundrigar Road, Karachi, Sindh, Pakistan","166","0","0","+92-21-2410-2676, +92-21-2414-2676",,,,,,,"-",,,"0","0","0","4","0","0000-00-00 00:00:00"
"1485","1",,"CORIANDER SEEDS GLOBAL DATA","IMPORTER","MEHRAN SPICE FOOD INDUSTRIES","Plot # 14 & 15, Sector 24, Korangi Industrial Area, Karachi, Pakistan","166","0","0","92 21-35076841-50",,"info@mehrangroup.com","mehrangroup.com",,,,"-",,,"0","0","0","4","0","0000-00-00 00:00:00"
"1486","1",,"CORIANDER SEEDS GLOBAL DATA","IMPORTER","SS INTERNATIONAL","Shop # 4, Rehman Street, Nishter Road, Brandreth Road, Lahore, Pakistan","166","0","0","042-37656297, 0300-4023023",,"sales.ssinternational1@gmail.com",,,,,"-",,,"0","0","0","4","0","0000-00-00 00:00:00"
"1487","1",,"CORIANDER SEEDS GLOBAL DATA","IMPORTER","FORTUNE ENTERPRISES","Shop # 32439927-28, Karachi, Sindh, Pakistan","166","0","0","+92 324 39927-28",,,,,,,"-",,,"0","0","0","4","0","0000-00-00 00:00:00"
"1488","1",,"CORIANDER SEEDS GLOBAL DATA","IMPORTER","MUHAMMAD ISHAQ AND COMPANY","Ghala Mandi, Sangla Hill, Punjab, Pakistan","166","0","0","+92-42-5833432",,"info@mmisons.com",,,,,"-",,,"0","0","0","4","0","0000-00-00 00:00:00"
"1489","1",,"CORIANDER SEEDS GLOBAL DATA","IMPORTER","MIAN BROTHERS","Shop #23A, Block-B Commercial Market, Phase-1 CITI Housing Multan, Pakistan","166","0","0","923246336003 ,03015665002",,"info@mbrealtors.com.pk","mbrealtors.com.pk",,,,"-",,,"0","0","0","4","0","0000-00-00 00:00:00"
"1490","1",,"CORIANDER SEEDS GLOBAL DATA","IMPORTER","FAIZAN RIZWAN TRADERS SMC PRIVATE LIMITED","Tahilaram Quarters Shop G-3, Karachi, Sindh, Pakistan","166","0","0",,,,,,,,"-",,,"0","0","0","4","0","0000-00-00 00:00:00"
"1491","1",,"CORIANDER SEEDS GLOBAL DATA","IMPORTER","EVERY IMPEX",,"166","0","0",,,,,,,,"-",,,"0","0","0","4","0","0000-00-00 00:00:00"
"1492","1",,"CORIANDER SEEDS GLOBAL DATA","IMPORTER","LLC OSIYO GRANT LAZZATI","Shaykhantakhur district, street Kichik Khalka Yuli, 1, Tashkent, Uzbekistan, 100169","234","0","0",,,,,,,,"-",,,"0","0","0","4","0","0000-00-00 00:00:00"
"1493","1",,"CORIANDER SEEDS GLOBAL DATA","IMPORTER","LLC ZANDER STEEL GROUP","Uzbekistan, Tashkent region, Zangiota District, Markaziy street., 20","234","0","0","
+998950164117",,,,,,,"-",,,"0","0","0","4","0","0000-00-00 00:00:00"
"1494","1",,"CORIANDER SEEDS GLOBAL DATA","IMPORTER","LLC YOQUBJONXOJI O G ILLARI RAVNAQI",,"234","0","0",,,,,,,,"-",,,"0","0","0","4","0","0000-00-00 00:00:00"
"1495","1",,"CORIANDER SEEDS GLOBAL DATA","IMPORTER","GRACE GLOBAL SDN","H# 03, SPG 357, KG KAPOK, JLN MUARA, BRUNEI DARUSSALAM","32","0","0","+673 713 3738",,"infograceglobal.bn@gmail.com",,,,,"-",,,"0","0","0","4","0","0000-00-00 00:00:00"
"1496","1",,"CORIANDER SEEDS GLOBAL DATA","IMPORTER","MD MOSHAROF HOSSAIN LIAKAT LIA MINI","49-51 Derigny Street, Viktoria Square, 104 34 Athens, Attica, Greece","85","0","0","+30 210 823 359","-","-","-","-","-","+30 210 8237359","-","-","-","0","0","0","4","0","0000-00-00 00:00:00"
"1497","1",,"CORIANDER SEEDS GLOBAL DATA","IMPORTER","LIONSTON S LIMITED",,"140","0","0",,,,,,,,"-",,,"0","0","0","4","0","0000-00-00 00:00:00"
"1498","1",,"CORIANDER SEEDS GLOBAL DATA","IMPORTER","WELCOME TRADING","2559-12A Street, Al Waha, Dammam, Kingdom of Saudi Arabia","191","0","0","966 13 555 666",,,"Welcome Trading Est",,,,"-",,,"0","0","0","4","0","0000-00-00 00:00:00"
"1499","1",,"CORIANDER SEEDS GLOBAL DATA","IMPORTER","OOO SUPER TECHNICS","??????????? ???.,?????????.?-?,???????? KFY Savdo Markazi,5","234","0","0","+998979954090",,,,,,,"-",,,"0","0","0","4","0","0000-00-00 00:00:00"
"1500","1",,"CORIANDER SEEDS GLOBAL DATA","IMPORTER","AL DALLAL VEGETABLES AND FRUITS CO","Building 1996, Road 1527, Al Hadd, Muharraq, Bahrain","17","0","0","973 3311 8107",,,,,,,"-",,,"0","0","0","4","0","0000-00-00 00:00:00"
"1501","1",,"CORIANDER SEEDS GLOBAL DATA","IMPORTER","CHOCOLATE DISTRIBUTION LLC","Tashkent, Almazar district, Street Karasarayskaya, 284A","234","0","0","+998 (90) 822-70-10",,,,,,,"-",,,"0","0","0","4","0","0000-00-00 00:00:00"
"1502","1",,"CORIANDER SEEDS GLOBAL DATA","IMPORTER","MACOLAT WARD FOOD TRADING EST","Unit 3, 7353, Al Naathel District, Al Hofouf, Eastern Province, 36361-4335, Saudi Arabia","191","0","0","-","-","-","-","-","-","+966 50 085 7033","--",,,"0","0","0","4","0","0000-00-00 00:00:00"
"1503","1",,"CORIANDER SEEDS GLOBAL DATA","IMPORTER","SEVEN HILLS AGRO JZ LLC","Uzbekistan, Jizzakh region, Dustlik district, Dustlik street, ? 17","234","0","0","+998 99 029 00 99",,"okhodjaev@sevenhillsagro.com",,,,,"-",,,"0","0","0","4","0","0000-00-00 00:00:00"
"1504","1",,"CORIANDER SEEDS GLOBAL DATA","IMPORTER","HOMECOOK Aps","Nordre Ringvej 11, 7000 Fredericia, Denmark","58","0","0","45 81 72 78 88",,,,,,,"-",,,"0","0","0","4","0","0000-00-00 00:00:00"
"1505","1",,"CORIANDER SEEDS GLOBAL DATA","IMPORTER","MILAIDHOO ISLAND MALDIVES UNIVERSAL ENTERPRISES PVT LTD","PO Box 2015, 39 Orchid Magu, Male 20-02, Republic of the Maldives","133","0","0","960 660 7788",,"reservations@milaidhoo.com",,,,,"-",,,"0","0","0","4","0","0000-00-00 00:00:00"
"1506","1",,"CORIANDER SEEDS GLOBAL DATA","IMPORTER","PRODEXPO 2024 EXPOCENTER MOSCOW C O EXPOWESTRANS L","Expocentre Fairgrounds, Moscow, Russia","181","0","0","7 495 624 33 33",,,"Expocentre Fairgrounds",,,,"-",,,"0","0","0","4","0","0000-00-00 00:00:00"
"1507","1",,"CORIANDER SEEDS GLOBAL DATA","IMPORTER","JOALI BEING BODUFUSHI C O ALI BEY MALDIVES PVT LTD","Bodufushi Island, Raa Atoll, Maldives","133","0","0","960 658 4444",,"reservations.being@joali.com","JOALI BEING",,,,"-",,,"0","0","0","4","0","0000-00-00 00:00:00"
"1508","1",,"CORIANDER SEEDS GLOBAL DATA","IMPORTER","LA CASTELLANA SA DE CV","Viaducto Tlalp?n 841, Colonia La Joya, Alcald?a Tlalp?n, Ciudad de M?xico, M?xico","142","0","0","52 55 5535 4055",,"info@lacastellana.com","lacastellana.com",,,,"-",,,"0","0","0","4","0","0000-00-00 00:00:00"
"1509","1",,"CORIANDER SEEDS GLOBAL DATA","IMPORTER","COCONUTS AND SPICE INTERNATIONAL","Falak Naz Mansion, 3rd Floor, Karachi, Sindh, Pakistan","166","0","0","92 324 29120",,,,,,,"-",,,"0","0","0","4","0","0000-00-00 00:00:00"
"1510","1",,"CORIANDER SEEDS GLOBAL DATA","IMPORTER","ORIENT ENTERPRISES","DP-32/1 Sector 12-D, North Karachi Industrial Area, Karachi, Sindh, 75850, Pakistan","166","0","0","92 213 6987 826",,"info@orientent.com","Orient Enterprises",,,,"-",,,"0","0","0","4","0","0000-00-00 00:00:00"
"1511","1",,"CORIANDER SEEDS GLOBAL DATA","IMPORTER","MAKKAH TRADERS","Room No. 4-D, 4th Floor, State Life Building No. 4, Shahrah-e-Liaquat, New Challi, Karachi, Pakistan","166","0","0","92-21-32411356 / +92-343-3998528",,,,,,,"-",,,"0","0","0","4","0","0000-00-00 00:00:00"
"1512","1",,"CORIANDER SEEDS GLOBAL DATA","IMPORTER","Fast Traders","Sarafa Bazar Ander Sheher, Peshawar, Khyber Pakhtunkhwa, 25000","166","0","0","+92 21 2750858",,,,,,,"-",,,"0","0","0","4","0","0000-00-00 00:00:00"
"1513","1",,"CORIANDER SEEDS GLOBAL DATA","IMPORTER","RAHEEL IMPEX","6-14/15, Virjee Street, Jodia Bazar, Karachi, Pakistan","166","0","0","92 34582 48199",,"raheelimpex@raheelimpex.com",,,,,"-",,,"0","0","0","4","0","0000-00-00 00:00:00"
"1514","1",,"CORIANDER SEEDS GLOBAL DATA","IMPORTER","HAS FOOD SOLUTIONS","2nd Floor, Korangi, Sindh, Pakistan","166","0","0",,,,,,,,"-",,,"0","0","0","4","0","0000-00-00 00:00:00"
"1515","1",,"CORIANDER SEEDS GLOBAL DATA","IMPORTER","DASTAGIR ENTERPRISES","F 66 Gf Sector A 1 Tronica City, Loni, Ghaziabad, Uttar Pradesh 201102, Pakistan","166","0","0","92 322 31835",,,,,,,"-",,,"0","0","0","4","0","0000-00-00 00:00:00"
"1516","1",,"CORIANDER SEEDS GLOBAL DATA","IMPORTER","Brother Traders","Shop No. F-2 F-3, 1st Floor, Khattak Plaza, China Market, College Road, Rawalpindi, Pakistan","166","0","0","92 42 3763 4882 / +92 42 3763 4838",,"btclhr@brotherstrading.com.pk",,,,,"-",,,"0","0","0","4","0","0000-00-00 00:00:00"
"1517","1",,"CORIANDER SEEDS GLOBAL DATA","IMPORTER","DIAMOND INTERNATIONAL TRADERS","No. 702, Uni Tower, Karachi, Sindh, 74000, Pakistan","166","0","0","92 324 10663-64",,,,,,,"-",,,"0","0","0","4","0","0000-00-00 00:00:00"
"1518","1",,"CORIANDER SEEDS GLOBAL DATA","IMPORTER","LLC SHOX011 TRADE",,"234","0","0",,,,,,,,"-",,,"0","0","0","4","0","0000-00-00 00:00:00"
"1519","1",,"CORIANDER SEEDS GLOBAL DATA","IMPORTER","A A ENTERPRISE PTY LTD","124 Berrabri Dr, Scoresby, Victoria, 3179, Australia","122","0","0",,,,,,,,"-",,,"0","0","0","4","0","0000-00-00 00:00:00"
"1520","1",,"CORIANDER SEEDS GLOBAL DATA","IMPORTER","TOO BEST IMPORT",,"112","0","0",,,,,,,,"-",,,"0","0","0","4","0","0000-00-00 00:00:00"
"1521","1",,"CORIANDER SEEDS GLOBAL DATA","IMPORTER","LLC GREENMIX XXI",,"234","0","0",,,,,,,,"-",,,"0","0","0","4","0","0000-00-00 00:00:00"
"1522","1",,"CORIANDER SEEDS GLOBAL DATA","IMPORTER","SODIREP STE DE DIFFUSION","Rue Paul Langevin, Passage Bugeat, 01 BP 603, Abidjan, C?te d'Ivoire","53","0","0","225 27 21 25 01 26",,"sodirepedition@sodirep.com",,,,,"-",,,"0","0","0","4","0","0000-00-00 00:00:00"
"1523","1",,"CORIANDER SEEDS GLOBAL DATA","IMPORTER","LUNUID INVESTMENT","59 Moyale, Marsabit, Kenya","113","0","0","254 724720206",,"lunuidinvestment@gmail.com",,,,,"-",,,"0","0","0","4","0","0000-00-00 00:00:00"
"1524","1",,"CORIANDER SEEDS GLOBAL DATA","IMPORTER","RAHMATU INUAH",,"83","0","0",,,,,,,,"-",,,"0","0","0","4","0","0000-00-00 00:00:00"
"1525","1",,"CORIANDER SEEDS GLOBAL DATA","IMPORTER","OOO Arada Group","Tashkent, Almazar district, Street Karasarayskaya, 284A, Uzbekistan","234","0","0","+998 71 200 8000",,,,,,,"-",,,"0","0","0","4","0","0000-00-00 00:00:00"
"1526","1",,"CORIANDER SEEDS GLOBAL DATA","IMPORTER","TJX UK 73","73 Clarendon Road, Watford, WD17 1TX, United Kingdom:","82","0","0","44 1923 473561",,"customerservice@tjxeurope.com",,,,,"-",,,"0","0","0","4","0","0000-00-00 00:00:00"
"1527","1",,"CORIANDER SEEDS GLOBAL DATA","IMPORTER","PDE VRIJ BV","Noordkade 64 E, 2741 EZ Waddinxveen, Zuid-Holland, Netherlands","155","0","0","31 79 593 1432",,,"De Vrij Group",,,,"-",,,"0","0","0","4","0","0000-00-00 00:00:00"
"1528","1",,"CORIANDER SEEDS GLOBAL DATA","IMPORTER","MERKOUROGLOU IKE 100 NATO","100 NATO Avenue, Aspropyrgos, Attica, Greece","85","0","0","+30 210 32 11 494, +30 210 559 6700",,"info@merkouroglou.gr",,,,,"-",,,"0","0","0","4","0","0000-00-00 00:00:00"
"1529","1",,"CORIANDER SEEDS GLOBAL DATA","IMPORTER","RIGANA SA 3RD MARCH STR","St. 3-you March 18, Kazichene, Sofia 1532, Bulgaria","33","0","0","359 2 9622245 / +359 2 9622267 / +359 2 4744570",,"info@rigana.net",,,,,"-",,,"0","0","0","4","0","0000-00-00 00:00:00"
"1530","1",,"CORIANDER SEEDS GLOBAL DATA","IMPORTER","SANAULLAH EP COMPANY","Samad Khan Street, Choharmal Road, Quetta, Balochistan, Pakistan","166","0","0",,,,,,,,"-",,,"0","0","0","4","0","0000-00-00 00:00:00"
"1531","1",,"CORIANDER SEEDS GLOBAL DATA","IMPORTER","REZANA FOOD TRADING LLC","Office 1104, DAMAC Smart Heights Tower, Al Thanyah 1, Barsha Heights (TECOM), Dubai, UAE","166","0","0","971 4 529 9568",,"info@rftrading.ae",,,,,"-",,,"0","0","0","4","0","0000-00-00 00:00:00"
"1532","1",,"CORIANDER SEEDS GLOBAL DATA","IMPORTER","LLC NEW BEST TECH","Uzbekistan, 100100, Tashkent region, Tashkent, Yakkasaray district, street URIKZAR, 7 ?","234","0","0","+998 71 2020001",,"info@maxtrack.uz",,,,,"-",,,"0","0","0","4","0","0000-00-00 00:00:00"
"1533","1",,"CORIANDER SEEDS GLOBAL DATA","IMPORTER","CAPS COMPANIA ARGENTINA PRODUCTORA DE SEMILLAS SA","Agust?n Garz?n 2277, Barrio San Vicente, X5006FUW C?rdoba, Argentina","10","0","0","54 351 456 1013",,"info@semillascaps.com.ar",,,,,"-",,,"0","0","0","4","0","0000-00-00 00:00:00"
"1534","1",,"CORIANDER SEEDS GLOBAL DATA","IMPORTER","LLC THREE PEPPERTS","124, 1C, Kalpataru Estate, Jogeshwari Vikroli Link Road, Near Majas Bus Depot, MIDC, Andheri East, Mumbai, Maharashtra 400093, India","181","0","0",,,,,,,,"-",,,"0","0","0","4","0","0000-00-00 00:00:00"
"1535","1",,"CORIANDER SEEDS GLOBAL DATA","IMPORTER","BVK SOURCING SRO","Rehorova 1003/34, Prague 3, \u017Di\u017Ekov, Prague, Hlavn? m?sto Praha, 13000, Czechia","155","0","0",,,,,,,,"-",,,"0","0","0","4","0","0000-00-00 00:00:00"
"1536","1",,"CORIANDER SEEDS GLOBAL DATA","IMPORTER","AGRO Prime Tarim HayvanCilik Gida Urunleri Turizm Ticaret Ve Sanayi Limited Sirketi",,"166","0","0",,,,,,,,"-",,,"0","0","0","4","0","0000-00-00 00:00:00"
"1537","1",,"CORIANDER SEEDS GLOBAL DATA","IMPORTER","SELANI AND SELANI","Karachi, Sindh, Pakistan","166","0","0","92 324 41377",,,,,,,"-",,,"0","0","0","4","0","0000-00-00 00:00:00"
"1538","1",,"CORIANDER SEEDS GLOBAL DATA","IMPORTER","DOMINGO RAFAEL GHELFA LIMITADA","SARANDI 1938, MONTEVIDEO, Montevideo, 11000, Uruguay","233","0","0","+598 4723 9310",,"sac@pontevedra.com.uy",,,,,"-",,,"0","0","0","4","0","0000-00-00 00:00:00"
"1539","1",,"CORIANDER SEEDS GLOBAL DATA","IMPORTER","PT PANCA SUKSES PERKASA","Apartement Cervino Village GF Suite C, Jl. KH Abdullah Syafei No 27, South Jakarta, Indonesia","102","0","0","+62 811 100 1023","-","-","-","MR.SETU","-","-","-",,,"0","0","0","4","0","0000-00-00 00:00:00"
"1540","1",,"CORIANDER SEEDS GLOBAL DATA","IMPORTER","INSPIRA WAFI AGRO FZ LLC","B4 ? 618B5, Business Center 04, RAKEZ Business Zone ? FZ, Ras Al Khaimah, United Arab Emirates","101","0","0",,,"inspirawafidubai@inspiraint.com",,,,,"-",,,"0","0","0","4","0","0000-00-00 00:00:00"
"1541","1",,"CORIANDER SEEDS GLOBAL DATA","IMPORTER","PT MULYA MANDIRI JAYA ALAM MAKUMUR","Jl. Raya Prancis, Komp Pergudangan Kosambi Permai Blok K.08, E.29, E.26, 15212 Medan Amplas, North Sumatra, Indonesia","102","0","0","+62 21 5501171","-","-","-","-","-","-","--",,,"0","0","29","4","0","0000-00-00 00:00:00"
"1543","1",,"CORIANDER SEEDS GLOBAL DATA","IMPORTER","MOTASA INDONESIA","Jl. Raya Waru, Komplek Pertokoan Gateway Blok F7-F8 Waru, Sidoarjo 61256, East Java, Indonesia","102","0","0","62 31 8551 660 (hunting) / +62 321 371 5508 (facto",,"habdi@motasaindonesia.com",,,,,"-",,,"0","0","0","4","0","0000-00-00 00:00:00"
"1544","1",,"CORIANDER SEEDS GLOBAL DATA","IMPORTER","CENTRAL ELECTRICALS INTERNATIONAL L","Block D, Abacus Complex, Abacus Lane, Baba Dogo, Nairobi, Kenya","182","0","0","254 20 444 8029 (Appointments) / +254 710 118 111 ",,"info@centralelectricals.com",,,,,"-",,,"0","0","0","4","0","0000-00-00 00:00:00"
"1545","1",,"CORIANDER SEEDS GLOBAL DATA","IMPORTER","LAGUERRE NSHIMIRIMANA",,"182","0","0",,,,,,,,"-",,,"0","0","0","4","0","0000-00-00 00:00:00"
"1546","1",,"CORIANDER SEEDS GLOBAL DATA","IMPORTER","PT KARUNIA ALAM FRESH","Jl. Raya Mastrip Kemlaten No.28, RT.002/RW.05, Surabaya 60222, Indonesia","102","0","0","(031) 7661143,+625320220"," +62 31 7661911","info@karuniaalamfresh.com","-","-","-","-","--",,,"0","0","0","4","0","0000-00-00 00:00:00"
"1547","1",,"CORIANDER SEEDS GLOBAL DATA","IMPORTER","PT ASIAN AGRO COMMODITIES","Ciputra Citra Towers, Jalan Benyamin Suaeb, Jalan Casa No 170, South Jakarta, Indonesia","102","0","0","-"," +6281375003538 ","info@asianagrocommodities.com","-","Rameswar","-","-","-",,,"0","0","0","4","0","0000-00-00 00:00:00"
"1548","1",,"CORIANDER SEEDS GLOBAL DATA","IMPORTER","AGRO KENCANA FOOD","Jl. Kamal Muara Raya Blok B1-B2 No. 40, DKI Jakarta, Special Capital Region of Jakarta, 14460, Indonesia","102","0","0","62 21 2932 3666,","+6287875362975 +622166675016","info@agrokencanafood.co.id","-http://www.agrokencanafood.co.id/","MICHAEL HASSON","-"," (021) 66675016","-",,,"0","0","0","4","0","0000-00-00 00:00:00"
"1549","1",,"CORIANDER SEEDS GLOBAL DATA","IMPORTER","PT SANGKAAYA MAKMUR ABADI","Jl. Pluit Selatan Raya, Kota Administrasi Jakarta Utara, Indonesia","102","0","0","62 816-1666-899 / 62 878-7536-2975",,,,,,,"-",,,"0","0","0","4","0","0000-00-00 00:00:00"
"1550","1",,"CORIANDER SEEDS GLOBAL DATA","IMPORTER","MONTIDEL SA","Osvaldo Cruz 4705, Montevideo, Montevideo, 12000, Uruguay","233","0","0","+598 2513 5703",,"hidalgos@movinet.com.uy",,,,,"-",,,"0","0","0","4","0","0000-00-00 00:00:00"
"1552","1",,"CORIANDER SEEDS GLOBAL DATA","IMPORTER","BELTRAME Y CIA","Av. 8 De Octubre 3973, Montevideo, Montevideo Department, 12000, Uruguay","233","0","0","+598 2508 9191",,"info@beltrame.com.uy",,,,,"-",,,"0","0","0","4","0","0000-00-00 00:00:00"
"1553","1",,"CORIANDER SEEDS GLOBAL DATA","IMPORTER","CV LA FANCY FOODS","Jl. Beta Kawasan Industri Maspion (KIM) Kav 27-G, Manyar Sidomukti, Manyar, Kabupaten Gresik, Jawa Timur, Indonesia","102","0","0","62 831 827 10772","-","-","-","-","-","-","-",,,"0","0","0","4","0","0000-00-00 00:00:00"
"1554","1",,"CORIANDER SEEDS GLOBAL DATA","IMPORTER","UNSAN UN SAN VE TIC AS",,"106","0","0",,,,,,,,"-",,,"0","0","0","4","0","0000-00-00 00:00:00"
"1555","1",,"CORIANDER SEEDS GLOBAL DATA","IMPORTER","LUIS G BONOMI Y CIA SA","Av. Gral. San Mart?n 4751, Montevideo, Montevideo Department, 12300, Uruguay","233","0","0","+598 2215 5555",,"lgbonomi@montecudine.com.uy",,,,,"-",,,"0","0","0","4","0","0000-00-00 00:00:00"
"1556","1",,"CORIANDER SEEDS GLOBAL DATA","IMPORTER","CV TUNGGAL JAYA PERKASA SEJAHTERA","Jl. Irian Barat Pasar 7, Kabupaten Deli Serdang 20371, Medan, Sumatera Utara, Indonesia","102","0","0","62-813-9688-8338","-","tjpsejahtera@gmail.com","-","-","-","-","-",,,"0","0","29","4","0","0000-00-00 00:00:00"
"1557","1",,"CORIANDER SEEDS GLOBAL DATA","IMPORTER","NAZEER AHMED TRADING COMPANY","Behind Osmaniya Market, MPL NO 11-3-11/6-A, Cloth Bazar, Bresthwar PET, Raichur, Karnataka 584101, India","166","0","0",,,,,,,,"-",,,"0","0","0","4","0","0000-00-00 00:00:00"
"1558","1",,"CORIANDER SEEDS GLOBAL DATA","IMPORTER","ABDUL GHAFAR S O ROHULLAH",,"166","0","0",,,,,,,,"-",,,"0","0","0","4","0","0000-00-00 00:00:00"
"1559","1",,"CORIANDER SEEDS GLOBAL DATA","IMPORTER","AUGUSTO COELHO IMPORTADORES SA","Avenida General Rondeau 1822, Montevideo, Montevideo Department, 11800, Uruguay","233","0","0","+598 2 924 1675",,"augusto@coelho.com.uy",,,,,"-",,,"0","0","0","4","0","0000-00-00 00:00:00"
"1560","1",,"CORIANDER SEEDS GLOBAL DATA","IMPORTER","SHAHID NADEEM",,"166","0","0",,,,,,,,"-",,,"0","0","0","4","0","0000-00-00 00:00:00"
"1561","1",,"CORIANDER SEEDS GLOBAL DATA","IMPORTER","MAPATEX SOCIEDAD ANONIMA","Camino Los Pirinchos 2470, Montevideo, Uruguay","233","0","0","+598 2336 2266",,,,,,,"-",,,"0","0","0","4","0","0000-00-00 00:00:00"
"1562","1",,"CORIANDER SEEDS GLOBAL DATA","IMPORTER","TOO UNIVERSAL DISTRIBUTION COMPANY UNIVERSAL DISTRIBUTION COMPANY","Baytursynova St 4, Almaty 050000, Kazakhstan","112","0","0",,,,,,,,"-",,,"0","0","0","4","0","0000-00-00 00:00:00"
"1563","1",,"CORIANDER SEEDS GLOBAL DATA","IMPORTER","SEMILLAS EMILIO SRL","Calle de la Semilla s/n c/ Avenida de Circunvalaci?n - Mercado Central, Villa Celina, Buenos Aires, 1771, Argentina","10","0","0","54 11 4622-1699",,"semillasemilioventas@speedy.com.ar",,,,,"-",,,"0","0","0","4","0","0000-00-00 00:00:00"
"1564","1",,"CORIANDER SEEDS GLOBAL DATA","IMPORTER","GARDE GIUSTI Y CHUCHUY S A","Avenida C?rdoba 6365, CP 1427, Ciudad Aut?noma de Buenos Aires, Rep?blica Argentina","10","0","0","(011) 4553-0631, (011) 4555-1818, (011) 4555-0455,",,"ventas@gardesemillas.com.ar",,,,,"-",,,"0","0","0","4","0","0000-00-00 00:00:00"
"1565","1",,"CORIANDER SEEDS GLOBAL DATA","IMPORTER","COMERCIO INT TAGLER SA","Las Acacias 971-A, San Bernardo, Santiago, 8050000, Chile","43","0","0","+56 2 2796 7600",,,"tagler.cl",,,,"-",,,"0","0","0","4","0","0000-00-00 00:00:00"
"1566","1",,"CORIANDER SEEDS GLOBAL DATA","IMPORTER","STARWAY INTERNATIONAL GROUP LLC",,"231","0","0","(718) 417-1888",,,,,,,"-",,,"0","0","0","4","0","0000-00-00 00:00:00"
"1567","1",,"CORIANDER SEEDS GLOBAL DATA","IMPORTER","NATURAL ALLEY LLC","2098 Harvest Rd, G-556, San Diego, CA 92154","231","0","0",,,,,,,,"-",,,"0","0","0","4","0","0000-00-00 00:00:00"
"1568","1",,"CORIANDER SEEDS GLOBAL DATA","IMPORTER","OFGEN",,"35","0","0",,,,,,,,"-",,,"0","0","0","4","0","0000-00-00 00:00:00"
"1569","1",,"CORIANDER SEEDS GLOBAL DATA","IMPORTER","DEAL ARK LLC DEAL ARK LLC","16620 Fowler Mill Cv, Austin, TX 78717-5532","231","0","0",,,,,,,,"-",,,"0","0","0","4","0","0000-00-00 00:00:00"
"1570","1",,"CORIANDER SEEDS GLOBAL DATA","IMPORTER","FREIGHT LINK CARGO LLCOFFICE",,"35","0","0",,,,,,,,"-",,,"0","0","0","4","0","0000-00-00 00:00:00"
"1571","1",,"CORIANDER SEEDS GLOBAL DATA","IMPORTER","SANITA USA INC USD",,"231","0","0",,,"inquiry@sanita.com",,,,,"-",,,"0","0","0","4","0","0000-00-00 00:00:00"
"1572","1",,"CORIANDER SEEDS GLOBAL DATA","IMPORTER","GRANTE FOODS INTERNATIONAL LLC","464 Brighton Drive, Bloomingdale, IL 60108, United States","231","0","0","+1 (773) 751-9551",,,"GFI-foods",,,,"-",,,"0","0","0","4","0","0000-00-00 00:00:00"
"1573","1",,"CORIANDER SEEDS GLOBAL DATA","IMPORTER","RED OCTOBER INC","6633 Olcott St, Tujunga, CA, United States","231","0","0","1 818-293-9063",,,,,,,"-",,,"0","0","0","4","0","0000-00-00 00:00:00"
"1574","1",,"CORIANDER SEEDS GLOBAL DATA","IMPORTER","NATARS NY FOOD CORP","3400 Lawson Blvd, Oceanside, NY 11572, USA","231","0","0","1 (718) 439-3900",,,,,,,"-",,,"0","0","0","4","0","0000-00-00 00:00:00"
"1575","1",,"CORIANDER SEEDS GLOBAL DATA","IMPORTER","GABAN SPICE MANUFACTURING M SDN B","No 742, Lorong Perindustrian Bukit Minyak 11, MK 13, Taman Perindustrian Bukit Minyak, Bukit Mertajam, Pulau Pinang, 14000, Malaysia","132","0","0","604-507 2929","-","gabanpg@gabanspice.com.my","Gaban Spice Manufacturing","ESSA","-","-","--",,,"0","0","0","4","0","0000-00-00 00:00:00"
"1576","1",,"CORIANDER SEEDS GLOBAL DATA","IMPORTER","AGROPRODUCTOS LAS CUMBRES S DE RL DE CV","Carretera al Desemboque Km. 7.5 S/N Industrial, Caborca, Sonora, 83640, Mexico","142","0","0",,,,"Agroproductos Las Cumbres",,,,"-",,,"0","0","0","4","0","0000-00-00 00:00:00"
"1577","1",,"CORIANDER SEEDS GLOBAL DATA","IMPORTER","MEHMET ALGAN VE OGULLARI LTD","Agios Eleftheriou 13, Aradippou, Larnaca, 7101, Cyprus","56","0","0",,,,,,,,"-",,,"0","0","0","4","0","0000-00-00 00:00:00"
"1578","1",,"CORIANDER SEEDS GLOBAL DATA","IMPORTER","ADN INTERNATIONAL TRADING INC","318 Mclean Blvd Bldg 4 Ste 211, Paterson, NJ 07504, USA","231","0","0",,,,,,,,"-",,,"0","0","0","4","0","0000-00-00 00:00:00"
"1579","1",,"CORIANDER SEEDS GLOBAL DATA","IMPORTER","BONVITA IMPORT EXPORT","Botterboulevard 19, 2022 GA Haarlem","155","0","0",,,,,,,,"-",,,"0","0","0","4","0","0000-00-00 00:00:00"
"1580","1",,"CORIANDER SEEDS GLOBAL DATA","IMPORTER","INDUSTRIAS PRIMA PANAMA S A","Ave 12 de Octubre, A-30, Panama City, Panama","169","0","0","507 261-3138",,,,,,,"-",,,"0","0","0","4","0","0000-00-00 00:00:00"
"1581","1",,"CORIANDER SEEDS GLOBAL DATA","IMPORTER","CASCADA INTERNATIONAL CORPORATION","52 Butler Street, Elizabeth, NJ 07206","231","0","0","(718) 964-3003",,,"Cascada International",,,,"-",,,"0","0","0","4","0","0000-00-00 00:00:00"
"1582","1",,"CORIANDER SEEDS GLOBAL DATA","IMPORTER","ZENITH FOODS LLC",": 3015 Richmond Terrace, Staten Island, NY 10303","231","0","0","(718) 682-3125",,"sales@zenithfoodsusa.com",,,,,"-",,,"0","0","0","4","0","0000-00-00 00:00:00"
"1583","1",,"CORIANDER SEEDS GLOBAL DATA","IMPORTER","PERFECT TRADERS","H/ No.225 Street No.2 Mohallah Chak Dharam Singh Dheri Hassanabad, Rawalpindi, Punjab","166","0","0",,,,,,,,"-",,,"0","0","0","4","0","0000-00-00 00:00:00"
"1584","1",,"CORIANDER SEEDS GLOBAL DATA","IMPORTER","M S SHEIKH INTERNATIONAL","Suite OT-118, 7th Floor, Techno City, Office Tower, Off. I.I Chundrigar Road, Karachi-74000, Pakistan","166","0","0","92-21-32270884-86",,"steels@sheikh-group.com, info@sheikh-group.com","Sheikh Group",,,,"-",,,"0","0","0","4","0","0000-00-00 00:00:00"
"1585","1",,"CORIANDER SEEDS GLOBAL DATA","IMPORTER","QUALITY FOOD","G-11, Islamabad, Pakistan","166","0","0","32-1-5346754 / +32-6-1995097",,"qfs.sath@gmail.com",,,,,"-",,,"0","0","0","4","0","0000-00-00 00:00:00"
"1586","1",,"CORIANDER SEEDS GLOBAL DATA","IMPORTER","FYVE ELEMENTS LLC","8268 Preston Ct Ste A, Jessup, Maryland, 20794, United States","231","0","0","(301) 725-6699",,"info@fyvelements.com",,,,,"-",,,"0","0","0","4","0","0000-00-00 00:00:00"
"1587","1",,"CORIANDER SEEDS GLOBAL DATA","IMPORTER","United International",,"231","0","0",,,,,,,,"-",,,"0","0","0","4","0","0000-00-00 00:00:00"
"1589","1",,"CORIANDER SEEDS GLOBAL DATA","IMPORTER","ANGKASA ADIBAYU BUANA PT KOMPLKS MUTIARA DUPAK BLOK C 18 SURABAYA 60172","Ruko Mutiara Dupak, Jl. Dupak No.63 Blok C18, Surabaya 60172, Indonesia","102","0","0","62 31 548 1163","62 821 4091 2430/ 62","aabesubsales@aab.co.id","Angkasa Adibayu Buana","-","-","-","-",,,"0","0","29","4","0","0000-00-00 00:00:00"
"1590","1",,"CORIANDER SEEDS GLOBAL DATA","IMPORTER","RAPS GMBH CO KG ADALBERT RAPS STRASSE","Adalbert-Raps-Stra?e 1, 95326 Kulmbach, Germany","82","0","0","49 9221 807-0","-","info@raps.com","-","-","-","-","-",,,"0","0","29","4","0","0000-00-00 00:00:00"
"1591","1",,"CORIANDER SEEDS GLOBAL DATA","IMPORTER","KRISHIV FOODS LLC","802 Greenleaf Avenue, Elk Grove Village, IL 60007, United States","231","0","0","1 (833) 547-7448",,"contact@krishivfoods.com",,,,,"-",,,"0","0","0","4","0","0000-00-00 00:00:00"
"1593","1",,"CORIANDER SEEDS GLOBAL DATA","IMPORTER","FLV ASCENT SRL MD","Ap. (Of.) 209, 128 Str. Grenoble, Chi?in?u, Municipiul Chi?in?u, Moldova","144","0","0","373 83 10 478",,,,,,,"-",,,"0","0","0","4","0","0000-00-00 00:00:00"
"1595","1",,"CORIANDER SEEDS GLOBAL DATA","IMPORTER","Chetak Chicago LLC","1111 E Lake St, Streamwood, IL 60107","231","0","0","(630) 837-7400",,,"chetakchicago.com",,,,"-",,,"0","0","0","4","0","0000-00-00 00:00:00"
"1596","1",,"CORIANDER SEEDS GLOBAL DATA","IMPORTER","Hagudo Sora Kosaye",,"113","0","0",,,,,,,,"-",,,"0","0","0","4","0","0000-00-00 00:00:00"
"1597","1",,"CORIANDER SEEDS GLOBAL DATA","IMPORTER","QUALITY APICES LLC","507 E Grand River Ave, East Lansing, MI 48823-4404, United States","231","0","0",,,,,,,,"-",,,"0","0","0","4","0","0000-00-00 00:00:00"
"1598","1",,"CORIANDER SEEDS GLOBAL DATA","IMPORTER","PT BELAWAN INDAH","Jl. Pulau Bengkalis I Kawasan Industri Medan Blok V Kav.17-18 Desa Pematang Johar, Kec. Labuhan Deli Kab. Deli Serdang, Sumatera Utara, 20373","102","0","0","62 852 6100 1001","-","-","-","-","-","-","-",,,"0","0","29","4","0","0000-00-00 00:00:00"
"1599","1",,"CORIANDER SEEDS GLOBAL DATA","IMPORTER","INFOAGRO SRL","AV. NUEVA UNION #250, Zona Barrio Los Vallecitos 8vo, Andres Iba?ez, Santa Cruz, Bolivia","26","0","0",,,,,,,,"-",,,"0","0","0","4","0","0000-00-00 00:00:00"
"1600","1",,"CORIANDER SEEDS GLOBAL DATA","IMPORTER","KRISHNA SUPER MARKET",,"231","0","0",,,,,,,,"-",,,"0","0","0","4","0","0000-00-00 00:00:00"
"1601","1",,"CORIANDER SEEDS GLOBAL DATA","IMPORTER","BEST FOODS INC","30 Saw Mill Pond Rd, Edison, NJ 08817, United States","231","0","0","+1 (732) 650-1300",,"inquiries@bestfoodsinc.biz",,,,,"-",,,"0","0","0","4","0","0000-00-00 00:00:00"
"1602","1",,"CORIANDER SEEDS GLOBAL DATA","IMPORTER","Rugoagro Ltd",,"166","0","0",,,,,,,,"-",,,"0","0","0","4","0","0000-00-00 00:00:00"
"1603","1",,"CORIANDER SEEDS GLOBAL DATA","IMPORTER","JSC AGRIMATCO",": ul. Im. Kulikovskogo M.A. 2, 350900 Krasnodar, Krasnodarskiy kray, Russian Federation","181","0","0","7 (861) 2056566",,"agrimatco.russia@agrimatco-eu.com",,,,,"-",,,"0","0","0","4","0","0000-00-00 00:00:00"
"1604","1",,"CORIANDER SEEDS GLOBAL DATA","IMPORTER","SUN IMPEX INTERNATIONAL FOODS LLC",,"166","0","0",,,,,,,,"-",,,"0","0","0","4","0","0000-00-00 00:00:00"
"1605","1",,"CORIANDER SEEDS GLOBAL DATA","IMPORTER","ALI HASSAN ISSAH",,"83","0","0",,,,,,,,"-",,,"0","0","0","4","0","0000-00-00 00:00:00"
"1606","1",,"CORIANDER SEEDS GLOBAL DATA","IMPORTER","RAFIMEX CO LTD","Near UBA Bank Ghana Ltd, House No 64/8 Nmati Lane, Accra, Greater Accra","83","0","0","233 30 277 5888 / 233 54 828 2828",,"contact@rafimex.com","Rafimex",,,,"-",,,"0","0","0","4","0","0000-00-00 00:00:00"
"1607","1",,"CORIANDER SEEDS GLOBAL DATA","IMPORTER","Bosfor Group Gida Ve Yem Ham Maddleri Ticaret Limited Sirketi",,"166","0","0",,,,,,,,"-",,,"0","0","0","4","0","0000-00-00 00:00:00"
"1608","1",,"CORIANDER SEEDS GLOBAL DATA","IMPORTER","K A Purchase Manager Lily of the Valley Group Inc","4 McLaren Suite D, Irvine, CA 92618, United States","231","0","0",,,,,,,,"-",,,"0","0","0","4","0","0000-00-00 00:00:00"
"1609","1",,"CORIANDER SEEDS GLOBAL DATA","IMPORTER","AGRO RESOURCE TARIM GIDA IC VE DIS TICARET ANONIM SIRKETI",,"166","0","0",,,,,,,,"-",,,"0","0","0","4","0","0000-00-00 00:00:00"
"1610","1",,"CORIANDER SEEDS GLOBAL DATA","IMPORTER","MILAD MUSTAFA AZIMI LTD","City Computer Plaza, Shahr-e-Naw, Kabul, Afghanistan","1","0","0","93791300001 / +93774500666",,,,,,,"-",,,"0","0","0","4","0","0000-00-00 00:00:00"
"1611","1",,"CORIANDER SEEDS GLOBAL DATA","IMPORTER","GERERAL IMPEX","NP-11/28, Ground Floor Sheikh House, Hazrat Imam Hasan Street, Karachi, Sindh, 75400, Pakistan","166","0","0","92 21 32524961, 92 21 32546146, 92 21 32546326",,"bilal@generalimpex.net","www.generalimpex.net",,,,"-",,,"0","0","0","4","0","0000-00-00 00:00:00"
"1613","1",,"CORIANDER SEEDS GLOBAL DATA","IMPORTER","DESI RASOI LLC","129-10 131st Street, South Ozone Park, NY 11420, United States","231","0","0",,,,,,,,"-",,,"0","0","0","4","0","0000-00-00 00:00:00"
"1614","1",,"CORIANDER SEEDS GLOBAL DATA","IMPORTER","GRUPO ALICROP PERU SAC","Jr. Chanchamayo Nro. 105, Chanchamayo, Junin, Tarma, Peru","172","0","0","51 84 252 000",,"info@alicrop.com.pe",,,,,"-",,,"0","0","0","4","0","0000-00-00 00:00:00"
"1615","1",,"CORIANDER SEEDS GLOBAL DATA","IMPORTER","WOOLWORTHS NAMIBIA PTY LTD",": Wernhil Park, 117 Mandume Ndemufayo Ave, Southern Industrial, Windhoek, Namibia","151","0","0","264 61 220 905",,,"www.woolworths.co.za",,,,"-",,,"0","0","0","4","0","0000-00-00 00:00:00"
"1616","1",,"CORIANDER SEEDS GLOBAL DATA","IMPORTER","Pan Asia Power Services Ltd","Ground Floor, Dhaka, Dhaka, Bangladesh","18","0","0","+8808962316",,,,,,,"-",,,"0","0","0","4","0","0000-00-00 00:00:00"
"1617","1",,"CORIANDER SEEDS GLOBAL DATA","IMPORTER","THE RAJDHANI SEED CO","Hannan Mansion, 1st Floor, 174 Siddique Bazar, Dhaka 1000, Bangladesh","18","0","0","880 2 956 6432, 880 2 712 3186",,"maroshid@aitlbd.net",,,,,"-",,,"0","0","0","4","0","0000-00-00 00:00:00"
"1618","1",,"CORIANDER SEEDS GLOBAL DATA","IMPORTER","SANTI ENTERPRISES","Floor 9A, House 18, Road Gaus-UI-Azam Avenue, Sector 13 Uttara Dakshin Khan, Dhaka, Bangladesh","18","0","0","880 14 066 09675",,"masud.parvez@santic.com.bd",,,,,"-",,,"0","0","0","4","0","0000-00-00 00:00:00"
"1619","1",,"CORIANDER SEEDS GLOBAL DATA","IMPORTER","DISTRIBUIDORA EL COMINO S DE RL DE CV",": Privada Benton No. 15225 Loc. 2 San Antonio, Tijuana, Baja California, 22114, Mexico","142","0","0","52 664 376 4543",,,"Distribuidora El Comino",,,,"-",,,"0","0","0","4","0","0000-00-00 00:00:00"
"1620","1",,"CORIANDER SEEDS GLOBAL DATA","IMPORTER","I S MARKET WA",,"231","0","0",,,,,,,,"-",,,"0","0","0","4","0","0000-00-00 00:00:00"
"1621","1",,"CORIANDER SEEDS GLOBAL DATA","IMPORTER","PEEKAY INTERNATIONAL INC","5612 56th St, Maspeth, NY 11378, United States","231","0","0","+1 (718) 326-2045",,,,,,,"-",,,"0","0","0","4","0","0000-00-00 00:00:00"
"1622","1",,"CORIANDER SEEDS GLOBAL DATA","IMPORTER","GRAIN MARKET LLC","12626 International Parkway, Dallas, TX 75228, United States","231","0","0","+1 (972) 200-7845",,,,,,,"-",,,"0","0","0","4","0","0000-00-00 00:00:00"
"1623","1",,"CORIANDER SEEDS GLOBAL DATA","IMPORTER","HABIB AMERICAN BANK","150 East 45th Street, New York, NY 10017, United States","231","0","0","+1 (212) 532-4444",,,,,,,"-",,,"0","0","0","4","0","0000-00-00 00:00:00"
"1624","1",,"CORIANDER SEEDS GLOBAL DATA","IMPORTER","ELITE SPICE INC P W BELLINGAL INC","7151 Montevideo Road, Jessup, Maryland 20794, United States","231","0","0","+1 (410) 796-1900",,,,,,,"-",,,"0","0","0","4","0","0000-00-00 00:00:00"
"1625","1",,"CORIANDER SEEDS GLOBAL DATA","IMPORTER","BODEGA DE GRANOS EL ALAZAN YELROCIO SA DE",": Puente de Paja No. 18, Central de Abasto, Iztapalapa, 09040 Ciudad de M?xico, M?xico","142","0","0","52 55 5640 1600",,,"www.alazan.com.mx",,,,"-",,,"0","0","0","4","0","0000-00-00 00:00:00"
"1626","1",,"CORIANDER SEEDS GLOBAL DATA","IMPORTER","MERCANTIL VILLACARRIEDO SA DE","Andador A Bodega No. 81, Central de Abastos, Iztapalapa, 09040 Ciudad de M?xico, M?xico","142","0","0","52 55 5694 2880",,"provisionessamano@yahoo.com.mx",,,,,"-",,,"0","0","0","4","0","0000-00-00 00:00:00"
"1627","1",,"CORIANDER SEEDS GLOBAL DATA","IMPORTER","SOUTHERN STAR SEEDS S DE RL DE CV","Av. Francisco I. Madero No. 1002-1 Ejido Hermosillo, 21830 Mexicali, Baja California, Mexico","142","0","0","52 658 516 7139",,,,,,,"-",,,"0","0","0","4","0","0000-00-00 00:00:00"
"1628","1",,"CORIANDER SEEDS GLOBAL DATA","IMPORTER","SPICE SCALE WORLD PTY LTD","Etienne Rosseau Street, Northern Industrial, Windhoek, Namibia","151","0","0","264 61 263021",,"sswsales1@swacogroup.com","SWACO Group",,,,"-",,,"0","0","0","4","0","0000-00-00 00:00:00"
"1629","1",,"CORIANDER SEEDS GLOBAL DATA","IMPORTER","KOMNIK FRANCK CC","26 Merensky Street, Windhoek, Namibia","151","0","0","264 61 222 411",,"info@kfcc.com.na","Komnik & Franck CC",,,,"-",,,"0","0","0","4","0","0000-00-00 00:00:00"
"1630","1",,"CORIANDER SEEDS GLOBAL DATA","IMPORTER","VITAE BUSINESS CONSULTANTS LTD",,"182","0","0","+250 788 317 603",,,,,,,"-",,,"0","0","0","4","0","0000-00-00 00:00:00"
"1631","1",,"CORIANDER SEEDS GLOBAL DATA","IMPORTER","BALAJI WHOLESALE FOODS LLC","1625 Crescent Circle, Suite 200, Carrollton, Texas 75006, United States","231","0","0","+1 (972) 323-4346",,,,,,,"-",,,"0","0","0","4","0","0000-00-00 00:00:00"
"1632","1",,"CORIANDER SEEDS GLOBAL DATA","IMPORTER","SEVEN STAR TRADING INC","8115 N. Monticello Ave, Skokie, IL 60076","231","0","0","(847) 933-1077",,"info@SevenStarTrading.net",,,,,"-",,,"0","0","0","4","0","0000-00-00 00:00:00"
"1633","1",,"CORIANDER SEEDS GLOBAL DATA","IMPORTER","EL AMIN AUTO","45 Iyobosa Street, New Benin, Edo State, Nigeria","160","0","0",,,,,,,,"-",,,"0","0","0","4","0","0000-00-00 00:00:00"
"1634","1",,"CORIANDER SEEDS GLOBAL DATA","IMPORTER","SEMILLERIA MANRIQUE SRL","Avenida Aviaci?n 1579, Oficina Principal, La Victoria, Lima, Peru","172","0","0","(01) 324 6344",,,"Semilleria Manrique",,,,"-",,,"0","0","0","4","0","0000-00-00 00:00:00"
"1635","1",,"CORIANDER SEEDS GLOBAL DATA","IMPORTER","RAZZAK ENTERPRISE","Level-14, Suite No. 1402, Sahera Tropical Center, 218 Elephant Road, Dhaka-1205, Bangladesh","18","0","0","880-2-223369847, +8801713248453, +880-2-9615906",,"razzakgroup@gmail.com","Razzak Group",,,,"-",,,"0","0","0","4","0","0000-00-00 00:00:00"
"1636","1",,"CORIANDER SEEDS GLOBAL DATA","IMPORTER","Byzid Traders","Maluchi 1850, Bangladesh","18","0","0","+8801724248505",,,,,,,"-",,,"0","0","0","4","0","0000-00-00 00:00:00"
"1637","1",,"CORIANDER SEEDS GLOBAL DATA","IMPORTER","RAFI SEED HOUSE","D-118, Middle Beez Pottisavar, Dhaka, Bangladesh","18","0","0","+8801716491849",,,,,,,"-",,,"0","0","0","4","0","0000-00-00 00:00:00"
"1638","1",,"CORIANDER SEEDS GLOBAL DATA","IMPORTER","FAZLU SEED COMPANY","B-71 Savar Bazar Rd, Savar 1340, Bangladesh","18","0","0","+8801917826254",,,,,,,"-",,,"0","0","0","4","0","0000-00-00 00:00:00"
"1639","1",,"CORIANDER SEEDS GLOBAL DATA","IMPORTER","MOHAMMAD AND BROTHERS",,"166","0","0",,,,,,,,"-",,,"0","0","0","4","0","0000-00-00 00:00:00"
"1640","1",,"CORIANDER SEEDS GLOBAL DATA","IMPORTER","MILLAT TRADERS","2-KM Sheikhupura Road, Muridke, Pakistan","166","0","0","92 (303) 514-4382",,"mmmoeez@millattrader.com",,,,,"-",,,"0","0","0","4","0","0000-00-00 00:00:00"
"1641","1",,"CORIANDER SEEDS GLOBAL DATA","IMPORTER","MOHAMMAD ZEESHAN PARACHA",,"166","0","0",,,,,,,,"-",,,"0","0","0","4","0","0000-00-00 00:00:00"
"1642","1",,"CORIANDER SEEDS GLOBAL DATA","IMPORTER","POWER LEMON PTY LTD",,"122","0","0",,,,,,,,"-",,,"0","0","0","4","0","0000-00-00 00:00:00"
"1643","1",,"CORIANDER SEEDS GLOBAL DATA","IMPORTER","ABID KASHIF SWEETS","Office Mc-8, 786 Market, Opposite Noroze Goods, Ganjmandi, Rawalpindi, Punjab, Pakistan","166","0","0",,,,,,,,"-",,,"0","0","0","4","0","0000-00-00 00:00:00"
"1644","1",,"CORIANDER SEEDS GLOBAL DATA","IMPORTER","MERSI FOOD INDUSTRIES","A-1/26, Railway Housing Society, Block-13/B, Near Doulat Square, Gulshan-e-Iqbal, Karachi, Sindh, Pakistan","166","0","0","92 21 34800571, +92 21 35082212",,"fi-sagint@cyber.net.pk","Sanfaz.com",,,,"-",,,"0","0","0","4","0","0000-00-00 00:00:00"
"1645","1",,"CORIANDER SEEDS GLOBAL DATA","IMPORTER","VHRK Food Inc","810 Bonnie Ln, Elk Grove Village, IL 60007, USA","231","0","0","+1 (773) 256-9399",,,,,,,"-",,,"0","0","0","4","0","0000-00-00 00:00:00"
"1646","1",,"CORIANDER SEEDS GLOBAL DATA","IMPORTER","Woolworths Pty Ltd","1st Floor, NRH Shopping Centre, Kingsway, Maseru, Lesotho Postal Address: PO Box 1562, Maseru, Lesotho","122","0","0","266 223 1031",,,,,,,"-",,,"0","0","0","4","0","0000-00-00 00:00:00"
"1647","1",,"CORIANDER SEEDS GLOBAL DATA","IMPORTER","AGRI TUNAS MAKMUR","Jl. Candi Prambanan No. 2BB, Medan Petisah, Medan, North Sumatra, 20112 Indonesia","102","0","0","+62 61 415 2898 or +62 853 7342 4998","-","agritunasmakmur@gmail.com","-","-","-","-","-",,,"0","0","32","4","0","0000-00-00 00:00:00"
"1648","1",,"CORIANDER SEEDS GLOBAL DATA","IMPORTER","GANESH PROPERTIES LLC DBA BOMBAY GR","6018 N Canton Center Rd, Canton, MI 48187-2665, United States","231","0","0",,,,,,,,"-",,,"0","0","0","4","0","0000-00-00 00:00:00"
"1649","1",,"CORIANDER SEEDS GLOBAL DATA","IMPORTER","LOS ANGELES USA",,"231","0","0",,,,,,,,"-",,,"0","0","0","4","0","0000-00-00 00:00:00"
"1650","1",,"CORIANDER SEEDS GLOBAL DATA","IMPORTER","NEW RONAK SEEDS CORPORATION","Shop No - 58, Indra Market, GT Road, Kharia Mohalla, Sabzi Mandi Old, New Delhi, Delhi 110007, India","101","0","0","91 11 2382 2500","-","-","newronak58@gmail.com","-","-","-","-",,,"0","0","86","4","0","0000-00-00 00:00:00"
"1651","1",,"CORIANDER SEEDS GLOBAL DATA","IMPORTER","MALI AGRI TECH PVT LTD","Unit 1 & H.Q, Kumarsatpur, Opposite Kendriya Vidyalaya, Ranaghat, Nadia, West Bengal 741202, India","101","0","0","91 7479018050 / +91 7479019970","-","info@maliseeds.com","-","-","-","-","-",,,"0","0","86","4","0","0000-00-00 00:00:00"
"1652","1",,"CORIANDER SEEDS GLOBAL DATA","IMPORTER","KALASH SEEDS PVT LTD","P.O.Box-77, Mantha Road, Jalna, Maharashtra - 431203, India","101","0","0","91 2482 244 000 / +91 8275 490 204","-","info@kalashseeds.com","-","Krishna Jaiswal","-","+91 9011480899","-",,,"0","0","0","4","0","0000-00-00 00:00:00"
"1653","1",,"CORIANDER SEEDS GLOBAL DATA","IMPORTER","VASUMATHY TRADERS","3/1221-1, Sattur Road, Virudhunagar, Tamil Nadu 626001, India","101","0","0",,,,,,,,"-",,,"0","0","0","4","0","0000-00-00 00:00:00"
"1654","1",,"CORIANDER SEEDS GLOBAL DATA","IMPORTER","NAMDHARI SEEDS PVT LTD","Uragahalli, Bidadi Post, Ramanagara Taluk, Bidadi - 562 109, Karnataka, India","101","0","0","91-9845471271 / +91-9845471272","-","info@namdhariseeds.com","-","-","-","-","--",,,"0","0","86","4","0","0000-00-00 00:00:00"
"1655","1",,"CORIANDER SEEDS GLOBAL DATA","IMPORTER","GANGA SEEDS PRIVATE LIMITED","Delhi","101","0","0"," 011‑23826415, 011‑23821516","-","gangaseeds135@gmail.com, gangaseeds@hotmail.com","-","Akansh Chugh","-","+91 98739 25200","-",,,"0","0","86","4","0","0000-00-00 00:00:00"
"1656","1",,"CORIANDER SEEDS GLOBAL DATA","IMPORTER","RNGP TRADELINK PRIVATE LIMITED","C/O Neetu Gupta, Lakhapur Bhullanpur, Varanasi, Uttar Pradesh, 221010, India","101","0","0","91 9551925","--","ajeetgupta492@gmail.com","-","Hritik Gupta)","-","-","-",,,"0","0","86","4","0","0000-00-00 00:00:00"
"1657","1",,"CORIANDER SEEDS GLOBAL DATA","IMPORTER","PORUS AGRI EXPORT","Survey No 138/1, Satda Paiki 1, Rajkot, Gujarat 360023, India","101","0","0","91 99249 98877","-","porusagriexport1@gmail.com","-","-","-","-","--",,,"0","0","86","4","0","0000-00-00 00:00:00"
"1658","1",,"CORIANDER SEEDS GLOBAL DATA","IMPORTER","Bharat Seeds Corporation","85, Indra Market, Old Sabzi Mandi, Delhi-07, New Delhi, Delhi 110007, India","101","0","0","91-9810854840 / +91-9810054240",,"atultaneja@hotmail.com",,,,,"-",,,"0","0","0","4","0","0000-00-00 00:00:00"
"1659","1",,"CORIANDER SEEDS GLOBAL DATA","IMPORTER","AKSHAY SEEDS PVT LTD","Bhagirathi, Plot No 414-b, N-3, Cidco Aurangabad, Jalna, Maharashtra 431003","101","0","0","+91 0240‑2983061","91 96234 53725","info@akshayseeds.com","-","-","-","-","-",,,"0","0","0","4","0","0000-00-00 00:00:00"
"1660","1",,"CORIANDER SEEDS GLOBAL DATA","IMPORTER","PAHUJA SEEDS PVT LTD","A-3 Panchwati Opp, New Sabzi Mandi, Azadpur, Delhi 110033","101","0","0","01135595420, 011‑3557 2504","--","pahujasales100@gmail.com ","https://pahujaseed.com/","-","-","-","--",,,"0","0","86","4","0","0000-00-00 00:00:00"
"1661","1",,"CORIANDER SEEDS GLOBAL DATA","IMPORTER","BHARAT AGRO OVERSEAS INDIA","A-64, GT Karnal Road, Industrial Area, Azadpur, New Delhi, Delhi 110033, India","101","0","0","91 981-0049-747","-","info@bharatag.com","-","-","-","-","-",,,"0","0","0","4","0","0000-00-00 00:00:00"
"1662","1",,"CORIANDER SEEDS GLOBAL DATA","IMPORTER","Solar Seeds","#345/2, 2nd Main Road, Avalahalli, Bytarayanapura, N. T. Y layout, Mysore Road, Bangalore - 560 026, Karnataka, India","101","0","0","91 80 2674 2773",,,,,,,"-",,,"0","0","0","4","0","0000-00-00 00:00:00"
"1663","1",,"CORIANDER SEEDS GLOBAL DATA","IMPORTER","ASIAN SEEDS CORPORATION","No 114, Indra Market, Old Subzi Mandi, Kamla Nagar, Delhi, 110007","101","0","0","91 11 2382 3506, + 011‑32959383","9310113030, 9212645858, 9891115858","asianseeds_asc@yahoo.com","asianseeds_asc@yahoo.com","sales","-","9891115858","-",,,"0","0","0","4","0","0000-00-00 00:00:00"
"1664","1",,"CORIANDER SEEDS GLOBAL DATA","IMPORTER","SAI BABA INDUSTRIES","Bedalpura, Girwai AB Road, Lashkar Gwalior, Madhya Pradesh (474001), India","101","0","0","+91 96859 59486","-","info@saibabaindustries.in","-","SUSHANT WADHWANI","-","+91 96859 59486","--",,,"0","0","0","4","0","0000-00-00 00:00:00"
"1665","1",,"CORIANDER SEEDS GLOBAL DATA","IMPORTER","DEVDOOT TREADING CO","APMC Halvad, Shop No 7, Morbi, Dhrangadhra Road, Halvad, Morbi, Gujarat 363330, India","101","0","0","+91 7942 804525","-","support@devdoot.in","-","-","-","-","-",,,"0","0","86","4","0","0000-00-00 00:00:00"
"1666","1",,"CORIANDER SEEDS GLOBAL DATA","IMPORTER","VEE ARR IMPEX","4/442 Kullurchandai Road, Allampatti, Virudhunagar, Tamil Nadu 626001, India","101","0","0","+91 94433 81908","-","info@veearrinteriors.com","-","-","-","-","-",,,"0","0","0","4","0","0000-00-00 00:00:00"
"1667","1",,"CORIANDER SEEDS GLOBAL DATA","IMPORTER","Kurinji Traders","7, Marie Street Marie Oulgaret Opp Mettupalayam Indian Bank, Mettupalayam to, Main Rd, Moolakulam, Puducherry, 605010","101","0","0","9962052275",,,,,,,"-",,,"0","0","0","4","0","0000-00-00 00:00:00"
"1668","1",,"CORIANDER SEEDS GLOBAL DATA","IMPORTER","DINKAR SEEDS PVT LTD","34, Shreekrishna Complex, Opposite Civil Hospital, Himatnagar, Dist.- Sabarkantha, Gujarat-383001, India","101","0","0","+91-9979740436","-","-","-","-","-","-","-",,,"0","0","86","4","0","0000-00-00 00:00:00"
"1669","1",,"CORIANDER SEEDS GLOBAL DATA","IMPORTER","NAVA STAR","63, 10, Kasukadai Bazaar, Sivagami Puram, Virudhunagar, Tamil Nadu 626001","101","0","0","4562246116","-","-","http://www.navastar.org/Contact.aspx","-","-","-","--",,,"0","0","0","4","0","0000-00-00 00:00:00"
"1670","1",,"CORIANDER SEEDS GLOBAL DATA","IMPORTER","Gajraj Co","Flat No 201, Srivani nilayam, Shamlal Buildings, Begumpet, Hyderabad, Telangana 500016","101","0","0","9391313145",,,"http://onestopstop.online/",,,,"-",,,"0","0","0","4","0","0000-00-00 00:00:00"
"1671","1",,"CORIANDER SEEDS GLOBAL DATA","IMPORTER","GOLD STAR HYBRID SEEDS","18-A, Main Bazar, Ramdwara r, opp. Balaji seeds pesticides, Subzi Mandi, Old Subzi Mandi, Delhi 110007","101","0","0","9811291905","+91 92120 88054","Goldstardelhi@gmail.com","-","-","-","(011) 23820533 ","--",,,"0","0","86","4","0","0000-00-00 00:00:00"
"1672","1",,"CORIANDER SEEDS GLOBAL DATA","IMPORTER","SEASONS INTERNATIONAL PVT LTD","5-O-20, RC Vyas Colony, Sector 5, R C Vyas Colony, Bhilwara, Rajasthan 311001","101","0","0","9257011293",,,"http://www.seasonsinternational.in/",,,,"-",,,"0","0","0","4","0","0000-00-00 00:00:00"
"1673","1",,"CORIANDER SEEDS GLOBAL DATA","IMPORTER","MALAV SEEDS PVT LTD","5, Sahu Bavdi Manak Chowk, Ratlam, Madhya Pradesh 457001, India","101","0","0","+91 7412 231215, +91 7412 238592","-","info@malavseeds.com","-","-","-","-","-",,,"0","0","86","4","0","0000-00-00 00:00:00"
"1674","1",,"CORIANDER SEEDS GLOBAL DATA","IMPORTER","KANAIYA EXPORTS PVT LTD","Bungalow No 3 Shree Kantilal House, Ugati bungalow, New, Judges Bungalow Road, near Akshat angan apartment, Ghatlodiya, Ahmedabad, Gujarat 380061","101","0","0","7926851873,+91‑27‑6728 2448","+91‑98243 44621","bhatt@kanaiyagroup.com,docs@kanaiyagroup.com","kanaiyagroup.com","-","-","-","--",,,"0","0","0","4","0","0000-00-00 00:00:00"
"1675","1",,"CORIANDER SEEDS GLOBAL DATA","IMPORTER","SHREEJI AGRI COMMODITY PVT LTD","1205 The Spire bulding, Near ayodhya chowk, 150 Feet Ring Rd, Rajkot, Gujarat 360005","101","0","0","9033570111","-","-","http://shreejiagri.com/","-","-","-","--",,,"0","0","86","4","0","0000-00-00 00:00:00"
"1676","1",,"CORIANDER SEEDS GLOBAL DATA","IMPORTER","SHREE AGRO INTERNATIONAL","M S NO: 11/9/87, NEAR GAYATRI MAGAJ TARBUZ FECTORY VISNAGAR ROAD, Unjha, Gujarat 384170","101","0","0","9638825444","-","-","http://www.shreeagrointernational.com/","--","-","-","--",,,"0","0","0","4","0","0000-00-00 00:00:00"
"1677","1",,"CORIANDER SEEDS GLOBAL DATA","IMPORTER","SHREE BHAGWATI FLOUR FOODS PVT LTD","Survey No: 430, Sarkhej - Bavla Highway, Moraiya (Changodar), Ahmedabad, Gujarat 382213","101","0","0","2717251871",,,"http://www.bhagwatiexports.com/",,,,"-",,,"0","0","0","4","0","0000-00-00 00:00:00"
"1678","1",,"CORIANDER SEEDS GLOBAL DATA","IMPORTER","PATEL RETAIL PVT LTD B 14 MORIVALI MIDC AMBARNATH 421501 INDIA Tel Fax Attn Em",,"101","0","0","91 251 262 0199",,,,,,,"-",,,"0","0","0","4","0","0000-00-00 00:00:00"
"1679","1",,"CORIANDER SEEDS GLOBAL DATA","IMPORTER","Viral Corporation",,"101","0","0","91 22 2673 5001",,,,,,,"-",,,"0","0","0","4","0","0000-00-00 00:00:00"
"1680","1",,"CORIANDER SEEDS GLOBAL DATA","IMPORTER","H U TREXIM",,"101","0","0","91 073899 44458",,,,,,,"-",,,"0","0","0","4","0","0000-00-00 00:00:00"
"1681","1",,"CORIANDER SEEDS GLOBAL DATA","IMPORTER","RD INTERNATIONAL",,"101","0","0","91 9999793975",,"bhavya@rdinternational.in",,,,,"-",,,"0","0","0","4","0","0000-00-00 00:00:00"
"1682","1",,"CORIANDER SEEDS GLOBAL DATA","IMPORTER","MALU AGROTECH","-","101","0","0","91 94220 40180","-","info@maluraisins.com","-","-","-","-","-",,,"0","0","86","4","0","0000-00-00 00:00:00"
"1683","1",,"CORIANDER SEEDS GLOBAL DATA","IMPORTER","JABS INTERNATIONAL PVT LTD","-","101","0","0","91-22-41412525","-","jabs@jabsinternational.com","-","-","-","-","-",,,"0","0","86","4","0","0000-00-00 00:00:00"
"1684","1",,"CORIANDER SEEDS GLOBAL DATA","IMPORTER","SWANI SPICE MILLS PVT LTD 438 MUMBAI INDIA","-","101","0","0","91 22-4342-4100","+91 22‑3505‑4100,+91 22‑4126‑8001 or 49","marketing@swanispice.com","-","-","marketing@swanispice.com, parneet@swanispice.com","-","--",,,"0","0","86","4","0","0000-00-00 00:00:00"
"1685","1",,"CORIANDER SEEDS GLOBAL DATA","IMPORTER","Vinaykumar Co","E-323, Nava Gunj Bazar, Unjha, Mehsana, Gujarat 384170","101","0","0","+91 98250 67161",,,,,,,"-",,,"0","0","0","4","0","0000-00-00 00:00:00"
"1686","1",,"CORIANDER SEEDS GLOBAL DATA","IMPORTER","JALARAM TRADERS","A-7, APMC, Dhrangadhra, Ahmedabad Bypass Road, Surendranagar, Gujarat 363310, India","101","0","0","91 2822 225444","-","-","-","-","-","-","-",,,"0","0","86","4","0","0000-00-00 00:00:00"
"1687","1",,"CORIANDER SEEDS GLOBAL DATA","IMPORTER","RAJ FOODS INTERNATIONAL","1st Floor, J.A. Patel Building, Visnagar Road, Unjha, Gujarat - 384170, India","101","0","0","-","-","info@rajfoods.co.in, brahma@rajfoods.co.in","-","RAJIV","-","91 9545513148","--",,,"0","0","0","4","0","0000-00-00 00:00:00"
"1688","1",,"CORIANDER SEEDS GLOBAL DATA","IMPORTER","RAW FREEZE PRIVATE LIMITED","-","101","0","0","-","-","info@rawfreeze.com,singhjain@rediffmail.com","-","-","-","-","--",,,"0","0","0","4","0","0000-00-00 00:00:00"
"1689","1",,"CORIANDER SEEDS GLOBAL DATA","IMPORTER","JAY DATTATRAY TRADING",,"101","0","0","91 2672 220202",,,,,,,"-",,,"0","0","0","4","0","0000-00-00 00:00:00"
"1690","1",,"CORIANDER SEEDS GLOBAL DATA","IMPORTER","I B SEEDS PVT LTD",,"101","0","0","91 99000 02669",,"enquiries@iandb.in",,,,,"-",,,"0","0","0","4","0","0000-00-00 00:00:00"
"1691","1",,"CORIANDER SEEDS GLOBAL DATA","IMPORTER","ASHOKA FARM AIDS",,"101","0","0","91 80 2337 5643",,"ashoka@ashokaseeds.com",,,,,"-",,,"0","0","0","4","0","0000-00-00 00:00:00"
"1692","1",,"CORIANDER SEEDS GLOBAL DATA","IMPORTER","RAJDHANI SEEDS CORPORATION","-","101","0","0","91-9818927777","-","sales@rajdhaniseeds.com","-","-","-","-","-",,,"0","0","86","4","0","0000-00-00 00:00:00"
"1693","1",,"CORIANDER SEEDS GLOBAL DATA","IMPORTER","AGROIMPEZ CORPORATION","-","101","0","0","011‑23829945, 011‑65457187- (Delhi)","+91 98110 26383, +91 98731 86383","dejal@agroimpex.co.in ","-","Dejal Parikh(Mumbai)","-","+91 98190 42044","-",,,"0","0","0","4","0","0000-00-00 00:00:00"
"1694","1",,"CORIANDER SEEDS GLOBAL DATA","IMPORTER","ANAMIKA SEEDS","-","101","0","0","91 98241 53954"," +91 99991 00227,+91 92892 44109","seamonsseeds@gmail.com, anamika_109@yahoo.co.in","-","-","-","-","-",,,"0","0","0","4","0","0000-00-00 00:00:00"
"1695","1",,"CORIANDER SEEDS GLOBAL DATA","IMPORTER","GURU KRIPA SEED","332/9, Near New Sabzi Mandi, Panipat, Haryana 132103","101","0","0","+91 98962 53132",,,,,,,"-",,,"0","0","0","4","0","0000-00-00 00:00:00"
"1696","1",,"CORIANDER SEEDS GLOBAL DATA","IMPORTER","J LAL FOODS PVT LTD","-","101","0","0","91-80559-27171","-","sales@jlalfoods.com","-","-","-","-","-",,,"0","0","86","4","0","0000-00-00 00:00:00"
"1697","1",,"CORIANDER SEEDS GLOBAL DATA","IMPORTER","AFHAN INDIA","Groma House, C/9/12, Plot No. 14-C, 9th Sector-19, Vashi, Navi Mumbai, Maharashtra 400705, India","101","0","0","-","-","-","-","-","-","-","-",,,"0","0","86","4","0","0000-00-00 00:00:00"
"1698","1",,"CORIANDER SEEDS GLOBAL DATA","IMPORTER","M R AGRO INDUSTRIES","-","101","0","0","+91 2767 252144","+91 98250 82144 (Mitesh Patel) ","-","-","91-98250-18644","mitesh@mragroindustries.com,alpesh@mragroindustries.com, sales@mragroindustries.com"," +91 98250 18644 (Alpesh Patel) ","-",,,"0","0","86","4","0","0000-00-00 00:00:00"
"1699","1",,"CORIANDER SEEDS GLOBAL DATA","IMPORTER","BHARAT NURSERY PVT LTD","-","101","0","0","91-33-2555-2422","-","info@bharatnursery.in","-","-","-","-","-",,,"0","0","86","4","0","0000-00-00 00:00:00"
"1700","1",,"CORIANDER SEEDS GLOBAL DATA","IMPORTER","Laxmi Enterprises","Shop No. 11, Vishwa Kumud Society, 525 Narayan Peth, Near Modi Ganpati, Pune - 411030, Maharashtra, India","101","0","0","(+91) 9822092476

(+91) 9595990238

(020) 24430466",,"laxmienterprises@gmail.com

joshi@laxmienterprise.",,,,,"-",,,"0","0","0","4","0","0000-00-00 00:00:00"
"1701","1",,"CORIANDER SEEDS GLOBAL DATA","IMPORTER","B P SPICES","208, APMC Building, Market Yard, Unjha-384170, Gujarat, India","101","0","0","91) 99250 01991",,"info.bpspices@gmail.com

bpspices@yahoo.com",,,,,"-",,,"0","0","0","4","0","0000-00-00 00:00:00"
"1702","1",,"CORIANDER SEEDS GLOBAL DATA","IMPORTER","BHAILAL TRIKAMLAL CO","A/49 Main Line, APMC Gunj Bazar, Unjha-384170, Gujarat, India","101","0","0","91-9913033443","-","info@btspices.comexport@btspices.com","-","-","-","-","-",,,"0","0","0","4","0","0000-00-00 00:00:00"
"1703","1",,"CORIANDER SEEDS GLOBAL DATA","IMPORTER","ITC LIMITED","Virginia House, 37, J. L. Nehru Road, Kolkata - 700071, India","101","0","0","91) 33-22889371","2288 7012 / 2288 6417","contactus@itc.in","-","-","itccorpcomm@itc.in","-","-",,,"0","0","0","4","0","0000-00-00 00:00:00"
"1704","1",,"CORIANDER SEEDS GLOBAL DATA","IMPORTER","MOONGLADE ESSENCE","C-903, Kolte Patil Raaga, Kannuru, Kannur Yelahanka Main Road, Bangalore, Bengaluru, Karnataka 562149","101","0","0","91) 8048370722",,,,,,,"-",,,"0","0","0","4","0","0000-00-00 00:00:00"
"1705","1",,"CORIANDER SEEDS GLOBAL DATA","IMPORTER","BOMBAY SUPER HYBRID SEEDS LTD","Plot No. 8, 9, 10, 11, Shreenathji Industrial Estate, Near Kuvadva G.I.D.C, N.H 8-B, Kuvadva-360023, Dist Rajkot, Gujarat, India","101","0","0","(+91) 96389 62396(+91) 98984 00458Email:","-","info@bombaysuper.in","-","-","-","-","-",,,"0","0","86","4","0","0000-00-00 00:00:00"
"1706","1",,"CORIANDER SEEDS GLOBAL DATA","IMPORTER","EAST WEST SEED INDIA PVT LTD","5B, Tapadya Estate, Near As Club, Waluj, Aurangabad, Maharashtra 431133

#808, Brigade Signature Towers, Bangalore, Karnataka, India 560049","101","0","0","91) 240 256 3566",,"customer.care@eastwestseed.com",,,,,"-",,,"0","0","0","4","0","0000-00-00 00:00:00"
"1707","1",,"CORIANDER SEEDS GLOBAL DATA","IMPORTER","MADHU JAYANTI INTERNATIONAL PVT LT D 789 ANANDAPUR COMMERCIAL BLOCK 1 5TH FLOOR UNIT NO 1501 1502 KOLKAT A WEST BENGAL 700107 INDIA","789, Anandapur Commercial Block, 1st Floor, Unit No 1501-1502, Kolkata, West Bengal 700107, India","101","0","0","91) 33 6657 4100","+91 33 6657 4100- (Kolkata)","info@jaytea.com, arul@jaytea.com","-","Arul Poulraj, CEO","-","+91 422 2622197 / 2622184 (Coimbatore)","-",,,"0","0","0","4","0","0000-00-00 00:00:00"
"1708","1",,"CORIANDER SEEDS GLOBAL DATA","IMPORTER","NATH BIO GENES INDIA LTD","Nath House, Nath Road, Aurangabad, Maharashtra 431005, India","101","0","0","+91‑240‑3502421 to 3502425"," +91‑240‑6645555,  +91‑240‑2376188","-","-","-","-","-","--",,,"0","0","0","4","0","0000-00-00 00:00:00"
"1709","1",,"CORIANDER SEEDS GLOBAL DATA","IMPORTER","INDIA SEED HOUSE","4173, GT Road, Near Shri Guru Ravidas Mandir, Kamla Nagar, Delhi - 110007, India","101","0","0","91) 011 2381 2124"," +91‑11‑23822460, +91‑11‑23842102","karuneshsaini@hotmail.com","-","-","-","-","-",,,"0","0","0","4","0","0000-00-00 00:00:00"
"1710","1",,"CORIANDER SEEDS GLOBAL DATA","IMPORTER","Mohit Spices Food Products Pvt Ltd","Mohit Spices Food Products Pvt Ltd","153","0","0",,,,,,,,"-",,,"0","0","0","4","0","0000-00-00 00:00:00"
"1711","1",,"CORIANDER SEEDS GLOBAL DATA","IMPORTER","M SFARUK AND BROTHERS NOWDAPARA DASHURIA ISHURDI PABNA BANGLADESH","M SFARUK AND BROTHERS NOWDAPARA DASHURIA ISHURDI PABNA BANGLADESH","18","0","0","+8801791056709",,,,,,,"-",,,"0","0","0","4","0","0000-00-00 00:00:00"
"1712","1",,"CORIANDER SEEDS GLOBAL DATA","IMPORTER","AMAZON COM SERVICES INC PA","550 Oak Ridge Rd, Hazle Township, PA 18202-9361, USA","231","0","0","+1 (570) 384-6309",,,,,,,"-",,,"0","0","0","4","0","0000-00-00 00:00:00"
"1713","1",,"CORIANDER SEEDS GLOBAL DATA","IMPORTER","SIDDHI SPICES FOOD INDUSTRIES",,"153","0","0",,,,,,,,"-",,,"0","0","0","4","0","0000-00-00 00:00:00"
"1714","1",,"CORIANDER SEEDS GLOBAL DATA","IMPORTER","SWOU USA","100 Campus Dr, Weatherford, OK 73096, USA","231","0","0","+1 (580) 774-3063",,"info@swosu.edu",,,,,"-",,,"0","0","0","4","0","0000-00-00 00:00:00"
"1715","1",,"CORIANDER SEEDS GLOBAL DATA","IMPORTER","SAME AS",,"38","0","0",,,,,,,,"-",,,"0","0","0","4","0","0000-00-00 00:00:00"
"1716","1",,"CORIANDER SEEDS GLOBAL DATA","IMPORTER","COMMONWEALTH BANK","ASB North Wharf, 12 Jellicoe Street, Auckland 1010, New Zealand","157","0","0","64 9 306 3000",,,"International Customer Services",,,,"-",,,"0","0","0","4","0","0000-00-00 00:00:00"
"1717","1",,"CORIANDER SEEDS GLOBAL DATA","IMPORTER","USA",,"231","0","0",,,,,,,,"-",,,"0","0","0","4","0","0000-00-00 00:00:00"
"1718","1",,"CORIANDER SEEDS GLOBAL DATA","IMPORTER","SHATA TRADERS INC","10227 Avenue D, Brooklyn, NY 11236, USA","231","0","0","+1(718) 369-7000",,"shatainc@aol.com",,,,,"-",,,"0","0","0","4","0","0000-00-00 00:00:00"
"1719","1",,"CORIANDER SEEDS GLOBAL DATA","IMPORTER","MIN HONG FOODS CO LTD","Unit 8, An Yip Street, East District, Hong Kong Island, Hong Kong","98","0","0","852) 2896 6431",,,,,,,"-",,,"0","0","0","4","0","0000-00-00 00:00:00"
"1720","1",,"CORIANDER SEEDS GLOBAL DATA","IMPORTER","Easy Grocery Inc","38 Dean St, Brampton, Ontario L6W 1M6, Canada","38","0","0","647) 907-3634",,,,,,,"-",,,"0","0","0","4","0","0000-00-00 00:00:00"
"1721","1",,"CORIANDER SEEDS GLOBAL DATA","IMPORTER","WATEC CORPORATION","Riviera Palmera,abidjan,cote Divoire, Ivory Coast ","53","0","0",,,,,,,,"-",,,"0","0","0","4","0","0000-00-00 00:00:00"
"1722","1",,"CORIANDER SEEDS GLOBAL DATA","IMPORTER","SREE NIDHI CORPORATION","3301 Woodpark Blvd std D, Charlotte, NC 28206, United States","231","0","0","+16504057796",,,,,,,"-",,,"0","0","0","4","0","0000-00-00 00:00:00"
"1723","1",,"CORIANDER SEEDS GLOBAL DATA","IMPORTER","SHREE NIWAS TRADING","Khopegalli, Hetauda, Nepal","153","0","0","+9779851114516",,,,,,,"-",,,"0","0","0","4","0","0000-00-00 00:00:00"
"1724","1",,"CORIANDER SEEDS GLOBAL DATA","IMPORTER","CHICAGO IL",,"231","0","0",,,,,,,,"-",,,"0","0","0","4","0","0000-00-00 00:00:00"
"1725","1",,"CORIANDER SEEDS GLOBAL DATA","IMPORTER","SUPER TRADERS","Koshi Haraicha, Kosi, Nepal","153","0","0",,,,,"Mohammad Adil",,,"-",,,"0","0","0","4","0","0000-00-00 00:00:00"
"1726","1",,"CORIANDER SEEDS GLOBAL DATA","IMPORTER","SHREE SUBH LAXMI TRADERS","Nagwa 16, Birganj, Nepal","153","0","0","+9779748369531",,,,,,,"-",,,"0","0","0","4","0","0000-00-00 00:00:00"
"1727","1",,"CORIANDER SEEDS GLOBAL DATA","IMPORTER","K A PURCHASE MANAGER TEA LIFE",,"13","0","0",,,,,,,,"-",,,"0","0","0","4","0","0000-00-00 00:00:00"
"1728","1",,"Timber company","IMPORTER","VA INTERNATIONAL SDN BHD","A-9-1, 9th Floor, BBT One The Towers (South Tower), Lebuh Batu Nilam 1, Bandar Bukit Tinggi, 41100 Klang, Selangor, Malaysia","132","0","0","-","-","info@vainternational.net","-","-","-","-","-",,,"0","1","29","4","0","0000-00-00 00:00:00"
"1729","1",,"CORIANDER SEEDS GLOBAL DATA","IMPORTER","AUCKLAND NEW ZEALAND",,"157","0","0",,,,,,,,"-",,,"0","0","0","4","0","0000-00-00 00:00:00"
"1730","1",,"CORIANDER SEEDS GLOBAL DATA","IMPORTER","GLOBAL CHOICE FOODS 150 RAINBOW CREEK DR","150 Rainbow Creek Dr, Woodbridge, ON L4H 4M6, Canada","38","0","0","(905) 264-6050",,"info@globalchoicefoods.com",,,,,"-",,,"0","0","0","4","0","0000-00-00 00:00:00"
"1731","1",,"CORIANDER SEEDS GLOBAL DATA","IMPORTER","SHEEL FOODS USA INC","15439 Proctor Ave, City of Industry, CA 91745, USA","231","0","0","+12132615255",,,,,,,"-",,,"0","0","0","4","0","0000-00-00 00:00:00"
"1732","1",,"CORIANDER SEEDS GLOBAL DATA","IMPORTER","BOKHARY FOODS INC","57 State St, Lawrence, MA 01843, USA","231","0","0","+1(978) 975-3582",,,,,,,"-",,,"0","0","0","4","0","0000-00-00 00:00:00"
"1733","1",,"CORIANDER SEEDS GLOBAL DATA","IMPORTER","Bhat Bhateni Food Products Pvt Ltd","Tangal, Kathmandu, Bagmati, Nepal","153","0","0","(+977) 1-4519181

(+977) 1-4413825",,"info@bbsm.com.np",,,,,"-",,,"0","0","0","4","0","0000-00-00 00:00:00"
"1734","1",,"CORIANDER SEEDS GLOBAL DATA","IMPORTER","2686479 Ontario Inc",,"38","0","0",,,,,,,,"-",,,"0","0","0","4","0","0000-00-00 00:00:00"
"1735","1",,"CORIANDER SEEDS GLOBAL DATA","IMPORTER","KAKATHEYA FOODS LLC","3700 Annapolis Ln N, Suite 195, Plymouth, MN 55447, USA","231","0","0","+1(732) 406-2223",,,,,,,"-",,,"0","0","0","4","0","0000-00-00 00:00:00"
"1736","1",,"CORIANDER SEEDS GLOBAL DATA","IMPORTER","Raj Kamal Enterprise Ltd",,"113","0","0",,,,,,,,"-",,,"0","0","0","4","0","0000-00-00 00:00:00"
"1737","1",,"CORIANDER SEEDS GLOBAL DATA","IMPORTER","Al Jawza Al Dhaahabiyyah For Transportation and Storage Co",,"191","0","0",,,,,,,,"-",,,"0","0","0","4","0","0000-00-00 00:00:00"
"1738","1",,"CORIANDER SEEDS GLOBAL DATA","IMPORTER","ETS LES DEUX JUMEAUX MAMBUENI LUSAKU RONY AVENUE",,"6","0","0",,,,,,,,"-",,,"0","0","0","4","0","0000-00-00 00:00:00"
"1740","1",,"CORIANDER SEEDS GLOBAL DATA","IMPORTER","DETROIT USA",,"231","0","0",,,,,,,,"-",,,"0","0","0","4","0","0000-00-00 00:00:00"
"1741","1",,"CORIANDER SEEDS GLOBAL DATA","IMPORTER","SHRIJI LTD","24 Bouwalu Street, Lautoka, Fiji","73","0","0","+679 666 0067",,,"https://shreejifiji.com/",,,,"-",,,"0","0","0","4","0","0000-00-00 00:00:00"
"1742","1",,"CORIANDER SEEDS GLOBAL DATA","IMPORTER","PURCHASE MANAGER BB",,"231","0","0",,,,,,,,"-",,,"0","0","0","4","0","0000-00-00 00:00:00"
"1743","1",,"CORIANDER SEEDS GLOBAL DATA","IMPORTER","SUGINS TRADING SDN BHD","No.1, Jln Damai Puspa 1, Alam Damai, 56000 Cheras, Federal Territory of Kuala Lumpur, Malaysia","132","0","0","+60391014019",,,,,,,"-",,,"0","0","0","4","0","0000-00-00 00:00:00"
"1744","1",,"CORIANDER SEEDS GLOBAL DATA","IMPORTER","SUNDINE PRODUCE INC","6075 Kestrel Rd, Mississauga, ON L5T 1Y8, Canada","38","0","0","(905) 364-1600",,"sundine@sundineproduce.com",,,,,"-",,,"0","0","0","4","0","0000-00-00 00:00:00"
"1745","1",,"CORIANDER SEEDS GLOBAL DATA","IMPORTER","SREE NIDHI CORP","3301 Woodpark Blvd Ste D, Charlotte, NC 28206","231","0","0","+1 650-405-7796",,,,,,,"-",,,"0","0","0","4","0","0000-00-00 00:00:00"
"1746","1",,"CORIANDER SEEDS GLOBAL DATA","IMPORTER","SPICES CENTER","9280 34 Ave NW, Edmonton, AB T6E 5P2, Canada","38","0","0","(780) 440-3334",,,"thespicecentre.com",,,,"-",,,"0","0","0","4","0","0000-00-00 00:00:00"
"1747","1",,"CORIANDER SEEDS GLOBAL DATA","IMPORTER","MS SHANTABA LLC","2506 W Parmer Ln, Ste 170, Austin, TX 78727-4337, USA","231","0","0",,,,,,,,"-",,,"0","0","0","4","0","0000-00-00 00:00:00"
"1748","1",,"CORIANDER SEEDS GLOBAL DATA","IMPORTER","HEBRON PRIVATE LIMITED VICTORY HOUSE ASAREE GOALHI MALE REP OF",,"133","0","0","+9603005926",,,,,,,"-",,,"0","0","0","4","0","0000-00-00 00:00:00"
"1749","1",,"CORIANDER SEEDS GLOBAL DATA","IMPORTER","MAA VAIBHAVLAXMI LLC","103 Bennett Rd, Matawan, NJ 07747-7075, USA","231","0","0",,,,,,,,"-",,,"0","0","0","4","0","0000-00-00 00:00:00"
"1750","1",,"CORIANDER SEEDS GLOBAL DATA","IMPORTER","DOSA KITCHEN LTD","3380 Midland Ave Unit 20, Scarborough, ON M1V 5B5, Canada","38","0","0","+1 (416) 299-0804",,,,,,,"-",,,"0","0","0","4","0","0000-00-00 00:00:00"
"1751","1",,"CORIANDER SEEDS GLOBAL DATA","IMPORTER","JAY BRAND FOOD PRODUCTS 1448995 ON","160 Pennsylvania Ave, Concord, ON L4K 4A9, Canada","38","0","0","+1 (416) 724-1067",,"info@jaybrandfoods.com",,,,,"-",,,"0","0","0","4","0","0000-00-00 00:00:00"
"1752","1",,"CORIANDER SEEDS GLOBAL DATA","IMPORTER","FAMOUS FOOD PRODUCTS","10507 Kinghurst St, Houston, TX 77099, USA","231","0","0","+1(281) 568-4200",,,,,,,"-",,,"0","0","0","4","0","0000-00-00 00:00:00"
"1753","1",,"CORIANDER SEEDS GLOBAL DATA","IMPORTER","Commerzbank AG","1-3 Taunusanlage, 60325 Frankfurt am Main, Germany","82","0","0","+49 69580009000",,,,,,,"-",,,"0","0","0","4","0","0000-00-00 00:00:00"
"1754","1",,"CORIANDER SEEDS GLOBAL DATA","IMPORTER","QUALITY SPICES LLC","3662 Westchase Dr, Houston, TX 77042","231","0","0","+1(832) 461-2670",,,,,,,"-",,,"0","0","0","4","0","0000-00-00 00:00:00"
"1755","1",,"CORIANDER SEEDS GLOBAL DATA","IMPORTER","ALSALAM BANK",,"3","0","0","+213 88 88 38 021",,"tawassol@alsalamalgeria.com",,,,,"-",,,"0","0","0","4","0","0000-00-00 00:00:00"
"1756","1",,"CORIANDER SEEDS GLOBAL DATA","IMPORTER","KPM SPICE CORP","1300 W Blancke St, Linden, NJ, 07036-6216","231","0","0","+1 (908) 862-8629",,,,,,,"-",,,"0","0","0","4","0","0000-00-00 00:00:00"
"1757","1",,"CORIANDER SEEDS GLOBAL DATA","IMPORTER","AHMED ABDO HOTELS REST SUPPLY CO","78 St, Shuwaikh Industrial, Kuwait","117","0","0","+96524920130",,,,,,,"-",,,"0","0","0","4","0","0000-00-00 00:00:00"
"1758","1",,"CORIANDER SEEDS GLOBAL DATA","IMPORTER","KAIRALI FARMS PRODUCE LLC","3513 W Miller Rd, Garland, TX 75042, United States","231","0","0","+14696912888",,,,,,,"-",,,"0","0","0","4","0","0000-00-00 00:00:00"
"1759","1",,"CORIANDER SEEDS GLOBAL DATA","IMPORTER","PRIDE INDIA INC","934R Washington St, Norwood, MA 02062, United States","231","0","0","+16172029659",,,"https://www.prideofindia.co/",,,,"-",,,"0","0","0","4","0","0000-00-00 00:00:00"
"1760","1",,"CORIANDER SEEDS GLOBAL DATA","IMPORTER","BAJARIA GLOBAL PTY","15 Burgay Court, Osborne Park, Western Australia 6017, Australia","13","0","0","+61 (08) 9204 4225",,"sales@thespicemerchants.com.au",,,,,"-",,,"0","0","0","4","0","0000-00-00 00:00:00"
"1761","1",,"CORIANDER SEEDS GLOBAL DATA","IMPORTER","HARI PREM RETAIL LIMITED","152b Jackson Street, Petone, Lower Hutt, 5012, New Zealand","157","0","0",,,,,,,,"-",,,"0","0","0","4","0","0000-00-00 00:00:00"
"1762","1",,"CORIANDER SEEDS GLOBAL DATA","IMPORTER","VWC NJ USA",,"231","0","0",,,,,,,,"-",,,"0","0","0","4","0","0000-00-00 00:00:00"
"1763","1",,"CORIANDER SEEDS GLOBAL DATA","IMPORTER","TRUIST BANK","Truist Bank Corporate Headquarters, 214 N Tryon St, Charlotte, North Carolina 28202, USA","231","0","0","+1 (844-487-8478)",,,,,,,"-",,,"0","0","0","4","0","0000-00-00 00:00:00"
"1764","1",,"CORIANDER SEEDS GLOBAL DATA","IMPORTER","LQP INC","9026 South Course Dr, Houston, Texas, U.S.A","231","0","0","+1-832-619-1157",,"sales@lqpinc.com",,,,,"-",,,"0","0","0","4","0","0000-00-00 00:00:00"
"1765","1",,"CORIANDER SEEDS GLOBAL DATA","IMPORTER","DEVANSHI ENTERPRISE LTD","65 Podgora Avenue, Huapai, Kumeu 0810, New Zealand","157","0","0",,,,,,,,"-",,,"0","0","0","4","0","0000-00-00 00:00:00"
"1766","1",,"CORIANDER SEEDS GLOBAL DATA","IMPORTER","KAILASH FOODS","4855 Alpine Dr Ste 130, Stafford, TX 77477, USA","231","0","0","+1(832) 939-8280",,"sales@kailashfoods.com",,,,,"-",,,"0","0","0","4","0","0000-00-00 00:00:00"
"1767","1",,"CORIANDER SEEDS GLOBAL DATA","IMPORTER","SUPER ASIA FOOD SPICES LTD","8905 Highway 50, Unit 7, Vaughan, ON L4H 5A1, Canada","38","0","0","+1 (416) 746-5550",,,,,,,"-",,,"0","0","0","4","0","0000-00-00 00:00:00"
"1768","1",,"CORIANDER SEEDS GLOBAL DATA","IMPORTER","Chetak Chicago","1111 E Lake St, Streamwood, IL 60107, USA","231","0","0","+1(630) 837-7400",,"chetakchicago@yahoo.com",,,,,"-",,,"0","0","0","4","0","0000-00-00 00:00:00"
"1769","1",,"CORIANDER SEEDS GLOBAL DATA","IMPORTER","SAVJANI DHARMENDRA HEMRAJ OM SUPPLIES","17629 Nairobi, Kenya","113","0","0",,,,,,,,"-",,,"0","0","0","4","0","0000-00-00 00:00:00"
"1770","1",,"CORIANDER SEEDS GLOBAL DATA","IMPORTER","FOOD EXPRESS INTERNATIONAL LLC","201 Circle Dr N Ste 108, Piscataway, NJ 08854, USA","231","0","0","+1 (551) 247-8494",,,,,,,"-",,,"0","0","0","4","0","0000-00-00 00:00:00"
"1771","1",,"CORIANDER SEEDS GLOBAL DATA","IMPORTER","M P Lingam Sons M Sdn Bhd","4 Jalan 51A/227, Seksyen 51A, 46100 Petaling Jaya, Selangor Darul Ehsan, Malaysia","132","0","0","+60 3 7956 7533",,,,,,,"-",,,"0","0","0","4","0","0000-00-00 00:00:00"
"1772","1",,"CORIANDER SEEDS GLOBAL DATA","IMPORTER","DABH IMPORTS","7 Jego Ct, Edison, NJ 08820, USA","231","0","0",,,,,,,,"-",,,"0","0","0","4","0","0000-00-00 00:00:00"
"1773","1",,"CORIANDER SEEDS GLOBAL DATA","IMPORTER","BHARAT OVERSEAS INC","11-36 49th Ave, Long Island City, NY 11101, United States","231","0","0","+13474555097",,,,,,,"-",,,"0","0","0","4","0","0000-00-00 00:00:00"
"1774","1",,"CORIANDER SEEDS GLOBAL DATA","IMPORTER","SEPL GLOBAL NJ LLC","21 Meridian Rd, Edison, NJ 08820, United States","231","0","0",,,,,,,,"-",,,"0","0","0","4","0","0000-00-00 00:00:00"
"1775","1",,"CORIANDER SEEDS GLOBAL DATA","IMPORTER","B J TEXTILES GMBH",,"155","0","0",,,,,,,,"-",,,"0","0","0","4","0","0000-00-00 00:00:00"
"1776","1",,"CORIANDER SEEDS GLOBAL DATA","IMPORTER","ROSHNI FOODS","8700 Cherry Ln, Laurel, MD 20707, USA","231","0","0","+1 (301) 604-1779",,,,,,,"-",,,"0","0","0","4","0","0000-00-00 00:00:00"
"1777","1",,"CORIANDER SEEDS GLOBAL DATA","IMPORTER","Harvest Island Trading LLC","Besides Sultan Qaboos Mosque, In Front Of Customer Consumer Pro, Muscat, 512","165","0","0","+968 24 502600",,"harvest@omantel.net.om",,,,,"-",,,"0","0","0","4","0","0000-00-00 00:00:00"
"1779","1",,"CORIANDER SEEDS GLOBAL DATA","IMPORTER","NOTIFY PARTY U MYAT TUN FAMILY CO","No.21, Khay Mar Thi Lan Thwel 1 Street, Mi-3 Quarter, Thingangyun Township, Yangon, Myanmar","150","0","0",,,,,,,,"-",,,"0","0","0","4","0","0000-00-00 00:00:00"
"1780","1",,"CORIANDER SEEDS GLOBAL DATA","IMPORTER","AKSHAR SALES LLC","4813 Davenport Pl, Fremont, CA 94538, United States","231","0","0","+1(510) 938-5913",,,,,,,"-",,,"0","0","0","4","0","0000-00-00 00:00:00"
"1781","1",,"CORIANDER SEEDS GLOBAL DATA","IMPORTER","H A INTERNATIONAL L L C","630 Oakmont Lane, Westmont, Illinois 60559, USA","231","0","0","+1 630-575-5700",,,,,,,"-",,,"0","0","0","4","0","0000-00-00 00:00:00"
"1782","1",,"CORIANDER SEEDS GLOBAL DATA","IMPORTER","Apna Foods Imports Co","360 S Lombard Rd, Addison, IL 60101, USA","231","0","0","+1 (630) 628-6666",,"info@apnafoods.com",,,,,"-",,,"0","0","0","4","0","0000-00-00 00:00:00"
"1783","1",,"CORIANDER SEEDS GLOBAL DATA","IMPORTER","DELIGHT BIG BAZAR INC","1470 US-46, Parsippany, NJ 07054, United States","231","0","0","+19735885859",,,,,,,"-",,,"0","0","0","4","0","0000-00-00 00:00:00"
"1784","1",,"CORIANDER SEEDS GLOBAL DATA","IMPORTER","SAUDI ARABIA 1 AL SALWA BROTHERS TRADING CO LTD","Street 114","191","0","0","+966 13-341-9595",,"info@saudisalwa.com",,,,,"-",,,"0","0","0","4","0","0000-00-00 00:00:00"
"1785","1",,"CORIANDER SEEDS GLOBAL DATA","IMPORTER","DESI THELA INC","516 Abbi Rd, Carteret, NJ 07008, USA","231","0","0","+1(732) 795-2002",,,,,,,"-",,,"0","0","0","4","0","0000-00-00 00:00:00"
"1786","1",,"CORIANDER SEEDS GLOBAL DATA","IMPORTER","UNITED INTERNATIONAL INC","104 Mullach Ct Ste 1008, Wentzville, MO 63385, USA","231","0","0","+1(636) 327-5910",,"info@unitedinternationalinc.com",,,,,"-",,,"0","0","0","4","0","0000-00-00 00:00:00"
"1787","1",,"CORIANDER SEEDS GLOBAL DATA","IMPORTER","MSSHAREKET REBAL LELMAWAD ALGETHAEYE","Singar Rd., Hevron, 9020000, Israel","106","0","0","+972 2-223-7707",,,,,,,"-",,,"0","0","0","4","0","0000-00-00 00:00:00"
"1788","1",,"CORIANDER SEEDS GLOBAL DATA","IMPORTER","UNITED TRADING INC","4747 Leston St Ste 805, Dallas, TX 75247, USA","231","0","0","+1 (469) 872-0091",,"info@utigazab.com",,,,,"-",,,"0","0","0","4","0","0000-00-00 00:00:00"
"1789","1",,"CORIANDER SEEDS GLOBAL DATA","IMPORTER","BABA PRODUCTS M SDN BHD","Block C, Lot 46911, Selayang Industrial Park, Selayang, 68100 Kuala Lumpur, Malaysia","132","0","0","+603 6137 1514","-","selayang@babas.com.my","-","KSIVA","ksiva@babas.com.my","-","--",,,"0","0","0","4","0","0000-00-00 00:00:00"
"1790","1",,"CORIANDER SEEDS GLOBAL DATA","IMPORTER","City Winner Co Ltd","No. 5, 2 Floors, 129 Street, Thabay Gone Quarter, Mingalar Taung Nyunt Township, Yangon, Myanmar - 11222","150","0","0","9.59441E+11",,"info@city-winner.com",,,,,"-",,,"0","0","0","4","0","0000-00-00 00:00:00"
"1791","1",,"CORIANDER SEEDS GLOBAL DATA","IMPORTER","CHEM-I-PLAST PTY LTD","20 Skeeen Boulevard, Bedfordview, Johannesburg, South Africa, 2008","165","0","0","+27 21 931 1369",,"info@chemiplast.com",,,,,"-",,,"0","0","0","4","0","0000-00-00 00:00:00"
"1792","1",,"CORIANDER SEEDS GLOBAL DATA","IMPORTER","PREMIER FOOD SUPPLIES LLC","1783 Thunderbird St, Troy, MI 48084, USA","231","0","0","+1 248-275-6621",,"info@premierfoodsupplies.com",,,,,"-",,,"0","0","0","4","0","0000-00-00 00:00:00"
"1793","1",,"CORIANDER SEEDS GLOBAL DATA","IMPORTER","SPICE IMPORT EXPORT","201 Circle Dr N Ste 108, Piscataway, NJ 08854, USA","231","0","0","+1 (551) 247-8494",,"info@spicesusa.com",,,,,"-",,,"0","0","0","4","0","0000-00-00 00:00:00"
"1794","1",,"CORIANDER SEEDS GLOBAL DATA","IMPORTER","SAPNA FOODS INC","2280 Mountain Industrial Blvd, Tucker, GA 30084, USA","231","0","0","+1-404-589-0977",,"info@sapnafoods.com",,,,,"-",,,"0","0","0","4","0","0000-00-00 00:00:00"
"1795","1",,"CORIANDER SEEDS GLOBAL DATA","IMPORTER","SAME AS BUYER EGYPT",,"64","0","0",,,,,,,,"-",,,"0","0","0","4","0","0000-00-00 00:00:00"
"1796","1",,"CORIANDER SEEDS GLOBAL DATA","IMPORTER","HOMENEEDS INC","11113 NE 33rd Pl, Bellevue, WA 98004, USA","231","0","0","+1 (425) 301-2364",,,,,,,"-",,,"0","0","0","4","0","0000-00-00 00:00:00"
"1797","1",,"CORIANDER SEEDS GLOBAL DATA","IMPORTER","PTI Foods","6885 Davand Drive, Mississauga, Ontario L5T 1L5, Canada","38","0","0","+1 (905) 461-1585",,"info@ptifoods.com",,,,,"-",,,"0","0","0","4","0","0000-00-00 00:00:00"
"1798","1",,"CORIANDER SEEDS GLOBAL DATA","IMPORTER","SAME AS BUYER CHINA",,"44","0","0",,,,,,,,"-",,,"0","0","0","4","0","0000-00-00 00:00:00"
"1799","1",,"CORIANDER SEEDS GLOBAL DATA","IMPORTER","YMSLLC 2481 DELTA LANE ELK","2481 Delta Lane, Elk Grove Village, IL 60007, USA","231","0","0","+1 (773) 716-6826",,,,,,,"-",,,"0","0","0","4","0","0000-00-00 00:00:00"
"1800","1",,"CORIANDER SEEDS GLOBAL DATA","IMPORTER","SHONOM ENTERPRISE","571, 7th Floor, Adept Moitri Complex, ECB Chattar, Dhaka Cantonment, Dhaka 1206","18","0","0","+880 1406-303090",,,,,,,"-",,,"0","0","0","4","0","0000-00-00 00:00:00"
"1801","1",,"CORIANDER SEEDS GLOBAL DATA","IMPORTER","Newaco Grupo S A","Rua Major Kanhangulo, Ingombota, Luanda, Angola","6","0","0","+244 928 243 333",,,,,,,"-",,,"0","0","0","4","0","0000-00-00 00:00:00"
"1802","1",,"CORIANDER SEEDS GLOBAL DATA","IMPORTER","House of Sher 2018 Ltd","2131 Queen Street, Abbotsford, British Columbia V2T 6J3","38","0","0","(604) 859-3030",,,,,,,"-",,,"0","0","0","4","0","0000-00-00 00:00:00"
"1803","1",,"CORIANDER SEEDS GLOBAL DATA","IMPORTER","KERALA FOOD CENTRE WLL","PO Box 2867, Street 37, Gate 52 Industrial Area, Doha, Qatar","178","0","0","+974 4 460 3103 / +974 4 460 6044",,,,,,,"-",,,"0","0","0","4","0","0000-00-00 00:00:00"
"1804","1",,"CORIANDER SEEDS GLOBAL DATA","IMPORTER","ZAIDAN AL AMMOURI SONS CO","Tadmur Street 5, Amman, 11131, Jordan","111","0","0","(06) 488 8306",,,,,,,"-",,,"0","0","0","4","0","0000-00-00 00:00:00"
"1805","1",,"CORIANDER SEEDS GLOBAL DATA","IMPORTER","Viganesh Brothers Co Ltd","No. 288/302, 4th Floor, Room 43, Ahnawyathar Street, Ward No-2, Pabedan Township, Yangon Region, Myanmar","150","0","0","+951-8372957",,"vgbbrothers03@gmail.com",,,,,"-",,,"0","0","0","4","0","0000-00-00 00:00:00"
"1806","1",,"CORIANDER SEEDS GLOBAL DATA","IMPORTER","Al Jazeera Arabia for Import and Export","Masged Abdel Rahman St., Geziret El Awqaf Village, Kom Hamada, El Beheira, In Front Of Abdel Rahman Mosque","64","0","0","+20 106 9768 881 / +20 109 0570 543",,,,,,,"-",,,"0","0","0","4","0","0000-00-00 00:00:00"
"1807","1",,"CORIANDER SEEDS GLOBAL DATA","IMPORTER","RAJENDRA PRASAD FIJI PTE LTD T A RAJENDRAS YOUR FAMILY SUPERMARKET","2 Yasawa Street, Lautoka, Fiji Islands","73","0","0","+679 999 3995",,"information@rajendrasfiji.com",,,,,"-",,,"0","0","0","4","0","0000-00-00 00:00:00"
"1808","1",,"CORIANDER SEEDS GLOBAL DATA","IMPORTER","SUCCESSFUL PROJECTS CO KHALID MUBARAK HAIF BUILDING","Al-Jahra, Block 20, Building 12, Office 4, Heirs of Falah and Mubarak Complex, Kuwait City, Kuwait","117","0","0",,,,,,,,"-",,,"0","0","0","4","0","0000-00-00 00:00:00"
"1809","1",,"CORIANDER SEEDS GLOBAL DATA","IMPORTER","GERSHON SPICES LTD","27 Drech Hacharoshet, Kiryat Gat, 8202138, Israel","106","0","0","+972 8-868-0244",,"david@gershon.org.il",,,,,"-",,,"0","0","0","4","0","0000-00-00 00:00:00"
"1810","1",,"CORIANDER SEEDS GLOBAL DATA","IMPORTER","Canadian Imperial Bank of Commerce","Commerce Court West, 25 The Esplanade, Toronto, Ontario M5L 1A9, Canada","38","0","0","+18004652422",,,,,,,"-",,,"0","0","0","4","0","0000-00-00 00:00:00"
"1811","1",,"CORIANDER SEEDS GLOBAL DATA","IMPORTER","SRIRAM IMPORTS","8325 Arrowridge Blvd Ste E, Charlotte, NC 28273, USA","231","0","0","+1 (803) 746-7844",,"ramesh@sriramimports.com, contact@sriramimports.co",,,,,"-",,,"0","0","0","4","0","0000-00-00 00:00:00"
"1812","1",,"CORIANDER SEEDS GLOBAL DATA","IMPORTER","A AND S TRADING","111, Hazaribagh, Dhaka, Dhaka 1209, Bangladesh","18","0","0","+8801819434270",,,,,,,"-",,,"0","0","0","4","0","0000-00-00 00:00:00"
"1813","1",,"CORIANDER SEEDS GLOBAL DATA","IMPORTER","JAHANGIR ENTERPRISE","53 Purana Paltan 5th Floor, Dhaka, Dhaka 1000, Bangladesh","18","0","0","+880 2-9893616",,,,,,,"-",,,"0","0","0","4","0","0000-00-00 00:00:00"
"1814","1",,"CORIANDER SEEDS GLOBAL DATA","IMPORTER","ZAIDAN ALAMMOURI SONS CO",,"111","0","0",,,,,,,,"-",,,"0","0","0","4","0","0000-00-00 00:00:00"
"1815","1",,"CORIANDER SEEDS GLOBAL DATA","IMPORTER","MS PRIME MILLERS LLC","2230 FM 1092 Rd, Missouri City, TX 77459-1802, USA","231","0","0",,,,,,,,"-",,,"0","0","0","4","0","0000-00-00 00:00:00"
"1816","1",,"CORIANDER SEEDS GLOBAL DATA","IMPORTER","MUKTANAND FOOD INC","483 Thomas Dr, Bensenville, IL 60106-1618, USA","231","0","0","+1(630) 595-1118",,,,,,,"-",,,"0","0","0","4","0","0000-00-00 00:00:00"
"1817","1",,"CORIANDER SEEDS GLOBAL DATA","IMPORTER","Alwaha Aljadida Company for Foodstuffs","333 Samba Road, Tripoli, Al-Krimia Market, Libya","124","0","0","+218 91 371 7091 or +218 21 716 4776",,"info@aljadeeda.ly or aljadeeda17@gmail.com",,,,,"-",,,"0","0","0","4","0","0000-00-00 00:00:00"
"1818","1",,"CORIANDER SEEDS GLOBAL DATA","IMPORTER","Sovereign Bank","824 North Market Street, Suite 100, Wilmington, DE 19801, USA","231","0","0","+1-877-768-2265 (USA), 1-401-824-3400 (from abroad",,,,,,,"-",,,"0","0","0","4","0","0000-00-00 00:00:00"
"1819","1",,"CORIANDER SEEDS GLOBAL DATA","IMPORTER","TANDIN RIGSEL ENTERPEISE THIMPHUBHUTAN",,"25","0","0","+975 17 63 92 70",,,,,,,"-",,,"0","0","0","4","0","0000-00-00 00:00:00"
"1820","1",,"CORIANDER SEEDS GLOBAL DATA","IMPORTER","HOUSE OF SPICES INDIA INC","3000 Marcus Avenue, Suite 2W10, Lake Success, NY 11042","231","0","0","+1(718) 507-4600",,"info@hosindia.com",,,,,"-",,,"0","0","0","4","0","0000-00-00 00:00:00"
"1821","1",,"CORIANDER SEEDS GLOBAL DATA","IMPORTER","NOTIFY RAJA FOODS HOUSTON LLC","3811 Eastex Fwy, Houston, TX 77026, USA","231","0","0","+1(713) 266-9293",,"info@rajafoods.com",,,,,"-",,,"0","0","0","4","0","0000-00-00 00:00:00"
"1822","1",,"CORIANDER SEEDS GLOBAL DATA","IMPORTER","Donmaco Comercio Geral E Prestacao De Servicos Su Lda",,"6","0","0",,,,,,,,"-",,,"0","0","0","4","0","0000-00-00 00:00:00"
"1823","1",,"CORIANDER SEEDS GLOBAL DATA","IMPORTER","FRUITICANA PRODUCE LTD","7676 129a St, Surrey, BC V3W 4H7, Canada","38","0","0","+16045020005",,"info@fruiticana.com","https://www.fruiticana.com/",,,,"-",,,"0","0","0","4","0","0000-00-00 00:00:00"
"1824","1",,"CORIANDER SEEDS GLOBAL DATA","IMPORTER","JRD DISTRIBUTION LLC","115 Edward Booth Lane, Durham, NC 27713, USA","231","0","0","+1(704) 614-1823",,"info@crunchyseed.com",,,,,"-",,,"0","0","0","4","0","0000-00-00 00:00:00"
"1825","1",,"CORIANDER SEEDS GLOBAL DATA","IMPORTER","Gujarat Foods and Spices Inc","2299 Drew Rd Unit 8-9, Mississauga, ON L5S 1A3, Canada","38","0","0","+1 647-606-6842",,,,,,,"-",,,"0","0","0","4","0","0000-00-00 00:00:00"
"1826","1",,"CORIANDER SEEDS GLOBAL DATA","IMPORTER","SASYAVEDA LLC","1000 Westgate Dr Suite 117A, St Paul, MN 55114, United States","231","0","0","+16123143876",,,,,,,"-",,,"0","0","0","4","0","0000-00-00 00:00:00"
"1827","1",,"CORIANDER SEEDS GLOBAL DATA","IMPORTER","NEHA FOOD PROCESSING LTD","55, Dadeban Rd Ext, North Industrial Area, Accra, Ghana","83","0","0","+233555553928",,,,,,,"-",,,"0","0","0","4","0","0000-00-00 00:00:00"
"1828","1",,"CORIANDER SEEDS GLOBAL DATA","IMPORTER","PATSHA FOODS AUSTRALIA","Suite 2, Level 22/66 Goulburn St, Sydney NSW 2000, Australia","13","0","0","+61298977383",,"info@pataza.com.au","http://www.aussiefoodexport.com/",,,,"-",,,"0","0","0","4","0","0000-00-00 00:00:00"
"1829","1",,"CORIANDER SEEDS GLOBAL DATA","IMPORTER","MS Indalz","#1101, Frisco, TX 75034, USA","231","0","0",,,,,,,,"-",,,"0","0","0","4","0","0000-00-00 00:00:00"
"1830","1",,"CORIANDER SEEDS GLOBAL DATA","IMPORTER","Kkeshav International Ltd","197A Ilam Road, Ilam, Christchurch 8041","157","0","0","+64 3 372 3434",,,,,,,"-",,,"0","0","0","4","0","0000-00-00 00:00:00"
"1831","1",,"CORIANDER SEEDS GLOBAL DATA","IMPORTER","INDIA HOUSE CATERING LLC","725 W Golf Rd, Hoffman Estates, IL 60169, USA","231","0","0","+1(847) 519-0445",,,,,,,"-",,,"0","0","0","4","0","0000-00-00 00:00:00"
"1832","1",,"CORIANDER SEEDS GLOBAL DATA","IMPORTER","EASY HOME INFRASTRUCTURES LLC","3455 Peachtree Rd NE, Atlanta, GA 30326, United States","81","0","0",,,,,,,,"-",,,"0","0","0","4","0","0000-00-00 00:00:00"
"1833","1",,"CORIANDER SEEDS GLOBAL DATA","IMPORTER","8 ELEWAN EXP THIMPHUBHUTAN","Thimphu Bhutan","25","0","0","+975 2 336 949",,"8elevenbhutan@gmail.com",,,,,"-",,,"0","0","0","4","0","0000-00-00 00:00:00"
"1834","1",,"CORIANDER SEEDS GLOBAL DATA","IMPORTER","SHAH DISTRIBUTORS INC","2325 W Charter Way, Stockton, CA 95206, USA","231","0","0","+1 (209) 941-8000",,,,,,,"-",,,"0","0","0","4","0","0000-00-00 00:00:00"
"1835","1",,"CORIANDER SEEDS GLOBAL DATA","IMPORTER","SPICY WORLD OF USA","12651 Stafford Rd, Stafford, TX 77477, USA","231","0","0","+1(713) 661-2972",,,,,,,"-",,,"0","0","0","4","0","0000-00-00 00:00:00"
"1836","1",,"CORIANDER SEEDS GLOBAL DATA","IMPORTER","FBA VAHDAM TEAS GLOBAL INC","440 N Barranca Ave #2812, Covina, CA 91723, USA","231","0","0","+91 22 489 72645",,"help@vahdam.com",,,,,"-",,,"0","0","0","4","0","0000-00-00 00:00:00"
"1837","1",,"CORIANDER SEEDS GLOBAL DATA","IMPORTER","DHAN 9 IMPORTS LLC","7 Jego Ct, Edison, NJ 08820, USA","231","0","0",,,,,,,,"-",,,"0","0","0","4","0","0000-00-00 00:00:00"
"1838","1",,"CORIANDER SEEDS GLOBAL DATA","IMPORTER","Datar Sons Ltd","Plot No. 66, Block No. 2, Sharjah Power Plant Road, Near Royal Furniture, Qatar","178","0","0","+971 6 743 5240",,,,,,,"-",,,"0","0","0","4","0","0000-00-00 00:00:00"
"1839","1",,"CORIANDER SEEDS GLOBAL DATA","IMPORTER","Zhongshan Indian Kitchen Spices Co","Guangdong Province Zhongshan City Nanlang Town Industrial Zone, Zhongshan, Guangdong, 528451, China","44","0","0",,,,,,,,"-",,,"0","0","0","4","0","0000-00-00 00:00:00"
"1840","1",,"CORIANDER SEEDS GLOBAL DATA","IMPORTER","A1 CASH CARRY","6400 Kennedy Rd, Mississauga, ON L5T 2Z5, Canada","38","0","0","+19056708884",,"ecommerce@a1cashandcarry.com","http://www.a1cashandcarry.com/",,,,"-",,,"0","0","0","4","0","0000-00-00 00:00:00"
"1841","1",,"CORIANDER SEEDS GLOBAL DATA","IMPORTER","Mark Ind Spices Ltd",,"75","0","0",,,,,,,,"-",,,"0","0","0","4","0","0000-00-00 00:00:00"
"1842","1",,"CORIANDER SEEDS GLOBAL DATA","IMPORTER","CHM FOODS PTY LTD","42 Whitfield Bvd, Cranbourne West VIC 3977, Australia","13","0","0","+61 411 570870",,,,,,,"-",,,"0","0","0","4","0","0000-00-00 00:00:00"
"1843","1",,"CORIANDER SEEDS GLOBAL DATA","IMPORTER","A F",,"231","0","0",,,,,,,,"-",,,"0","0","0","4","0","0000-00-00 00:00:00"
"1844","1",,"CORIANDER SEEDS GLOBAL DATA","IMPORTER","Om Trading Inc","9020 Sterling St, Irving, TX, 75063-2433, United States","231","0","0","+1(214) 233-3500",,"operations@omproduce.com",,,,,"-",,,"0","0","0","4","0","0000-00-00 00:00:00"
"1845","1",,"CORIANDER SEEDS GLOBAL DATA","IMPORTER","Diaspora Co","1018 East 17th Street, Oakland, California, United States","231","0","0","+1 510 221 4090",,"info@diasporaco.com",,,,,"-",,,"0","0","0","4","0","0000-00-00 00:00:00"
"1846","1",,"CORIANDER SEEDS GLOBAL DATA","IMPORTER","SUPREME IMPEX LLC","12929 DAISY ASHFORD, RD STE 120, SUGAR LAND, TX 77478 US","231","0","0",,,,"https://www.supreme-impex.com",,,,"-",,,"0","0","0","4","0","0000-00-00 00:00:00"
"1847","1",,"CORIANDER SEEDS GLOBAL DATA","IMPORTER","ATMIYA OCEAN LIMITED","19 Exler Place, Avondale, Auckland, 0600, New Zealand","157","0","0","+64 22 309 2239",,,,,,,"-",,,"0","0","0","4","0","0000-00-00 00:00:00"
"1848","1",,"CORIANDER SEEDS GLOBAL DATA","IMPORTER","NOSHWEALTH FOODS INC","1505 Sunny Slope Rd, Bridgewater, NJ 08807, United States","231","0","0","+1(908) 745-9094",,,,,,,"-",,,"0","0","0","4","0","0000-00-00 00:00:00"
"1849","1",,"CORIANDER SEEDS GLOBAL DATA","IMPORTER","D F M",,"231","0","0",,,,,,,,"-",,,"0","0","0","4","0","0000-00-00 00:00:00"
"1850","1",,"CORIANDER SEEDS GLOBAL DATA","IMPORTER","HAZI STORE OPP NABIL BANK NEW ROAD POKHARA",,"153","0","0",,,,,,,,"-",,,"0","0","0","4","0","0000-00-00 00:00:00"
"1851","1",,"CORIANDER SEEDS GLOBAL DATA","IMPORTER","The Reluctant Trading","1437 Sunnyside Ave, Highland Park, IL 60035, USA","231","0","0","+1(847) 831-8825",,,,,,,"-",,,"0","0","0","4","0","0000-00-00 00:00:00"
"1852","1",,"CORIANDER SEEDS GLOBAL DATA","IMPORTER","DESERT ROSE GENERAL TRADING","Salman Dabouss Complex, Al Bank Al Tojary Street, Safat, Kuwait - 13051","117","0","0","+965 4767250",,,,,,,"-",,,"0","0","0","4","0","0000-00-00 00:00:00"
"1853","1",,"CORIANDER SEEDS GLOBAL DATA","IMPORTER","K A PURCHASE MANAGER SPICY ORGANIC LLC","104 Business Park Way Suite 4, McKinney, TX 75071, USA","231","0","0","+1(866) 256-6772",,"info@spicyorganic.com",,,,,"-",,,"0","0","0","4","0","0000-00-00 00:00:00"
"1854","1",,"CORIANDER SEEDS GLOBAL DATA","IMPORTER","Delight Foods Sabzi Mandi Cash And Carry","900 Middlefield Rd, Scarborough, ON M1V 4X1, Canada","38","0","0","+14167540033",,,,,,,"-",,,"0","0","0","4","0","0000-00-00 00:00:00"
"1855","1",,"CORIANDER SEEDS GLOBAL DATA","IMPORTER","NMB Bank Ltd","NMB Bhawan, Akhtiyaar Marga, Kathmandu, Nepal","153","0","0","+977-1-5970150, +977-1-5346160",,"call@nmb.com.np",,,,,"-",,,"0","0","0","4","0","0000-00-00 00:00:00"
"1856","1",,"CORIANDER SEEDS GLOBAL DATA","IMPORTER","PRAYOSHA SPICES INC","13012 Moore Street, Unit # B, Cerritos, CA 90703, USA","231","0","0","+1(714) 874-3938",,"info@prayoshaspices.com",,,,,"-",,,"0","0","0","4","0","0000-00-00 00:00:00"
"1857","1",,"CORIANDER SEEDS GLOBAL DATA","IMPORTER","KENSA MALDIVES PVT LTD","Nirolhu Magu, Mal? 20089, Maldives","133","0","0","+960 761-3870",,,,,,,"-",,,"0","0","0","4","0","0000-00-00 00:00:00"
"1858","1",,"CORIANDER SEEDS GLOBAL DATA","IMPORTER","SUNCROP FOODS LLC","8701 Torresdale Ave, Unit G, Philadelphia, PA 19136, USA","231","0","0","+1 267-968-2012",,"info@suncropfoods.com",,,,,"-",,,"0","0","0","4","0","0000-00-00 00:00:00"
"1859","1",,"CORIANDER SEEDS GLOBAL DATA","IMPORTER","HUA LOUNG HENG SDN BHD","2, Jalan Bunga Raya Merah 2, Jalan Raja Uda, Light Industrial Park, 12300 Butterworth, Pulau Pinang, Malaysia","132","0","0","+6043317197","+64-332 9600","-","-","KOAY","-","+60124456300","--",,,"0","0","0","4","0","0000-00-00 00:00:00"
"1860","1",,"CORIANDER SEEDS GLOBAL DATA","IMPORTER","Prime Commercial Bank Ltd","Kamalpokhari, Kathmandu, Nepal","153","0","0","+977 01-4523254, 01-4523432/3, 01-4523436",,"info@pcbl.com.np",,,,,"-",,,"0","0","0","4","0","0000-00-00 00:00:00"
"1861","1",,"CORIANDER SEEDS GLOBAL DATA","IMPORTER","HAAMA MALE REP OF MALDIVESREGN",,"133","0","0","+9603333766",,,,,,,"-",,,"0","0","0","4","0","0000-00-00 00:00:00"
"1862","1",,"CORIANDER SEEDS GLOBAL DATA","IMPORTER","Thulasi Exim International","Unit 15/24 Garling Rd, Kings Park NSW 2148, Australia","13","0","0","+61298634506",,"Info@thulasiexim.com","http://www.thulasiexim.com/",,,,"-",,,"0","0","0","4","0","0000-00-00 00:00:00"
"1863","1",,"CORIANDER SEEDS GLOBAL DATA","IMPORTER","GOLD COAST DISTRIBUTORS","2325 W Charter Way, Stockton, CA 95206, USA","231","0","0","+1(209) 941-8000",,"orders@goldcoastbklyn.com",,,,,"-",,,"0","0","0","4","0","0000-00-00 00:00:00"
"1864","1",,"CORIANDER SEEDS GLOBAL DATA","IMPORTER","ASPIRE TRADING CANADA LTD","498 Markland St #1, Markham, ON L6C 1Z6, Canada","38","0","0","+14164668100",,"info@aspiregroupltd.com","http://www.aspiregroupltd.com/",,,,"-",,,"0","0","0","4","0","0000-00-00 00:00:00"
"1865","1",,"CORIANDER SEEDS GLOBAL DATA","IMPORTER","Babapashupati Nath Enterprises","R7J2+6GF, Mahendra Hwy, Mirchaiya 56500, Nepal","153","0","0","+9779814758585",,,,,,,"-",,,"0","0","0","4","0","0000-00-00 00:00:00"
"1866","1",,"CORIANDER SEEDS GLOBAL DATA","IMPORTER","ZEE TRADERS INC",,"231","0","0","+92 336 449 407",,"info@zee-traders.com",,,,,"-",,,"0","0","0","4","0","0000-00-00 00:00:00"
"1867","1",,"CORIANDER SEEDS GLOBAL DATA","IMPORTER","Milpro Ltd","Plot No. 209/346/15 Ramesh Gautama Road, Nairobi, Kenya","113","0","0","+254 20 3742779",,,,,,,"-",,,"0","0","0","4","0","0000-00-00 00:00:00"
"1868","1",,"CORIANDER SEEDS GLOBAL DATA","IMPORTER","VAHDAM TEAS GLOBAL INC","340 S Lemon Ave #2812, Walnut, CA 91789, United States","231","0","0","+12248972645",,,,,,,"-",,,"0","0","0","4","0","0000-00-00 00:00:00"
"1869","1",,"CORIANDER SEEDS GLOBAL DATA","IMPORTER","AL ANSARI PARTNERS TRADING CO","Nabat al Usayl, Qatar","178","0","0","+97444604532",,,"https://www.aapqatar.com/",,,,"-",,,"0","0","0","4","0","0000-00-00 00:00:00"
"1870","1",,"CORIANDER SEEDS GLOBAL DATA","IMPORTER","BAINS WHOLESALE FOODS LTD","15428 64 Ave, Surrey, BC V3S 1Y1, Canada","38","0","0","+1 (604) 833-3388",,,,,,,"-",,,"0","0","0","4","0","0000-00-00 00:00:00"
"1871","1",,"CORIANDER SEEDS GLOBAL DATA","IMPORTER","MODERN STORE M SDN BHD","68, Jalan Thamby Abdullah, Brickfields, 50470 Kuala Lumpur, Malaysia","132","0","0","+603-2274 1583","-","care@modernstore.com.my","-","-","-","-","--",,,"0","0","0","4","0","0000-00-00 00:00:00"
"1872","1",,"CORIANDER SEEDS GLOBAL DATA","IMPORTER","ARPAN IMPORT LLC","6500 Lee Hwy, Chattanooga, TN 37421-5083, United States","231","0","0",,,,,,,,"-",,,"0","0","0","4","0","0000-00-00 00:00:00"
"1873","1",,"CORIANDER SEEDS GLOBAL DATA","IMPORTER","UOB 80 RAFFLES PLACE UOB PLAZA","No. 80 Raffles Place, UOB Plaza 1, Singapore 048624","173","0","0","+65 6222 2121",,,,,,,"-",,,"0","0","0","4","0","0000-00-00 00:00:00"
"1874","1",,"CORIANDER SEEDS GLOBAL DATA","IMPORTER","SIDDHABABA DARSHAN KHADYA STORES KRISHNA NAGARKAPILVASTU","PF98+PJM, H10, Butwal 32907, Nepal","153","0","0",,,,,,,,"-",,,"0","0","0","4","0","0000-00-00 00:00:00"
"1875","1",,"CORIANDER SEEDS GLOBAL DATA","IMPORTER","FAHMAN ENTERPRISES INC","10830 Sanden Dr, Dallas, TX 75238, USA","231","0","0","1(214) 503-6768","-","drnajeebkhan@yahoo.com","-","-","fahmanenterprises@gmail.com","-","-",,,"0","0","29","4","0","0000-00-00 00:00:00"
"1876","1",,"CORIANDER SEEDS GLOBAL DATA","IMPORTER","MR OBAID HABIB",,"13","0","0",,,,,,,,"-",,,"0","0","0","4","0","0000-00-00 00:00:00"
"1877","1",,"CORIANDER SEEDS GLOBAL DATA","IMPORTER","Shivom Enterprises Pty Ltd","8-10 Potter Close, Wetherill Park, New South Wales 2164, Australia","13","0","0","+612 8206 2797",,"info@saurbhi.com.au",,,,,"-",,,"0","0","0","4","0","0000-00-00 00:00:00"
"1878","1",,"CORIANDER SEEDS GLOBAL DATA","IMPORTER","AADYAA FOODS LLC","22725 Dulles Summit Court, Sterling, Virginia 20166, United States","231","0","0","+1(248) 252-8896",,,,,,,"-",,,"0","0","0","4","0","0000-00-00 00:00:00"
"1879","1",,"CORIANDER SEEDS GLOBAL DATA","IMPORTER","DIASPORA SPICES CO","1018 East 17th Street, Oakland, California, United States","231","0","0","+1 510 221 4090",,"info@diasporaco.com",,,,,"-",,,"0","0","0","4","0","0000-00-00 00:00:00"
"1880","1",,"CORIANDER SEEDS GLOBAL DATA","IMPORTER","Fast Way Logistics Agency Nig Ltd","Amuwo Odofin Estate, Lagos 102102, Lagos, Nigeria","160","0","0","+2348064527816",,,,,,,"-",,,"0","0","0","4","0","0000-00-00 00:00:00"
"1881","1",,"CORIANDER SEEDS GLOBAL DATA","IMPORTER","MANIBA LLC","6315 Saint Charles Pass, Swartz Creek, MI, 48473-7953, United States","231","0","0",,,,,,,,"-",,,"0","0","0","4","0","0000-00-00 00:00:00"
"1882","1",,"CORIANDER SEEDS GLOBAL DATA","IMPORTER","Dugar Spices and Food Product Pvt Ltd","H08, Biratnagar 56613, Nepal, Biratnagar, Eastern Development Region, Nepal","153","0","0","+977 985-2022174",,"brt@dugarspices.com",,,,,"-",,,"0","0","0","4","0","0000-00-00 00:00:00"
"1883","1",,"CORIANDER SEEDS GLOBAL DATA","IMPORTER","MEGA FOOD INTERNATIONAL INC","5 Louise Dr, Warminster, PA 18974, USA","231","0","0","+1(215) 464-6917",,"megafood09@gmail.com",,,,,"-",,,"0","0","0","4","0","0000-00-00 00:00:00"
"1884","1",,"CORIANDER SEEDS GLOBAL DATA","IMPORTER","Harmony Ambika House","3-19-2 Kuramae, Taito-ku, Tokyo 111-0051, Japan","109","0","0",,,,"https://www.ambikajapan.com/",,,,"-",,,"0","0","0","4","0","0000-00-00 00:00:00"
"1885","1",,"CORIANDER SEEDS GLOBAL DATA","IMPORTER","FARAH IMPEX LTD","Canada, 875 Progress Ave, Scarborough, ON M1H 2X6, Canada","38","0","0","+14163356113",,"info@farahimpex.com","http://www.farahimpex.com/",,,,"-",,,"0","0","0","4","0","0000-00-00 00:00:00"
"1886","1",,"CORIANDER SEEDS GLOBAL DATA","IMPORTER","SANITA USA INC","849 Newark Tpke Suite 104, Kearny, NJ 07032, USA","231","0","0",,,,,,,,"-",,,"0","0","0","4","0","0000-00-00 00:00:00"
"1887","1",,"CORIANDER SEEDS GLOBAL DATA","IMPORTER","Shubham Shree Trading","FF7M+CRQ, Rangeli 56600, Nepal","153","0","0","+97721580320",,,,,,,"-",,,"0","0","0","4","0","0000-00-00 00:00:00"
"1888","1",,"CORIANDER SEEDS GLOBAL DATA","IMPORTER","ASENJOH GOD DOES NOT SLEEP NIBANGEH",,"231","0","0",,,,,,,,"-",,,"0","0","0","4","0","0000-00-00 00:00:00"
"1889","1",,"CORIANDER SEEDS GLOBAL DATA","IMPORTER","ARI INDUSTRIES FZE","Plot 3 Muri Okunola Street, Victoria Island, Lagos, Nigeria","160","0","0",,,,,,,,"-",,,"0","0","0","4","0","0000-00-00 00:00:00"
"1890","1",,"CORIANDER SEEDS GLOBAL DATA","IMPORTER","SOMMYKAMMY NIG LTD","No, 1, Commercial Road, Apapanigerianigeria, Nige","160","0","0",,,,,,,,"-",,,"0","0","0","4","0","0000-00-00 00:00:00"
"1891","1",,"CORIANDER SEEDS GLOBAL DATA","IMPORTER","H U T Rexim","Goorsestraat 122, 7482 CL Haaksbergen, Overijssel, Netherlands","155","0","0","+31 74 242 4158",,"info@hutrexim.com",,,,,"-",,,"0","0","0","4","0","0000-00-00 00:00:00"
"1892","1",,"CORIANDER SEEDS GLOBAL DATA","IMPORTER","BAO TRAN",,"231","0","0",,,,,,,,"-",,,"0","0","0","4","0","0000-00-00 00:00:00"
"1893","1",,"CORIANDER SEEDS GLOBAL DATA","IMPORTER","TEB9 601 RANDOLPH ROAD SOMERSET NJ US",,"231","0","0",,,,,,,,"-",,,"0","0","0","4","0","0000-00-00 00:00:00"
"1894","1",,"CORIANDER SEEDS GLOBAL DATA","IMPORTER","R LLC",,"231","0","0",,,,,,,,"-",,,"0","0","0","4","0","0000-00-00 00:00:00"
"1895","1",,"CORIANDER SEEDS GLOBAL DATA","IMPORTER","SHIPPER USA",,"231","0","0",,,,,,,,"-",,,"0","0","0","4","0","0000-00-00 00:00:00"
"1896","1",,"CORIANDER SEEDS GLOBAL DATA","IMPORTER","SHRI SURABHI INTERNATIONAL","Thulo Bhareng Sadak, Nagarjun 44600, Nepal","153","0","0","+97715153325",,,,,,,"-",,,"0","0","0","4","0","0000-00-00 00:00:00"
"1897","1",,"CORIANDER SEEDS GLOBAL DATA","IMPORTER","Guruji Foods Inc","104-7843 128 St, Surrey, BC V3V 2C7, Canada","38","0","0","+16045036704",,"info@gurujifoods.com","http://www.gurujifoods.com/",,,,"-",,,"0","0","0","4","0","0000-00-00 00:00:00"
"1898","1",,"CORIANDER SEEDS GLOBAL DATA","IMPORTER","Centra Exports LLP",,"82","0","0",,,,,,,,"-",,,"0","0","0","4","0","0000-00-00 00:00:00"
"1899","1",,"CORIANDER SEEDS GLOBAL DATA","IMPORTER","SPICE HUB OF INDIA INC","395 Anchor Rd Unit 1, Hamilton, ON L8W 3R6, Canada","38","0","0","+19053181800",,,"https://www.spicehubofindia.com/",,,,"-",,,"0","0","0","4","0","0000-00-00 00:00:00"
"1900","1",,"CORIANDER SEEDS GLOBAL DATA","IMPORTER","MAA LAXMI TRADERS","Guchha Tole, Kathmandu, Nepal","153","0","0","+977-4225509",,,,,,,"-",,,"0","0","0","4","0","0000-00-00 00:00:00"
"1901","1",,"CORIANDER SEEDS GLOBAL DATA","IMPORTER","Spice Flavours Ltd","central market, Shop n?5, Entrance to beef sections, MU, John Kennedy street, Port Louis 11402, Mauritius","140","0","0","+23052863922",,,,,,,"-",,,"0","0","0","4","0","0000-00-00 00:00:00"
"1902","1",,"CORIANDER SEEDS GLOBAL DATA","IMPORTER","Groceria Ltd","101 Point View Drive, East Tamaki Heights, Auckland, 2016, New Zealand","157","0","0",,,,,,,,"-",,,"0","0","0","4","0","0000-00-00 00:00:00"
"1903","1",,"CORIANDER SEEDS GLOBAL DATA","IMPORTER","Premier International Distributor","57 Queens Road, Panmure, Auckland, 1072, New Zealand","157","0","0","+64 21 2803387",,"premier_int_dist@yahoo.com",,,,,"-",,,"0","0","0","4","0","0000-00-00 00:00:00"
"1904","1",,"CORIANDER SEEDS GLOBAL DATA","IMPORTER","DELIGHT FOODS USA","438 St. Paul's Avenue, Jersey City, NJ 07306, USA","231","0","0",,,"info@dailydelight.com",,,,,"-",,,"0","0","0","4","0","0000-00-00 00:00:00"
"1905","1",,"CORIANDER SEEDS GLOBAL DATA","IMPORTER","J J Exim Pvt Ltd","Birgunj 44300, Nepal, Central Development Region, Birgunj, Aadarsh Nagar","153","0","0","+977 980-7288844",,,,,,,"-",,,"0","0","0","4","0","0000-00-00 00:00:00"
"1906","1",,"CORIANDER SEEDS GLOBAL DATA","IMPORTER","PAX SPICES LABS INC","550 N Rimsdale Ave, Covina, CA, 91722-3507, USA","231","0","0","+1(626) 967-7800",,,,,,,"-",,,"0","0","0","4","0","0000-00-00 00:00:00"
"1907","1",,"CORIANDER SEEDS GLOBAL DATA","IMPORTER","Jaiprakash Associates Ltd","3rd Mile, Sevoke Rd, behind Bazla Motor, Ward 42, Salugara, Siliguri, West Bengal 734004","25","0","0",,,,,,,,"-",,,"0","0","0","4","0","0000-00-00 00:00:00"
"1908","1",,"CORIANDER SEEDS GLOBAL DATA","IMPORTER","Majan Distribution Co LLC","Al Maardih St, Muscat, Oman","165","0","0","+968 24 501137",,,,,,,"-",,,"0","0","0","4","0","0000-00-00 00:00:00"
"1909","1",,"CORIANDER SEEDS GLOBAL DATA","IMPORTER","DATTANI FOODS LTD","3651 21 St NE, Calgary, AB T2E 6T5, Canada","38","0","0","+14032508980",,,"http://dattaniwholesalers.com/",,,,"-",,,"0","0","0","4","0","0000-00-00 00:00:00"
"1910","1",,"CORIANDER SEEDS GLOBAL DATA","IMPORTER","GRACE SUPPLY INC","13740 Pike Rd, Missouri City, TX 77489, USA","231","0","0","+1 (281) 261-9933",,"info@gracesupply.com",,,,,"-",,,"0","0","0","4","0","0000-00-00 00:00:00"
"1911","1",,"CORIANDER SEEDS GLOBAL DATA","IMPORTER","OTHER",,"113","0","0",,,,,,,,"-",,,"0","0","0","4","0","0000-00-00 00:00:00"
"1912","1",,"CORIANDER SEEDS GLOBAL DATA","IMPORTER","LULU HYPERMARKET TRADING","D Ring Road, Doha, Qata","178","0","0","+97444667780",,,"https://www.luluhypermarket.com/en-qa/",,,,"-",,,"0","0","0","4","0","0000-00-00 00:00:00"
"1913","1",,"CORIANDER SEEDS GLOBAL DATA","IMPORTER","SUPER ASIA FOODS SPICES LTD","8905 Hwy 50 Unit 7, Vaughan, ON L4H 5A1, Canada","38","0","0","+14167465550",,"hello@superasia.ca","http://www.superasia.ca/",,,,"-",,,"0","0","0","4","0","0000-00-00 00:00:00"
"1914","1",,"CORIANDER SEEDS GLOBAL DATA","IMPORTER","FAHIM TRADERS","Nepalgunj 21900, Nepal","153","0","0","+977 988-0647263",,,,,,,"-",,,"0","0","0","4","0","0000-00-00 00:00:00"
"1915","1",,"CORIANDER SEEDS GLOBAL DATA","IMPORTER","NITESH FOOD PRODUCTS PVT LTD","Birgunj 44300, Nepal, Central Development Region, Birgunj, Adarsh Nagar","153","0","0","+977 985-5027072",,,,,,,"-",,,"0","0","0","4","0","0000-00-00 00:00:00"
"1916","1",,"CORIANDER SEEDS GLOBAL DATA","IMPORTER","BEST FOODS INCORPORATED","30 Saw Mill Pond Rd, Edison, NJ 08817, USA","231","0","0","+1 (732) 650-1300",,"inquiries@bestfoodsinc.biz",,,,,"-",,,"0","0","0","4","0","0000-00-00 00:00:00"
"1917","1",,"CORIANDER SEEDS GLOBAL DATA","IMPORTER","AMBE INTERNATIONAL LLC","185 Industrial Pkwy Ste D, Branchburg, NJ 08876-3484, USA","231","0","0",,,,,,,,"-",,,"0","0","0","4","0","0000-00-00 00:00:00"
"1918","1",,"CORIANDER SEEDS GLOBAL DATA","IMPORTER","SAI NAKSHATRA INVESTMENTS INC","6040 Dougherty Rd, Dublin, CA 94568, USA","231","0","0","+1(925) 829-9950",,,,,,,"-",,,"0","0","0","4","0","0000-00-00 00:00:00"
"1919","1",,"CORIANDER SEEDS GLOBAL DATA","IMPORTER","DEEP CANADA INC","6485 Airport Rd, Mississauga, ON L4V 1E4, Canada","38","0","0","+19056949550",,,"https://www.deepfoods.com/distributor-list/",,,,"-",,,"0","0","0","4","0","0000-00-00 00:00:00"
"1920","1",,"CORIANDER SEEDS GLOBAL DATA","IMPORTER","AFCONS INFRASTRUCTURE LTD",,"133","0","0","+960 773-4000",,,,,,,"-",,,"0","0","0","4","0","0000-00-00 00:00:00"
"1921","1",,"CORIANDER SEEDS GLOBAL DATA","IMPORTER","PREMIUM FOODS PTY LTD","128 Gilba Rd, Girraween, New South Wales 2145, Australia","13","0","0","+61 (02) 9748 1111",,"info@radheonline.com.au",,,,,"-",,,"0","0","0","4","0","0000-00-00 00:00:00"
"1922","1",,"CORIANDER SEEDS GLOBAL DATA","IMPORTER","PTC USA",,"231","0","0",,,,,,,,"-",,,"0","0","0","4","0","0000-00-00 00:00:00"
"1923","1",,"CORIANDER SEEDS GLOBAL DATA","IMPORTER","HOUSE OF INDIA WHOLE SALE INC","2050 N Stemmons Fwy #7953, Dallas, TX 75207, USA","231","0","0","+1(214) 741-6133 or Toll-Free: 1 (800) 527-7139",,"orders@houseofindia.com",,,,,"-",,,"0","0","0","4","0","0000-00-00 00:00:00"
"1924","1",,"CORIANDER SEEDS GLOBAL DATA","IMPORTER","DELIGHT FOODS ETHNIC LTD","Rock House Baldonnell, Co. Dublin, D22A7X2, Ireland","105","0","0","+353 85 879 4535",,"delight.ir@dailydelight.com",,,,,"-",,,"0","0","0","4","0","0000-00-00 00:00:00"
"1925","1",,"CORIANDER SEEDS GLOBAL DATA","IMPORTER","SZERMAN INC","2900 E State Street EXT Ste D, Trenton, NJ 08619-4504, USA","231","0","0","+(732) 342-7242",,,,,,,"-",,,"0","0","0","4","0","0000-00-00 00:00:00"
"1926","1",,"CORIANDER SEEDS GLOBAL DATA","IMPORTER","EXOTIC INTERNATIONAL FOODS PACKAG","11331 Coppersmith Way #110, Richmond, BC V7A 5J9, Canada","38","0","0","+16044475228",,,"http://www.exoticfoods.ca/contact-us.html",,,,"-",,,"0","0","0","4","0","0000-00-00 00:00:00"
"1927","1",,"CORIANDER SEEDS GLOBAL DATA","IMPORTER","RIVERHEIGHTS TRADING INC","3373 Charmaine Hts, Mississauga, Ontario, L5A 3C2, Canada","38","0","0","+1(416) 300-0848",,,,,,,"-",,,"0","0","0","4","0","0000-00-00 00:00:00"
"1928","1",,"CORIANDER SEEDS GLOBAL DATA","IMPORTER","THE SUPER TEA AND FOOD PRODUCTS PVT LTD","48 Brinsley Road, Camberwell, Victoria 3124, Australia","13","0","0","+61 (03) 9888 3333",,"info@thesuperteaandfoodproducts.com.au",,,,,"-",,,"0","0","0","4","0","0000-00-00 00:00:00"
"1929","1",,"CORIANDER SEEDS GLOBAL DATA","IMPORTER","RESMI INTERNATIONAL","22 Acheson Place, Coburg North, Victoria 3058, Australia","13","0","0","+61 (0) 449 044 901",,,,,,,"-",,,"0","0","0","4","0","0000-00-00 00:00:00"
"1930","1",,"CORIANDER SEEDS GLOBAL DATA","IMPORTER","K D L KAMPALA",,"113","0","0",,,,,,,,"-",,,"0","0","0","4","0","0000-00-00 00:00:00"
"1931","1",,"CORIANDER SEEDS GLOBAL DATA","IMPORTER","PATIDAR TRADE INC","128 Durham Ave, South Plainfield, NJ 07080-2528, USA","231","0","0","+1(908) 222-0190",,,,,,,"-",,,"0","0","0","4","0","0000-00-00 00:00:00"
"1932","1",,"CORIANDER SEEDS GLOBAL DATA","IMPORTER","Gurudev Imports Inc","90 Stults Rd, Dayton, NJ 08810, USA","231","0","0","+1(732) 649-8023",,"info@gurudevimports.com",,,,,"-",,,"0","0","0","4","0","0000-00-00 00:00:00"
"1933","1",,"CORIANDER SEEDS GLOBAL DATA","IMPORTER","PONDICHERRY DRY GOODS","832 S Muirfield Rd, Los Angeles, CA, 90005, United States","231","0","0","+1(323) 965-1248",,"hello@pondicherrydrygoods.com",,,,,"-",,,"0","0","0","4","0","0000-00-00 00:00:00"
"1934","1",,"CORIANDER SEEDS GLOBAL DATA","IMPORTER","SWADESI IMPORTS INC","5401 Gordon Rd, Regina, Saskatchewan, S4W 0K6, Canada","38","0","0","+1(306) 581-5291",,,,,,,"-",,,"0","0","0","4","0","0000-00-00 00:00:00"
"1935","1",,"CORIANDER SEEDS GLOBAL DATA","IMPORTER","Westpac International Banking Corp","Level 1, Westpac on Takutai Square, 16 Takutai Square, Auckland, 1010, New Zealand","157","0","0","+64 9 912 8000",,,,,,,"-",,,"0","0","0","4","0","0000-00-00 00:00:00"
"1936","1",,"CORIANDER SEEDS GLOBAL DATA","IMPORTER","ISMARKET 14625 NE",,"231","0","0",,,,,,,,"-",,,"0","0","0","4","0","0000-00-00 00:00:00"
"1937","1",,"CORIANDER SEEDS GLOBAL DATA","IMPORTER","GREEN SHINE LLC","30 N Gould St, Sheridan, WY, 82801-6317, United States","231","0","0","+1 305-852-7262",,"info@gogreenshine.com",,,,,"-",,,"0","0","0","4","0","0000-00-00 00:00:00"
"1938","1",,"CORIANDER SEEDS GLOBAL DATA","IMPORTER","PTC",,"231","0","0",,,,,,,,"-",,,"0","0","0","4","0","0000-00-00 00:00:00"
"1939","1",,"CORIANDER SEEDS GLOBAL DATA","IMPORTER","G I",,"231","0","0",,,,,,,,"-",,,"0","0","0","4","0","0000-00-00 00:00:00"
"1940","1",,"CORIANDER SEEDS GLOBAL DATA","IMPORTER","Standard Chartered Bank","32nd Floor, 4-4A Des Voeux Road, Central, Hong Kong","98","0","0","+852 2886-8888 (General Enquiries), +852 2886-4111",,,,,,,"-",,,"0","0","0","4","0","0000-00-00 00:00:00"
"1941","1",,"CORIANDER SEEDS GLOBAL DATA","IMPORTER","GOKUL CORPORATION","587 E Elder St Ste C, Fallbrook, CA, 92028, United States","231","0","0","+1(760) 645-3021",,,,,,,"-",,,"0","0","0","4","0","0000-00-00 00:00:00"
"1942","1",,"CORIANDER SEEDS GLOBAL DATA","IMPORTER","NUTRIFRESH WEST LTD","10450 50 St SE UNIT #124, Calgary, AB T2C 5P8, Canada","38","0","0","+14032054816",,,"http://nutrifreshfoods.ca/",,,,"-",,,"0","0","0","4","0","0000-00-00 00:00:00"
"1943","1",,"CORIANDER SEEDS GLOBAL DATA","IMPORTER","BHARAT FOODS PTY LTD","9 Hamersley Drive, Clyde North, Victoria 3978, Australia","13","0","0","+61 (0) 410 700 900",,,,,,,"-",,,"0","0","0","4","0","0000-00-00 00:00:00"
"1944","1",,"CORIANDER SEEDS GLOBAL DATA","IMPORTER","Asian Group SARL",,"92","0","0",,,,,,,,"-",,,"0","0","0","4","0","0000-00-00 00:00:00"
"1945","1",,"CORIANDER SEEDS GLOBAL DATA","IMPORTER","THEEMAR TRADING","service king road, Al Zahra, Jeddah 23522, Saudi Arabia","191","0","0","+966126901117",,,,,,,"-",,,"0","0","0","4","0","0000-00-00 00:00:00"
"1946","1",,"CORIANDER SEEDS GLOBAL DATA","IMPORTER","DELIGHT FOODS SABZI MANDI CASH CARRY","515 Ray Lawson Blvd, Brampton, Ontario, L6Y 3T5, Canada","38","0","0","+1(905) 450-3400",,"aman@sabzimandicanada.com",,,,,"-",,,"0","0","0","4","0","0000-00-00 00:00:00"
"1947","1",,"CORIANDER SEEDS GLOBAL DATA","IMPORTER","Z NA",,"133","0","0",,,,,,,,"-",,,"0","0","0","4","0","0000-00-00 00:00:00"
"1948","1",,"CORIANDER SEEDS GLOBAL DATA","IMPORTER","JIMIDAR IMPORTS INC","6337 126 St, Surrey, British Columbia, V3X 1V1, Canada","38","0","0",,,,,,,,"-",,,"0","0","0","4","0","0000-00-00 00:00:00"
"1949","1",,"CORIANDER SEEDS GLOBAL DATA","IMPORTER","COMERICA BANK","1717 Main Street, Dallas, TX, 75201, United States","231","0","0","+1 (800) 266-3742",,,,,,,"-",,,"0","0","0","4","0","0000-00-00 00:00:00"
"1950","1",,"CORIANDER SEEDS GLOBAL DATA","IMPORTER","MAROM MOSHE LTD","11 Topaz Path, Holon, Tel Aviv, 5867855, Israel","106","0","0","+972 54 250 7799","-","moshe@marommosheltd.com","-","-","moshe@marommosheltd.com","-","-",,,"0","0","33","4","0","0000-00-00 00:00:00"
"1951","1",,"CORIANDER SEEDS GLOBAL DATA","IMPORTER","M D DISTRIBUTION INC","4240 E Des Moines St, Mesa, AZ, 85205-6210, United States","231","0","0","+1 (418) 925-8024",,"info@mdirectdistribution.com",,,,,"-",,,"0","0","0","4","0","0000-00-00 00:00:00"
"1952","1",,"CORIANDER SEEDS GLOBAL DATA","IMPORTER","92127166 QUEBEC INC","2405 Rue de Celles, Qu?bec, QC G2C 1K7, Canada","38","0","0","+14188451061",,,,,,,"-",,,"0","0","0","4","0","0000-00-00 00:00:00"
"1953","1",,"CORIANDER SEEDS GLOBAL DATA","IMPORTER","ACME INTERNATIONAL INC","3265 Saturn Court, Peachtree Corners, GA 30092, USA","231","0","0","+1 (770) 619-2263",,"info@acmeintlusa.com",,,,,"-",,,"0","0","0","4","0","0000-00-00 00:00:00"
"1954","1",,"CORIANDER SEEDS GLOBAL DATA","IMPORTER","Aeksha Foods Wholesale GmbH",,"155","0","0",,,,,,,,"-",,,"0","0","0","4","0","0000-00-00 00:00:00"
"1955","1",,"CORIANDER SEEDS GLOBAL DATA","IMPORTER","SAFE FOOD WORKS LTD","3/3 Ryan Place, Manukau, Auckland, 2025","157","0","0","+64 9 622 2286",,"ashokpj@hotmail.com",,,,,"-",,,"0","0","0","4","0","0000-00-00 00:00:00"
"1956","1",,"CORIANDER SEEDS GLOBAL DATA","IMPORTER","PRIME MILLERS LLC","2234 FM 1092 Rd, Missouri City, TX 77459-1802, United States","231","0","0",,,,,,,,"-",,,"0","0","0","4","0","0000-00-00 00:00:00"
"1957","1",,"CORIANDER SEEDS GLOBAL DATA","IMPORTER","M SALIF SEED FRAM","Dhaka - Khulna Hwy, Jessore 7400, Bangladesh","18","0","0","+8801712087445",,,,,,,"-",,,"0","0","0","4","0","0000-00-00 00:00:00"
"1958","1",,"CORIANDER SEEDS GLOBAL DATA","IMPORTER","MS Anamul Store","Sonkhula, Ghatail, Tangail, Bangladesh","18","0","0","+880 19-40-782295",,,,,,,"-",,,"0","0","0","4","0","0000-00-00 00:00:00"
"1959","1",,"CORIANDER SEEDS GLOBAL DATA","IMPORTER","M S NAZRUL AND SONS","10th Floor, Dhaka, Dhaka 1100, Bangladesh","18","0","0","+880 2-9552010",,,,,,,"-",,,"0","0","0","4","0","0000-00-00 00:00:00"
"1960","1",,"CORIANDER SEEDS GLOBAL DATA","IMPORTER","HIMU SEED COMPANY",,"18","0","0",,,,,,,,"-",,,"0","0","0","4","0","0000-00-00 00:00:00"
"1961","1",,"CORIANDER SEEDS GLOBAL DATA","IMPORTER","TOMA SEED COMPANY","Savar nama Bazar near bridge, Savar 1340, Bangladesh","18","0","0","+8801893456335",,,,,,,"-",,,"0","0","0","4","0","0000-00-00 00:00:00"
"1962","1",,"CORIANDER SEEDS GLOBAL DATA","IMPORTER","TRIMURTI INDUSTRIES PVT LTD","Butwal Municipality 12, Rupandehi, Lumbini, Nepal","153","0","0","+977 1-4167518 / +977 1-4167538",,,,,,,"-",,,"0","0","0","4","0","0000-00-00 00:00:00"
"1963","1",,"CORIANDER SEEDS GLOBAL DATA","IMPORTER","REHAN SPICE CORPORATION","1308 Santa Anita Ave Ste A, South El Monte, CA, 91733, United States","231","0","0","+1 (626) 443-6232",,"rehanspice@gmail.com",,,,,"-",,,"0","0","0","4","0","0000-00-00 00:00:00"
"1964","1",,"CORIANDER SEEDS GLOBAL DATA","IMPORTER","MS FOUR LAND DISTRIBUTORS","190-8138 128 St, Surrey, British Columbia, V3W 1R1, Canada","38","0","0",,,,,,,,"-",,,"0","0","0","4","0","0000-00-00 00:00:00"
"1965","1",,"CORIANDER SEEDS GLOBAL DATA","IMPORTER","MIM AGRO TRADERS","West Sarulia, South Tangra Road, Sarulia Bazar, P.Code-1361, Demra, Dhaka, Bangladesh","18","0","0","+88-1914418589",,,,,,,"-",,,"0","0","0","4","0","0000-00-00 00:00:00"
"1966","1",,"CORIANDER SEEDS GLOBAL DATA","IMPORTER","CAPTAIN COOK M SDN BHD","1st Floor, No. 1310, Jalan Baru Taman Chai Leng, Perai, Pulau Pinang 13700, Malaysia","132","0","0","+60 4 332 9600","-","-","-","-","-","-","--",,,"0","0","29","4","0","0000-00-00 00:00:00"
"1967","1",,"CORIANDER SEEDS GLOBAL DATA","IMPORTER","SCHIFF FOOD PRODUCTS INC","994 Riverview Dr, Totowa, NJ, 07512, United States","231","0","0","+1 (973) 237-1990",,"sales@schifffood.com",,,,,"-",,,"0","0","0","4","0","0000-00-00 00:00:00"
"1968","1",,"CORIANDER SEEDS GLOBAL DATA","IMPORTER","BIKASH MASALA UDHYOG","Dharambandh Road, Biratnagar, Nepal","153","0","0","+977 21-415245 / +977 985-2026020",,"info@bkmasala.com.np / order@bkmasala.com.np",,,,,"-",,,"0","0","0","4","0","0000-00-00 00:00:00"
"1969","1",,"CORIANDER SEEDS GLOBAL DATA","IMPORTER","GLOBAL VILLAGE FOODS PTY LTD","75-77 Duffy Street, Epping, Victoria 3076, Australia","13","0","0","+61 477 113 888",,"info@villagefoods.com.au",,,,,"-",,,"0","0","0","4","0","0000-00-00 00:00:00"
"1970","1",,"CORIANDER SEEDS GLOBAL DATA","IMPORTER","MS TAJ MAHAL TRADES","Filonos 5, 18531 Piraeus, Attica, Greece","85","0","0","Filonos 5, 18531 Piraeus, Attica, Greece",,,,,,,"-",,,"0","0","0","4","0","0000-00-00 00:00:00"
"1971","1",,"CORIANDER SEEDS GLOBAL DATA","IMPORTER","Emder Marine Logistics GmbH","Osterbutvenne 6, 26721 Emden, Germany","82","0","0","+49 4921 39230011",,"theessen@emder-marine-logistic.de",,,,,"-",,,"0","0","0","4","0","0000-00-00 00:00:00"
"1972","1",,"CORIANDER SEEDS GLOBAL DATA","IMPORTER","LPUISIANA FISH FRY PRODUCTS","5267 Plank Rd, Baton Rouge, LA, 70805, United States","231","0","0","+1 (225) 356-2905",,"info@louisianafishfry.com",,,,,"-",,,"0","0","0","4","0","0000-00-00 00:00:00"
"1973","1",,"CORIANDER SEEDS GLOBAL DATA","IMPORTER","MZHL 375 WEST COAST ROADGLEN","375 West Coast Road, Glen Eden, Auckland 0602, New Zealand","157","0","0","+64 21 785 647",,"info@mzholdings.co.nz",,,,,"-",,,"0","0","0","4","0","0000-00-00 00:00:00"
"1974","1",,"CORIANDER SEEDS GLOBAL DATA","IMPORTER","SHREE GANESH AUS TRUST","771 Marshall Rd, Malaga WA 6090, Australia","13","0","0","+61892492311",,,"http://www.indianstoreperth.com.au/",,,,"-",,,"0","0","0","4","0","0000-00-00 00:00:00"
"1975","1",,"CORIANDER SEEDS GLOBAL DATA","IMPORTER","SS IMPEX LLC",,"231","0","0",,,,,,,,"-",,,"0","0","0","4","0","0000-00-00 00:00:00"
"1976","1",,"CORIANDER SEEDS GLOBAL DATA","IMPORTER","W L F",,"231","0","0",,,,,,,,"-",,,"0","0","0","4","0","0000-00-00 00:00:00"
"1977","1",,"CORIANDER SEEDS GLOBAL DATA","IMPORTER","Bhavika Store","Shop G03, G/F, T-Bay, 9 Yi Tung Road, Tung Chung, Lantau Island, Hong Kong","98","0","0","+852 2415 4777, +852 2447 2000, +852 2342 2000, Wh",,"info@bhavika.online",,,,,"-",,,"0","0","0","4","0","0000-00-00 00:00:00"
"1978","1",,"CORIANDER SEEDS GLOBAL DATA","IMPORTER","MONTEREY BAY SPICE COMPANY","241 Walker St, Watsonville, CA, 95076-4523, United States","231","0","0","+1 (831) 722-3400",,"support@herbco.com",,,,,"-",,,"0","0","0","4","0","0000-00-00 00:00:00"
"1979","1",,"CORIANDER SEEDS GLOBAL DATA","IMPORTER","SRI BALAJI FOODS INC","BALAJI FOODS, INC.","231","0","0","+1 503 332 9709",,"Info@BalajiFoodsPdx.com",,,,,"-",,,"0","0","0","4","0","0000-00-00 00:00:00"
"1980","1",,"CORIANDER SEEDS GLOBAL DATA","IMPORTER","SAM MILLS PTY LIMITED","PO Box 184 ","13","0","0","+61 88 380 9700",,"info@royalgoldmills.com.au",,,,,"-",,,"0","0","0","4","0","0000-00-00 00:00:00"
"1981","1",,"CORIANDER SEEDS GLOBAL DATA","IMPORTER","NARESH TRADING BIRATNAGAR","Beaverton, OR 97075","153","0","0",,,,,,,,"-",,,"0","0","0","4","0","0000-00-00 00:00:00"
"1982","1",,"CORIANDER SEEDS GLOBAL DATA","IMPORTER","AMPAK COMPANY INC","1890 Palmer Ave, Suite 203, Larchmont, NY, 10538, United States","231","0","0","+1 (914) 833-7070",,"info@ampakcompany.com",,,,,"-",,,"0","0","0","4","0","0000-00-00 00:00:00"
"1983","1",,"CORIANDER SEEDS GLOBAL DATA","IMPORTER","GOYAL IMPEX INC","2084 Steeles Ave E Unit 8 & 9, Brampton, ON L6T 1A7, Canada","38","0","0","+16477228009",,,,,,,"-",,,"0","0","0","4","0","0000-00-00 00:00:00"
"1984","1",,"CORIANDER SEEDS GLOBAL DATA","IMPORTER","DUGAR SPICES AND FOOD PRODUCTS PVT LIMITED",": H08, Biratnagar 56613, Nepal, Biratnagar, Eastern Development Region, Nepal, 56613","153","0","0","+977 985-2022174",,,,,,,"-",,,"0","0","0","4","0","0000-00-00 00:00:00"
"1985","1",,"CORIANDER SEEDS GLOBAL DATA","IMPORTER","ASIM NZ LIMITED","2 Peter Buck Road, New Windsor, Auckland, 0600","157","0","0",,,,,,,,"-",,,"0","0","0","4","0","0000-00-00 00:00:00"
"1986","1",,"CORIANDER SEEDS GLOBAL DATA","IMPORTER","MS MPLINGAM SONS M SDN","No. 4 Jalan 51A/227, Seksyen 51A, 46100 Petaling Jaya, Selangor Darul Ehsan, Malaysia","132","0","0","+60 3 7956 7533","-","-","-","HARISH KUMAR","MPLINGAM@GMAIL.COM","-","-",,,"0","0","0","4","0","0000-00-00 00:00:00"
"1987","1",,"CORIANDER SEEDS GLOBAL DATA","IMPORTER","AMA GLOBAL FOODS LTD","17533 64 Ave Unit 107-108A, Surrey, BC V3S 1Y8, Canada","38","0","0","+16047287612",,"info@amaglobalfoods.com","https://amaglobalfoods.com/",,,,"-",,,"0","0","0","4","0","0000-00-00 00:00:00"
"1988","1",,"CORIANDER SEEDS GLOBAL DATA","IMPORTER","Trust Food Products Pvt Ltd","H08, Biratnagar 56613, Nepal, Biratnagar, Eastern Development Region, Nepal, 56613","153","0","0",,,,,,,,"-",,,"0","0","0","4","0","0000-00-00 00:00:00"
"1989","1",,"CORIANDER SEEDS GLOBAL DATA","IMPORTER","SINGLA SPICES INC","17813 S Main St Ste 115, Gardena, CA, 90248, United States","231","0","0","+1 (310) 571-7969",,,,,,,"-",,,"0","0","0","4","0","0000-00-00 00:00:00"
"1990","1",,"CORIANDER SEEDS GLOBAL DATA","IMPORTER","KGN TRADING COMPANY LIMITED","100 Kairaba Avenue, Banjul, Gambia","80","0","0",,,,,,,,"-",,,"0","0","0","4","0","0000-00-00 00:00:00"
"1991","1",,"CORIANDER SEEDS GLOBAL DATA","IMPORTER","I S LLC",,"231","0","0",,,,,,,,"-",,,"0","0","0","4","0","0000-00-00 00:00:00"
"1992","1",,"CORIANDER SEEDS GLOBAL DATA","IMPORTER","Pekay International","56-12 56th St, Flushing, NY 11378, United States","231","0","0","+17183262045",,,,,,,"-",,,"0","0","0","4","0","0000-00-00 00:00:00"
"1993","1",,"CORIANDER SEEDS GLOBAL DATA","IMPORTER","Westpac Banking Corporation","1 Thomson Street, Suva, Fiji","73","0","0","+679 321 7800",,"fjvisarisk@westpac.com.au","https://www.westpac.com.fj/",,,,"-",,,"0","0","0","4","0","0000-00-00 00:00:00"
"1994","1",,"CORIANDER SEEDS GLOBAL DATA","IMPORTER","PURVI ENTERPRISES INC","9041 Dice Rd, Santa Fe Springs, CA 90670, United States","231","0","0","+15629415464",,,,,,,"-",,,"0","0","0","4","0","0000-00-00 00:00:00"
"1995","1",,"CORIANDER SEEDS GLOBAL DATA","IMPORTER","MUSAFA COM INC","One World Trade Center, 285 Fulton St Suite 8500, New York, NY 10007, United States","231","0","0","+12122206682",,,"https://musaffa.com/",,,,"-",,,"0","0","0","4","0","0000-00-00 00:00:00"
"1996","1",,"CORIANDER SEEDS GLOBAL DATA","IMPORTER","AOTEAROA IMPORTS LIMITED","7 Grahams Road, Christchurch 8041, New Zealand","157","0","0",,,,,,,,"-",,,"0","0","0","4","0","0000-00-00 00:00:00"
"1997","1",,"CORIANDER SEEDS GLOBAL DATA","IMPORTER","Himalayan Trading Suppliers","JGF4+RQQ, Ratnanagar 44204, Nepal","153","0","0","+9779845222148",,,,,,,"-",,,"0","0","0","4","0","0000-00-00 00:00:00"
"1998","1",,"CORIANDER SEEDS GLOBAL DATA","IMPORTER","HAZI STORE","F72H+7M4, Main Rd (South), Biratnagar 56613, Nepal","153","0","0",,,,,,,,"-",,,"0","0","0","4","0","0000-00-00 00:00:00"
"1999","1",,"CORIANDER SEEDS GLOBAL DATA","IMPORTER","K A PURCHASE MANAGER",,"231","0","0",,,,,,,,"-",,,"0","0","0","4","0","0000-00-00 00:00:00"
"2000","1",,"CORIANDER SEEDS GLOBAL DATA","IMPORTER","SUBHLAXMI GROCERS INC","6606 SW Freeway Access Rd, Houston, TX, 77074, United States","231","0","0","+1(713) 589-5788",,"webstore@subhlaxmigrocers.com",,,,,"-",,,"0","0","0","4","0","0000-00-00 00:00:00"
"2001","1",,"CORIANDER SEEDS GLOBAL DATA","IMPORTER","KKESHAV INTERNATIONAL LTD 569B COLO",,"157","0","0",,,,,,,,"-",,,"0","0","0","4","0","0000-00-00 00:00:00"
"2002","1",,"CORIANDER SEEDS GLOBAL DATA","IMPORTER","SHAKTI SAK GASTRONOMIE GMBH BERG AM","Berg-am-Laim-Str. 131a, 81673 M?nchen, Germany","82","0","0","-","-","-","-","-","-","-","-",,,"0","0","29","4","0","0000-00-00 00:00:00"
"2003","1",,"CORIANDER SEEDS GLOBAL DATA","IMPORTER","SAMIUT IMM TRADING SDN BHD","(1215077-p) No.10.jalan Selatan 3/4taman Perindustrian Ringan Pulai81300 Skudi Malaysiamalaysia, Malaysia ","132","0","0","-"," +60 19-7547450, ","-","-","-","-","604-331 7197","-",,,"0","0","0","4","0","0000-00-00 00:00:00"
"2004","1",,"CORIANDER SEEDS GLOBAL DATA","IMPORTER","SARUSANA PRIVATE LTD","Kashinari Magu, Addu City 19020, Maldives","133","0","0","+9609573389",,,"https://www.sarusana.mv/",,,,"-",,,"0","0","0","4","0","0000-00-00 00:00:00"
"2005","1",,"CORIANDER SEEDS GLOBAL DATA","IMPORTER","Al Wattar Trading L L C","Old Fish Market Area, Muscat, 131, Oman","165","0","0","+968 24 789605",,"alwattarllc@yahoo.com",,,,,"-",,,"0","0","0","4","0","0000-00-00 00:00:00"
"2006","1",,"CORIANDER SEEDS GLOBAL DATA","IMPORTER","SANDS IMPEX INC DBA ASLI FINE FOODS","1440 Davey Rd, Woodridge, IL, 60517-5037, United States","231","0","0","+1 (630) 739-1599",,"info@aslifinefoods.com",,,,,"-",,,"0","0","0","4","0","0000-00-00 00:00:00"
"2007","1",,"CORIANDER SEEDS GLOBAL DATA","IMPORTER","National Industrial Company","104 Lynch Street, Monrovia, Liberia","123","0","0","+231 77 701 6881",,,,,,,"-",,,"0","0","0","4","0","0000-00-00 00:00:00"
"2008","1",,"CORIANDER SEEDS GLOBAL DATA","IMPORTER","Munagorom Ventures","54 Tarmac Rd, Ifako-Ijaiye, Agege 112104, Ogun State, Nigeria","160","0","0","+2348033137617",,,,,,,"-",,,"0","0","0","4","0","0000-00-00 00:00:00"
"2009","1",,"CORIANDER SEEDS GLOBAL DATA","IMPORTER","6610 55 AVE",,"38","0","0",,,,,,,,"-",,,"0","0","0","4","0","0000-00-00 00:00:00"
"2010","1",,"CORIANDER SEEDS GLOBAL DATA","IMPORTER","Selco Australia Pty Ltd","2 Price Street, Oakleigh South, Victoria 3167, Australia","13","0","0","+61 (03) 8555 3189",,,,,,,"-",,,"0","0","0","4","0","0000-00-00 00:00:00"
"2011","1",,"CORIANDER SEEDS GLOBAL DATA","IMPORTER","KAMDHENU TRADE AND CONCERN PARSA",,"153","0","0",,,,,,,,"-",,,"0","0","0","4","0","0000-00-00 00:00:00"
"2012","1",,"CORIANDER SEEDS GLOBAL DATA","IMPORTER","PREMIER INTERNATIONAL",,"157","0","0",,,,,,,,"-",,,"0","0","0","4","0","0000-00-00 00:00:00"
"2013","1",,"CORIANDER SEEDS GLOBAL DATA","IMPORTER","Indalz 122 Rose In",,"231","0","0",,,,,,,,"-",,,"0","0","0","4","0","0000-00-00 00:00:00"
"2014","1",,"CORIANDER SEEDS GLOBAL DATA","IMPORTER","M S SANTOS AGENCY INC","14275 Catalina St, San Leandro, CA, 94577, United States","231","0","0","+1 (510) 357-0277",,,,,,,"-",,,"0","0","0","4","0","0000-00-00 00:00:00"
"2015","1",,"CORIANDER SEEDS GLOBAL DATA","IMPORTER","AMBIENT INTEGRATED ENTERPRISE","5/7 Ben Onyeka Street, Oshodi, Apapa, Lagos, Nigeria","160","0","0",,,,,,,,"-",,,"0","0","0","4","0","0000-00-00 00:00:00"
"2016","1",,"CORIANDER SEEDS GLOBAL DATA","IMPORTER","ONLY FRESH FOOD INC","5890 Av. Andover, Mont-Royal, QC H4T 1H4, Canada","38","0","0","+15147335166",,,"http://www.onlyfreshfood.ca/",,,,"-",,,"0","0","0","4","0","0000-00-00 00:00:00"
"2017","1",,"CORIANDER SEEDS GLOBAL DATA","IMPORTER","BURLAP AND BARREL INC","123 Varick Street, Suite 1005, New York, NY 10013, United States","231","0","0",,,,,,,,"-",,,"0","0","0","4","0","0000-00-00 00:00:00"
"2018","1",,"CORIANDER SEEDS GLOBAL DATA","IMPORTER","Asian Food Centre","10 Westmore Dr, Etobicoke, ON M9V 3Z7, Canada","38","0","0","+14167403262",,"info@afcgrocery.com","http://www.afcgrocery.com/",,,,"-",,,"0","0","0","4","0","0000-00-00 00:00:00"
"2019","1",,"CORIANDER SEEDS GLOBAL DATA","IMPORTER","SWADESH BD USA INC","238 Mosher Ave, Woodmere, NY 11598, United States","231","0","0","+1 (631) 249-5130 or +1 (917) 226-7297",,,,,,,"-",,,"0","0","0","4","0","0000-00-00 00:00:00"
"2020","1",,"CORIANDER SEEDS GLOBAL DATA","IMPORTER","CASA ABASCAL SA",,"231","0","0",,,,,,,,"-",,,"0","0","0","4","0","0000-00-00 00:00:00"
"2021","1",,"CORIANDER SEEDS GLOBAL DATA","IMPORTER","NEW HAQUE SONS INC","5616 56th St, Flushing, NY, 11378, United States","231","0","0","+1 (718) 391-0992",,,,,,,"-",,,"0","0","0","4","0","0000-00-00 00:00:00"
"2022","1",,"CORIANDER SEEDS GLOBAL DATA","IMPORTER","NEW BOMBAY FOODS INC","Main Branch: Ground Floor, Sagittarius Building, H.V Dela Costa St., Salcedo Village, Makati City, Metro Manila, 1200 Philippines","173","0","0","+63 (632) 819-2892",,,,,,,"-",,,"0","0","0","4","0","0000-00-00 00:00:00"
"2023","1",,"CORIANDER SEEDS GLOBAL DATA","IMPORTER","VEGOMART LLC","81 Lancaster Ave Suite 214-A, Malvern, PA 19355, United States","231","0","0",,,,,,,,"-",,,"0","0","0","4","0","0000-00-00 00:00:00"
"2024","1",,"CORIANDER SEEDS GLOBAL DATA","IMPORTER","INDYA FOODS PTY LIMITED","51-55 Smeaton Avenue, Dandenong South, Victoria 3175, Australia","13","0","0","+61 (03) 9793 5373",,"indyafoods@indyafoods.com.au",,,,,"-",,,"0","0","0","4","0","0000-00-00 00:00:00"
"2025","1",,"CORIANDER SEEDS GLOBAL DATA","IMPORTER","MONTEREY BAY SPICE CO","241 Walker St, Watsonville, CA, 95076-4523, United States","231","0","0","+1 (831) 722-3400",,"support@herbco.com",,,,,"-",,,"0","0","0","4","0","0000-00-00 00:00:00"
"2026","1",,"CORIANDER SEEDS GLOBAL DATA","IMPORTER","BEGO DOGO LLC","552 West Elk Avenue Unit 207, Glendale, CA 91204, United States","231","0","0",,,,,,,,"-",,,"0","0","0","4","0","0000-00-00 00:00:00"
"2027","1",,"CORIANDER SEEDS GLOBAL DATA","IMPORTER","OM GENERAL TSHONGKHANG","9FG5+4JR Shaba Bridge, Paro, Bhutan","25","0","0","+9758271715",,,,,,,"-",,,"0","0","0","4","0","0000-00-00 00:00:00"
"2028","1",,"CORIANDER SEEDS GLOBAL DATA","IMPORTER","RUDRA FOODS DISTRIBUTOR INC","1070 Bryn Mawr Ave, Bensenville, IL, 60106, United States","231","0","0","+1 (630) 823-1066",,,,,,,"-",,,"0","0","0","4","0","0000-00-00 00:00:00"
"2029","1",,"CORIANDER SEEDS GLOBAL DATA","IMPORTER","Grace Imports","2430 Mountain Industrial Blvd, Tucker, GA 30084, United States","231","0","0","+1 (770) 270-1010",,"info@graceimports.com",,,,,"-",,,"0","0","0","4","0","0000-00-00 00:00:00"
"2030","1",,"CORIANDER SEEDS GLOBAL DATA","IMPORTER","THE METROPOLITAN TEA COMPANY LIMITED","41 Butterick Rd, Etobicoke, ON M8W 4W4, Canada","38","0","0","+14165880089",,"sales@metrotea.com","https://www.metrotea.com/",,,,"-",,,"0","0","0","4","0","0000-00-00 00:00:00"
"2031","1",,"CORIANDER SEEDS GLOBAL DATA","IMPORTER","Harmony",,"109","0","0",,,,,,,,"-",,,"0","0","0","4","0","0000-00-00 00:00:00"
"2032","1",,"CORIANDER SEEDS GLOBAL DATA","IMPORTER","Freshco Foods Victoria","31 Apex Drive, Truganina, Victoria 3029, Australia","13","0","0","+61 (03) 9314 3900",,"victoria@freshcofoods.com.au",,,,,"-",,,"0","0","0","4","0","0000-00-00 00:00:00"
"2033","1",,"CORIANDER SEEDS GLOBAL DATA","IMPORTER","ASWANTH GROUP PTY LTD","P.O. Box No: 1675, Victoria, Mahe, Seychelles","194","0","0","+248 2482725574",,,,,,,"-",,,"0","0","0","4","0","0000-00-00 00:00:00"
"2034","1",,"CORIANDER SEEDS GLOBAL DATA","IMPORTER","IST IMPORTS INC","60 Ethel Rd W, Unit 7, Piscataway, NJ 08854, United States","231","0","0",,,,,,,,"-",,,"0","0","0","4","0","0000-00-00 00:00:00"
"2035","1",,"CORIANDER SEEDS GLOBAL DATA","IMPORTER","MS WLF USA",,"231","0","0",,,,,,,,"-",,,"0","0","0","4","0","0000-00-00 00:00:00"
"2036","1",,"CORIANDER SEEDS GLOBAL DATA","IMPORTER","MS Peekay International Inc","5612 56th St, Maspeth, NY, 11378, United States","231","0","0","+1 (718) 326-2045",,,,,,,"-",,,"0","0","0","4","0","0000-00-00 00:00:00"
"2037","1",,"-","IMPORTER","MS RK MUBARAKA SDN","10 & 12, Jalan Industri USJ 1/11, Taman Perindustrian USJ 1, 47610 Subang Jaya, Selangor, Malaysia","132","0","0","+603 8024 0094","+60 19-312 9555","info.rkmubaraka@gmail.com","-","RAHMAN","-","+60 19-312 9555","-",,,"0","1","0","4","0","0000-00-00 00:00:00"
"2039","1",,"CORIANDER SEEDS GLOBAL DATA","IMPORTER","MS ABD ALMONEIM ALMARWANI SONS CO LIMITED","Ain Al Nakhal 33273, Saudi Arabia","191","0","0","+966135729180",,,"http://www.amemodern.com/",,,,"-",,,"0","0","0","4","0","0000-00-00 00:00:00"
"2040","1",,"CORIANDER SEEDS GLOBAL DATA","IMPORTER","INDIKA FOODS INC","4641 Pell Dr Ste 10, Sacramento, CA, 95838, United States","231","0","0","+1 (916) 927-2959",,"info@indikagroup.com",,,,,"-",,,"0","0","0","4","0","0000-00-00 00:00:00"
"2041","1",,"CORIANDER SEEDS GLOBAL DATA","IMPORTER","VEEDINT GLOBAL LLC",,"231","0","0",,,,,,,,"-",,,"0","0","0","4","0","0000-00-00 00:00:00"
"2042","1",,"CORIANDER SEEDS GLOBAL DATA","IMPORTER","EUROASIAS ORGANICS INC","710 New Brunswick Avenue Unit B, Rahway, New Jersey 07065, United States","231","0","0",,,,,,,,"-",,,"0","0","0","4","0","0000-00-00 00:00:00"
"2043","1",,"CORIANDER SEEDS GLOBAL DATA","IMPORTER","I LLC",,"231","0","0",,,,,,,,"-",,,"0","0","0","4","0","0000-00-00 00:00:00"
"2044","1",,"CORIANDER SEEDS GLOBAL DATA","IMPORTER","Msaand Strading","127. Motijheel C/A, 4th Floor. Roorm No - 506. Dhaka Dhaka, 1000, Bangladesh","18","0","0","+8801922534733",,,,,,,"-",,,"0","0","0","4","0","0000-00-00 00:00:00"
"2045","1",,"CORIANDER SEEDS GLOBAL DATA","IMPORTER","BSDBL",,"106","0","0",,,,,,,,"-",,,"0","0","0","4","0","0000-00-00 00:00:00"
"2046","1",,"CORIANDER SEEDS GLOBAL DATA","IMPORTER","VWC NEW YORK USA",,"231","0","0",,,,,,,,"-",,,"0","0","0","4","0","0000-00-00 00:00:00"
"2047","1",,"CORIANDER SEEDS GLOBAL DATA","IMPORTER","PURE INDIAN FOODS","1800 E State St Ste 174, Hamilton, NJ, 08609, United States","231","0","0","+1 (609) 785-9100",,"info@pureindianfoods.com",,,,,"-",,,"0","0","0","4","0","0000-00-00 00:00:00"
"2048","1",,"CORIANDER SEEDS GLOBAL DATA","IMPORTER","Atlanta Imports Inc 4374 FOXTIAL LANE WESTON 33331 USA","4374 Foxtail Ln, Weston, FL 33331, United States","231","0","0","+1 (954) 594-1324",,"info@atlanticaimports.com",,,,,"-",,,"0","0","0","4","0","0000-00-00 00:00:00"
"2049","1",,"CORIANDER SEEDS GLOBAL DATA","IMPORTER","RADIANT WHOLESALE LLC","204 West Havens Ave. #242, Mitchell, SD 57301, United States","231","0","0","+1 (605) 999-0073",,,,,,,"-",,,"0","0","0","4","0","0000-00-00 00:00:00"
"2050","1",,"CORIANDER SEEDS GLOBAL DATA","IMPORTER","P S INC",,"231","0","0",,,,,,,,"-",,,"0","0","0","4","0","0000-00-00 00:00:00"
"2051","1",,"CORIANDER SEEDS GLOBAL DATA","IMPORTER","MS Mr Store",,"18","0","0",,,,,,,,"-",,,"0","0","0","4","0","0000-00-00 00:00:00"
"2052","1",,"CORIANDER SEEDS GLOBAL DATA","IMPORTER","PURCHASE MANAGER",,"231","0","0",,,,,,,,"-",,,"0","0","0","4","0","0000-00-00 00:00:00"
"2053","1",,"CORIANDER SEEDS GLOBAL DATA","IMPORTER","Kiraboshi Bank Ltd","3-10-43, Minami-Aoyama, Minato-Ku, Tokyo, 107-0062, Japa","109","0","0","+81 42-585-1511",,"ir@kiraboshibank.co.j",,,,,"-",,,"0","0","0","4","0","0000-00-00 00:00:00"
"2054","1",,"CORIANDER SEEDS GLOBAL DATA","IMPORTER","AL MARJAN MODERN TRADING LLC"," Souq Al Juma, Rd, Muscat, Oman","165","0","0","+968 9947 7241",,,,,,,"-",,,"0","0","0","4","0","0000-00-00 00:00:00"
"2055","1",,"CORIANDER SEEDS GLOBAL DATA","IMPORTER","NOTIFY HOUSE OF SHER 2018 LIMITED","104-2131 Queen St, Abbotsford, BC, V2T 6J3, Canada","38","0","0",,,,,,,,"-",,,"0","0","0","4","0","0000-00-00 00:00:00"
"2056","1",,"CORIANDER SEEDS GLOBAL DATA","IMPORTER","HSBC BANK",,"104","0","0",,,,,,,,"-",,,"0","0","0","4","0","0000-00-00 00:00:00"
"2057","1",,"CORIANDER SEEDS GLOBAL DATA","IMPORTER","IST IMPORTS",,"231","0","0",,,,,,,,"-",,,"0","0","0","4","0","0000-00-00 00:00:00"
"2058","1",,"CORIANDER SEEDS GLOBAL DATA","IMPORTER","SPICY WORLD OF USA INC","12651 Stafford Rd, Stafford, TX, 77477, United States","231","0","0","+1 (713) 661-2972",,"ashish62@gmail.com",,,,,"-",,,"0","0","0","4","0","0000-00-00 00:00:00"
"2059","1",,"CORIANDER SEEDS GLOBAL DATA","IMPORTER","PACIFIC SPICE COMPANY INC","6430 E Slauson Ave, Commerce, CA 90040, United States","231","0","0","+1 (323) 726-9190",,"info@pacificspice.com",,,,,"-",,,"0","0","0","4","0","0000-00-00 00:00:00"
"2060","1",,"CORIANDER SEEDS GLOBAL DATA","IMPORTER","ATA ALATAR GENERAL TRADING CO","Jamila Street Office No 12, Baghdad, Iraq","104","0","0","+964 77 123 4567",,,,,,,"-",,,"0","0","0","4","0","0000-00-00 00:00:00"
"2061","1",,"CORIANDER SEEDS GLOBAL DATA","IMPORTER","PRO DE CAL",,"142","0","0",,,,,,,,"-",,,"0","0","0","4","0","0000-00-00 00:00:00"
"2062","1",,"CORIANDER SEEDS GLOBAL DATA","IMPORTER","ALNISR ALSATAE TRADING COMPANY",,"191","0","0","+966 596 050 434",,,"contact@alentisar.sa",,,,"-",,,"0","0","0","4","0","0000-00-00 00:00:00"
"2063","1",,"CORIANDER SEEDS GLOBAL DATA","IMPORTER","LAXMI HOUSE OF SPICES CANADA INC","62 Selby Rd, Brampton, ON L6W 1K5, Canada","38","0","0","+19055953266",,"orders@hosindia.com","https://www.hosindia.com/",,,,"-",,,"0","0","0","4","0","0000-00-00 00:00:00"
"2064","1",,"CORIANDER SEEDS GLOBAL DATA","IMPORTER","SHANTABA LLC","2506 W Parmer Ln Ste 170, Austin, TX 78727-4337, United States","231","0","0",,,,,,,,"-",,,"0","0","0","4","0","0000-00-00 00:00:00"
"2065","1",,"CORIANDER SEEDS GLOBAL DATA","IMPORTER","LUUISIANA FISH FRY PRODUCTS","5267 Plank Rd, Baton Rouge, LA, 70805, United States","231","0","0","+1 (225) 356-2905",,"info@louisianafishfry.com",,,,,"-",,,"0","0","0","4","0","0000-00-00 00:00:00"
"2066","1",,"CORIANDER SEEDS GLOBAL DATA","IMPORTER","Art of Spice Foods LLC","81-28 255 Street, Glen Oaks, NY, 11004","231","0","0",,,,,,,,"-",,,"0","0","0","4","0","0000-00-00 00:00:00"
"2067","1",,"CORIANDER SEEDS GLOBAL DATA","IMPORTER","SUN DEAL NEW ZEALAND LTD","197A Ilam Road, Ilam, Christchurch, Canterbury, 8041, New Zealand","157","0","0","+64 3 372 3434",,,,,,,"-",,,"0","0","0","4","0","0000-00-00 00:00:00"
"2068","1",,"CORIANDER SEEDS GLOBAL DATA","IMPORTER","MS DOUBLE M GENERAL STORE SDN","Unit 12, 13 & 14, Block-H, The Sangi-Sangi Industrial Park, Kg. Masin, Mukim","32","0","0","+673 2610566",,"admin@doublembrunei.com",,,,,"-",,,"0","0","0","4","0","0000-00-00 00:00:00"
"2069","1",,"CORIANDER SEEDS GLOBAL DATA","IMPORTER","CHODEN TSHONGKHANG","CMX5+8J3, Olakha Children's Park, Olakha Lam, Thimphu, Bhutan","25","0","0","+97517326607",,,,,,,"-",,,"0","0","0","4","0","0000-00-00 00:00:00"
"2070","1",,"CORIANDER SEEDS GLOBAL DATA","IMPORTER","MUSAFAR KHAN SALARAZAI SEEDS COMPAN",,"1","0","0",,,,,,,,"-",,,"0","0","0","4","0","0000-00-00 00:00:00"
"2071","1",,"CORIANDER SEEDS GLOBAL DATA","IMPORTER","B P NANAK LLC","450 Metuchen Rd, South Plainfield, NJ, 07080","231","0","0","+1 (908) 561-5104",,,,,,,"-",,,"0","0","0","4","0","0000-00-00 00:00:00"
"2072","1",,"CORIANDER SEEDS GLOBAL DATA","IMPORTER","OM SHREE GANESH TRADING","Ramgadhawa, Birganj -24, Birganj, Nepal","153","0","0","+977 981-9295000",,"ashish@ganeshtrading.com.np",,,,,"-",,,"0","0","0","4","0","0000-00-00 00:00:00"
"2073","1",,"CORIANDER SEEDS GLOBAL DATA","IMPORTER","ASIAN IMPEX INC",,"231","0","0",,,,,,,,"-",,,"0","0","0","4","0","0000-00-00 00:00:00"
"2074","1",,"CORIANDER SEEDS GLOBAL DATA","IMPORTER","PRIME FOOD USA LLC","1 50th Street, L 10, Brooklyn, NY 11232","231","0","0",,,,,,,,"-",,,"0","0","0","4","0","0000-00-00 00:00:00"
"2075","1",,"CORIANDER SEEDS GLOBAL DATA","IMPORTER","PATSHA FOODS","Suite 2, Level 22/66 Goulburn St, Sydney NSW 2000, Australia","13","0","0","+61298977383",,"?info@pataza.com.au","http://www.aussiefoodexport.com/",,,,"-",,,"0","0","0","4","0","0000-00-00 00:00:00"
"2076","1",,"CORIANDER SEEDS GLOBAL DATA","IMPORTER","SAM ATLANTIC FOODS LDA","Avenida Dom Dinis, 65 1? DTO., Odivelas, 2675-334, Lisbon, Portugal","176","0","0",,,,,,,,"-",,,"0","0","0","4","0","0000-00-00 00:00:00"
"2077","1",,"CORIANDER SEEDS GLOBAL DATA","IMPORTER","FEC FEDERAL EXPRESS",,"231","0","0",,,,,,,,"-",,,"0","0","0","4","0","0000-00-00 00:00:00"
"2078","1",,"CORIANDER SEEDS GLOBAL DATA","IMPORTER","Brothers Choice Foods Ltd","3932 101 St NW, Edmonton, AB T6J 2X9, Canada","38","0","0","+17804379400",,,"http://brotherschoicefoods.com/",,,,"-",,,"0","0","0","4","0","0000-00-00 00:00:00"
"2079","1",,"CORIANDER SEEDS GLOBAL DATA","IMPORTER","CHILALO IMPORTS INC","755, Saint Paul, MN","231","0","0","+1 (651) 447-1755",,,,,,,"-",,,"0","0","0","4","0","0000-00-00 00:00:00"
"2080","1",,"CORIANDER SEEDS GLOBAL DATA","IMPORTER","THE IN HO",,"98","0","0",,,,,,,,"-",,,"0","0","0","4","0","0000-00-00 00:00:00"
"2081","1",,"CORIANDER SEEDS GLOBAL DATA","IMPORTER","UNIQUE TRADE INTERNATIONAL","159/1, South Kamalapur (1st Floor), Dhaka-1000, Bangladesh","18","0","0","+88-1816-424533",,,,,,,"-",,,"0","0","0","4","0","0000-00-00 00:00:00"
"2082","1",,"CORIANDER SEEDS GLOBAL DATA","IMPORTER","SAUDI AREBIA",,"191","0","0",,,,,,,,"-",,,"0","0","0","4","0","0000-00-00 00:00:00"
"2083","1",,"CORIANDER SEEDS GLOBAL DATA","IMPORTER","MS LEE GAIK KHUAN COFFEE POWDER FLOUR MILL SDN","No. 1261, Jalan Permatang Pauh, 13500 Seberang Perai, Penang, Malaysia","132","0","0","+60 4 390 1121","-","info@motokar.com.my","-","-","-","-","-",,,"0","0","0","4","0","0000-00-00 00:00:00"
"2084","1",,"CORIANDER SEEDS GLOBAL DATA","IMPORTER","PACIFIC BOTANICALS HOLDINGS LLC","4840 Fish Hatchery Rd, Grants Pass, OR, 97527","231","0","0","+1 (541) 479-7777",,,,,,,"-",,,"0","0","0","4","0","0000-00-00 00:00:00"
"2085","1",,"CORIANDER SEEDS GLOBAL DATA","IMPORTER","TRUPTI ENTERPRISES","119 Oakdale Rd, North York, ON M3N 1W2, Canada","38","0","0","+14164210191",,,"http://trupti.ca/",,,,"-",,,"0","0","0","4","0","0000-00-00 00:00:00"
"2086","1",,"CORIANDER SEEDS GLOBAL DATA","IMPORTER","PURCHASE IMPORT MANAGERE B B CO LIMITED",,"94","0","0",,,,,,,,"-",,,"0","0","0","4","0","0000-00-00 00:00:00"
"2087","1",,"CORIANDER SEEDS GLOBAL DATA","IMPORTER","BILAD BANK","8229 Al Mutamarat, Unit 2, Riyadh 3952-12711, Kingdom of Saudi Arabia","191","0","0","+966-920001002",,,,,,,"-",,,"0","0","0","4","0","0000-00-00 00:00:00"
"2088","1",,"CORIANDER SEEDS GLOBAL DATA","IMPORTER","WASE",,"117","0","0",,,,,,,,"-",,,"0","0","0","4","0","0000-00-00 00:00:00"
"2089","1",,"CORIANDER SEEDS GLOBAL DATA","IMPORTER","AJIT SINGH LLC",,"231","0","0",,,,,,,,"-",,,"0","0","0","4","0","0000-00-00 00:00:00"
"2090","1",,"CORIANDER SEEDS GLOBAL DATA","IMPORTER","MSALIF SEED FRAM","Dhaka - Khulna Hwy, Jessore 7400, Bangladesh","18","0","0","+8801712087445",,,,,,,"-",,,"0","0","0","4","0","0000-00-00 00:00:00"
"2091","1",,"CORIANDER SEEDS GLOBAL DATA","IMPORTER","Amopak Co Inc","1890 Palmer Ave #203, Larchmont, NY 10538, United States","231","0","0","+19148337070",,,,,,,"-",,,"0","0","0","4","0","0000-00-00 00:00:00"
"2092","1",,"CORIANDER SEEDS GLOBAL DATA","IMPORTER","BCFoods Inc","1330 N Dutton Ave Ste 100, Santa Rosa, CA, 95401","231","0","0","+1 (707) 547-1776",,,,,,,"-",,,"0","0","0","4","0","0000-00-00 00:00:00"
"2093","1",,"CORIANDER SEEDS GLOBAL DATA","IMPORTER","BANYAN TRADING CO","663 Palomar St Suite D, Chula Vista, CA 91911, United States","231","0","0","+16194239975",,,,,,,"-",,,"0","0","0","4","0","0000-00-00 00:00:00"
"2094","1",,"CORIANDER SEEDS GLOBAL DATA","IMPORTER","RAJGLOBAL FOODS INC","32a E Carl St, Hicksville, NY 11801, United States","231","0","0","+15167284645",,,,,,,"-",,,"0","0","0","4","0","0000-00-00 00:00:00"
"2095","1",,"CORIANDER SEEDS GLOBAL DATA","IMPORTER","APEX GLOBAL FOODS LIMITED","30530 Progressive Way, Abbotsford, BC V2T 6W3, Canada","38","0","0","+16048541492",,,"http://apexfoodsource.com/",,,,"-",,,"0","0","0","4","0","0000-00-00 00:00:00"
"2096","1",,"CORIANDER SEEDS GLOBAL DATA","IMPORTER","SUPER FOODS","6HFC+QGQ, Manama, Bahrain","17","0","0","+97317251497","-","-","-","-","abeycs@batelco.bh","-","-",,,"0","0","0","4","0","0000-00-00 00:00:00"
"2097","1",,"CORIANDER SEEDS GLOBAL DATA","IMPORTER","PROD L D",,"169","0","0",,,,,,,,"-",,,"0","0","0","4","0","0000-00-00 00:00:00"
"2098","1",,"CORIANDER SEEDS GLOBAL DATA","IMPORTER","APNA WHOLESALE INC","56-26 56th St, Maspeth, NY 11378, United States","231","0","0","+17189372727",,,,,,,"-",,,"0","0","0","4","0","0000-00-00 00:00:00"
"2099","1",,"CORIANDER SEEDS GLOBAL DATA","IMPORTER","Edward B Beharry Company Limited","191 Charlotte Street, Georgetown, Demerara-Mahaica, 1048, Guyana","94","0","0","+592 227 0632, +592 227 2526",,"ebbsec@beharrygroup.com",,,,,"-",,,"0","0","0","4","0","0000-00-00 00:00:00"
"2100","1",,"CORIANDER SEEDS GLOBAL DATA","IMPORTER","NOTIFY REHAN SPICE CORPORATION","1308 Santa Anita Ave Ste A, South El Monte, CA 91733, United States","231","0","0","+1(626) 443-6232",,,"rehanspice@gmail.com",,,,"-",,,"0","0","0","4","0","0000-00-00 00:00:00"
"2101","1",,"CORIANDER SEEDS GLOBAL DATA","IMPORTER","GRACE IMPORT","2430 Mountain Industrial Blvd, Tucker, GA 30084, United States","231","0","0","+1(770) 270-1010",,"info@graceimports.com",,,,,"-",,,"0","0","0","4","0","0000-00-00 00:00:00"
"2103","1",,"CORIANDER SEEDS GLOBAL DATA","IMPORTER","SPICE PROFILE LLC","1653 104th Ave SE, Bellevue, WA 98004, United States","231","0","0",,,,,,,,"-",,,"0","0","0","4","0","0000-00-00 00:00:00"
"2104","1",,"CORIANDER SEEDS GLOBAL DATA","IMPORTER","New India Bazar","2213 El Camino Real, Santa Clara, CA 95050, United States","231","0","0","+1(408) 249-2599",,"customersupport@newindiabazar.com",,,,,"-",,,"0","0","0","4","0","0000-00-00 00:00:00"
"2105","1",,"CORIANDER SEEDS GLOBAL DATA","IMPORTER","VWC",,"231","0","0",,,,,,,,"-",,,"0","0","0","4","0","0000-00-00 00:00:00"
"2106","1",,"CORIANDER SEEDS GLOBAL DATA","IMPORTER","Al Etihad National Trading LLC","King Saud Road, Jalwyah, Near Central Vegetable Market, Anoud, Dammam, Eastern Province, Saudi Arabia","191","0","0","+966 53 821 5871",,,,,,,"-",,,"0","0","0","4","0","0000-00-00 00:00:00"
"2107","1",,"CORIANDER SEEDS GLOBAL DATA","IMPORTER","MOHIT SPICES AND FOOD PRODUCTS PLT","Kathmandu Metropolitan City 16, Kathmandu, Bagmati, Nepal","153","0","0",,,,,,,,"-",,,"0","0","0","4","0","0000-00-00 00:00:00"
"2108","1",,"CORIANDER SEEDS GLOBAL DATA","IMPORTER","KHADAMAT BAR FARABARI KARANEH OGHIA","Khash Gate Neighbourhood, Amir Al Momenin Alley 6, Amir Almo Manin St, Zahedan, Iran","103","0","0","+98 543 411 1095",,"saamrigi1356261@gmail.com",,,,,"-",,,"0","0","0","4","0","0000-00-00 00:00:00"
"2109","1",,"CORIANDER SEEDS GLOBAL DATA","IMPORTER","BANQUE NATIONALE DU CANADA","1155 Metcalfe St, Montreal, Quebec H3B 1X8, Canada","38","0","0","+15148757008",,,"http://www.bnc.ca/",,,,"-",,,"0","0","0","4","0","0000-00-00 00:00:00"
"2110","1",,"CORIANDER SEEDS GLOBAL DATA","IMPORTER","SVE Ltd","3 Mountjoy Place, Onehunga, Auckland 1061, New Zealand","157","0","0","+64 9 620 0999 or 0800 VISHNU (847 468)",,"info@sve.co.nz",,,,,"-",,,"0","0","0","4","0","0000-00-00 00:00:00"
"2111","1",,"CORIANDER SEEDS GLOBAL DATA","IMPORTER","LOUISIANA FISH FRY PRODUCTS","5267 Plank Rd, Baton Rouge, LA 70805, United States","231","0","0","+1(225) 356-2905 (Customer Service Toll-Free: 800-",,"info@louisianafishfry.com",,,,,"-",,,"0","0","0","4","0","0000-00-00 00:00:00"
"2112","1",,"CORIANDER SEEDS GLOBAL DATA","IMPORTER","ORGANIC WAY LLC","15660 W Hardy Rd Ste 140, Houston, TX 77060, United States","231","0","0","+1(800) 887-0598",,"hello@organicwayllc.com",,,,,"-",,,"0","0","0","4","0","0000-00-00 00:00:00"
"2113","1",,"CORIANDER SEEDS GLOBAL DATA","IMPORTER","U S SPICE MILLS INC","4537 W Fulton St, Chicago, IL 60624, United States","231","0","0","+1(773) 378-6800",,"info@usspice.com",,,,,"-",,,"0","0","0","4","0","0000-00-00 00:00:00"
"2114","1",,"CORIANDER SEEDS GLOBAL DATA","IMPORTER","HAFSA SEED COMPANY",,"18","0","0",,,,,,,,"-",,,"0","0","0","4","0","0000-00-00 00:00:00"
"2115","1",,"CORIANDER SEEDS GLOBAL DATA","IMPORTER","BISWAS AGRO","House #45, Road #27, Sector #7, Uttara, Dhaka - 1230, Bangladesh","18","0","0","+8801675653386",,,"http://biswasagro.com/",,,,"-",,,"0","0","0","4","0","0000-00-00 00:00:00"
"2116","1",,"CORIANDER SEEDS GLOBAL DATA","IMPORTER","Ashaar Foods Company LLC","HP6W+GFP, Al-Masani', Riyadh 14717, Saudi Arabia","191","0","0","+966509264652",,,,,,,"-",,,"0","0","0","4","0","0000-00-00 00:00:00"
"2117","1",,"CORIANDER SEEDS GLOBAL DATA","IMPORTER","DEV KST SUPPLIERS","Street No. 1, 3, Mahendranagar, Nepal 10400","153","0","0","+977 99-523899",,,,,,,"-",,,"0","0","0","4","0","0000-00-00 00:00:00"
"2118","1",,"CORIANDER SEEDS GLOBAL DATA","IMPORTER","SK Tradelink INC","4145 N Service Rd #102, Burlington, ON L7L 6A3, Canada","38","0","0","+19053335623",,,"https://tradelinkinternational.ca/",,,,"-",,,"0","0","0","4","0","0000-00-00 00:00:00"
"2119","1",,"CORIANDER SEEDS GLOBAL DATA","IMPORTER","ACUBE IMPEX LIMITED","2150 Steeles Ave E Unit 8A, Brampton, ON L6T 1A7, Canada","38","0","0","+19057910888",,,"http://www.aimpex.ca/",,,,"-",,,"0","0","0","4","0","0000-00-00 00:00:00"
"2120","1",,"CORIANDER SEEDS GLOBAL DATA","IMPORTER","HOSPITALITY SUPPLIES LIMITED","Bois de Rose Avenue, SIBA Warehouse K2, Mahe, 000","194","0","0","+248 4670111",,"sales@hospitality.sc",,,,,"-",,,"0","0","0","4","0","0000-00-00 00:00:00"
"2121","1",,"CORIANDER SEEDS GLOBAL DATA","IMPORTER","Rankamana International","9th Floor, Fila Building II, Mal?, Maldives","133","0","0","+960 302-786-5213",,,,,,,"-",,,"0","0","0","4","0","0000-00-00 00:00:00"
"2122","1",,"CORIANDER SEEDS GLOBAL DATA","IMPORTER","Machhapuchchhre Bank Ltd","MBL Tower, Lazimpat, Kathmandu 44600","153","0","0","+977-01-5970555 (Customer Care: +977-1-5970555, To",,"machbank@mbl.com.np",,,,,"-",,,"0","0","0","4","0","0000-00-00 00:00:00"
"2123","1",,"CORIANDER SEEDS GLOBAL DATA","IMPORTER","LULU SAUDI HYPERMARKETS LLC","Riyadh Avenue Mall, Prince Faisal Bin Turki Bin Abdul Aziz Rd, P.O. Box 4330, Riyadh, Central Province, 11491 Saudi Arabia","191","0","0","+966 8001000330",,"ksa@luluhypermarket.com",,,,,"-",,,"0","0","0","4","0","0000-00-00 00:00:00"
"2124","1",,"CORIANDER SEEDS GLOBAL DATA","IMPORTER","RAS 4ALL",,"155","0","0",,,,,,,,"-",,,"0","0","0","4","0","0000-00-00 00:00:00"
"2125","1",,"CORIANDER SEEDS GLOBAL DATA","IMPORTER","SIDDHIVINAYAK EXIM P LTD","Siddharthnagar Municipality 12, Rupandehi, Lumbini, Nepa","153","0","0",,,,,,,,"-",,,"0","0","0","4","0","0000-00-00 00:00:00"
"2126","1",,"CORIANDER SEEDS GLOBAL DATA","IMPORTER","SANTI ENTERPRISE","26/1, Atish Dipankar Road, Sabujbagh, Bashaboo, Dhaka-1214, Bangladesh","18","0","0","+8801785604847, +8801931190560",,"info@stenterprisebd.com",,,,,"-",,,"0","0","0","4","0","0000-00-00 00:00:00"
"2127","1",,"CORIANDER SEEDS GLOBAL DATA","IMPORTER","HSDN Bhd",,"132","0","0",,,,,,,,"-",,,"0","0","0","4","0","0000-00-00 00:00:00"
"2128","1",,"CORIANDER SEEDS GLOBAL DATA","IMPORTER","IMPORTACIONES VOLT S A DE C V","Calle 3 Mz.3 Lt. 17 Central de Abasto, Iztapalapa, Ciudad de M?xico, 09040, M?xico","231","0","0","+52 55 1922 9134",,,,,,,"-",,,"0","0","0","4","0","0000-00-00 00:00:00"
"2130","1",,"CORIANDER SEEDS GLOBAL DATA","IMPORTER","GOLDEN SEAS INTERNATIONAL","P.O. Box: 649, P.C: 144, Flat 210, Way 359, St 359, Al Khuwair, Muscat, Muscat, 131, Oman","165","0","0","-","+96897373125","-","-","shehraoz ahmad","-","-","-",,,"0","0","0","4","0","0000-00-00 00:00:00"
"2131","1",,"CORIANDER SEEDS GLOBAL DATA","IMPORTER","LILLY TRADING CORP","356 Getty Ave Bldg 7, Clifton, NJ 07011, United States","231","0","0",,,,,,,,"-",,,"0","0","0","4","0","0000-00-00 00:00:00"
"2132","1",,"CORIANDER SEEDS GLOBAL DATA","IMPORTER","WESTPAC BAKING CORPORATION","150 Collins St, Melbourne VIC 3000, Australia","13","0","0","+61386625000",,,"https://www.westpac.com.au/?cid=wc:br:GMB_1909:org:gmb:gmbl&utm_source=gmb&utm_medium=org&utm_campai",,,,"-",,,"0","0","0","4","0","0000-00-00 00:00:00"
"2133","1",,"CORIANDER SEEDS GLOBAL DATA","IMPORTER","SELAMTALLC","735 Park North Blvd Ste 104, Clarkston, GA 30021, United States","231","0","0","+1 (404) 750-4162",,"contact@selamtausa.com",,,,,"-",,,"0","0","0","4","0","0000-00-00 00:00:00"
"2134","1",,"CORIANDER SEEDS GLOBAL DATA","IMPORTER","BAJRANG TRADING","Rangeli Road, Biratnagar, Nepal","153","0","0","+977 524490",,,,,,,"-",,,"0","0","0","4","0","0000-00-00 00:00:00"
"2135","1",,"CORIANDER SEEDS GLOBAL DATA","IMPORTER","SHIV SHANKAR TRADERS","Ganesh Bazar, Biratnagar, Nepal","153","0","0","+977 526068",,,,,,,"-",,,"0","0","0","4","0","0000-00-00 00:00:00"
"2136","1",,"CORIANDER SEEDS GLOBAL DATA","IMPORTER","MINDFUL ORGANICS 6534 MCABEE ROADSAN JOSE CA","6534 Mcabee Road, San Jose, CA 95120, United States","231","0","0",,,,,,,,"-",,,"0","0","0","4","0","0000-00-00 00:00:00"
"2137","1",,"CORIANDER SEEDS GLOBAL DATA","IMPORTER","BS TRIX PVTLIMITED",,"153","0","0",,,,,,,,"-",,,"0","0","0","4","0","0000-00-00 00:00:00"
"2138","1",,"CORIANDER SEEDS GLOBAL DATA","IMPORTER","MANUFACTURERS BANK","515 South Figueroa Street, Los Angeles, CA 90071, United States","231","0","0","+1 213-489-8000",,,,,,,"-",,,"0","0","0","4","0","0000-00-00 00:00:00"
"2139","1",,"CORIANDER SEEDS GLOBAL DATA","IMPORTER","INDO-CEYLON SPICES","10 Elite Way, Carrum Downs, Victoria 3201, Australia","13","0","0","+61 (03) 9770 8666",,"support@indoceylon.com",,,,,"-",,,"0","0","0","4","0","0000-00-00 00:00:00"
"2140","1",,"CORIANDER SEEDS GLOBAL DATA","IMPORTER","Jaspilite Solutions Sdn Bhd","Unit: K4, Batu 4 1, W.P, 4, Jln Ipoh, Taman Eastern, 51200 Kuala Lumpur, Wilayah Persekutuan Kuala Lumpur, Malaysia","132","0","0","+601118984189",,,"https://shopee.com.my/jaspilite",,,,"-",,,"0","0","0","4","0","0000-00-00 00:00:00"
"2141","1",,"CORIANDER SEEDS GLOBAL DATA","IMPORTER","EPICES CHEZ SOI","14 Rue du Domaine du Pr?, 35360 Montauban-de-Bretagne, France","75","0","0",,,,"https://epiceschezsoi.com/fr",,,,"-",,,"0","0","0","4","0","0000-00-00 00:00:00"
"2142","1",,"CORIANDER SEEDS GLOBAL DATA","IMPORTER","V Taste LLC","1927 Lakeside Parkway, Suite K-20, Tucker, GA 30084, United States","81","0","0","(678) 964-5402",,"yummy@vtastecakes.com",,,,,"-",,,"0","0","0","4","0","0000-00-00 00:00:00"
"2143","1",,"CORIANDER SEEDS GLOBAL DATA","IMPORTER","RAFI SEED HOUSE D","Dhaka - Rangpur Hwy, Thakurgaon, Bangladesh","18","0","0","+8801716491849",,"info@rqfiqueseeds.com","http://www.rafiqueseeds.com/",,,,"-",,,"0","0","0","4","0","0000-00-00 00:00:00"
"2144","1",,"CORIANDER SEEDS GLOBAL DATA","IMPORTER","FARIYA SEED COMPANY",,"18","0","0",,,,,,,,"-",,,"0","0","0","4","0","0000-00-00 00:00:00"
"2145","1",,"CORIANDER SEEDS GLOBAL DATA","IMPORTER","MSRAM TRADER LLC",,"231","0","0",,,,,,,,"-",,,"0","0","0","4","0","0000-00-00 00:00:00"
"2146","1",,"CORIANDER SEEDS GLOBAL DATA","IMPORTER","Rudra Trading LLC",,"231","0","0",,,,,,,,"-",,,"0","0","0","4","0","0000-00-00 00:00:00"
"2147","1",,"CORIANDER SEEDS GLOBAL DATA","IMPORTER","PARIS FOOD INTERNATIONAL","Street 39, Al Rayyan, Qatar","178","0","0","+97444215454",,,"https://parisarabia.com.qa/",,,,"-",,,"0","0","0","4","0","0000-00-00 00:00:00"
"2148","1",,"CORIANDER SEEDS GLOBAL DATA","IMPORTER","Heritage Briyani LLC","252 Ranch Dr, Milpitas, CA 95035, United States","231","0","0",,,,,,,,"-",,,"0","0","0","4","0","0000-00-00 00:00:00"
"2149","1",,"CORIANDER SEEDS GLOBAL DATA","IMPORTER","EXOTIC SPICE PTY LIMITED","1/24 Palings Ct, Nerang QLD 4211, Australia","13","0","0","+61432018946",,,"http://www.exoticspices.com.au/",,,,"-",,,"0","0","0","4","0","0000-00-00 00:00:00"
"2150","1",,"CORIANDER SEEDS GLOBAL DATA","IMPORTER","M SERAA SUPER MARKET WHOLE SALES 5930 FINC","5930 Finch Ave E, Scarborough, ON M1B 5P8, Canada","38","0","0","+14162922622",,,"https://eraa.ca/",,,,"-",,,"0","0","0","4","0","0000-00-00 00:00:00"
"2151","1",,"CORIANDER SEEDS GLOBAL DATA","IMPORTER","NFG DISTRIBUTION LLC","365 Mineral Springs Rd, Buffalo, NY 14210, United States","231","0","0","+17166866123",,,"http://www.nationalfuelgas.com/",,,,"-",,,"0","0","0","4","0","0000-00-00 00:00:00"
"2152","1",,"CORIANDER SEEDS GLOBAL DATA","IMPORTER","FRESH FINEST LLC","119 Chrystie St, New York, NY 10002, United States","231","0","0","+12126801939",,,,,,,"-",,,"0","0","0","4","0","0000-00-00 00:00:00"
"2153","1",,"CORIANDER SEEDS GLOBAL DATA","IMPORTER","DDAJJ CONSUMERS GOODS TRADING","3F Unit E, Blk 39 L7D Gianzon St., Katarungan Village, Poblacion, Muntinlupa City, Metro Manila, 1200 Philippines","173","0","0",,,,,,,,"-",,,"0","0","0","4","0","0000-00-00 00:00:00"
"2154","1",,"CORIANDER SEEDS GLOBAL DATA","IMPORTER","Seychelles Commercial Bank","Orion Mall Palm Street Victoria, Mahe Mahe island, Seychelles","194","0","0","+248 429 4000",,"info@scb.sc",,,,,"-",,,"0","0","0","4","0","0000-00-00 00:00:00"
"2155","1",,"CORIANDER SEEDS GLOBAL DATA","IMPORTER","Sorab Enterprise Pte Ltd","10 Ubi Crescent, #02-93, Lobby E,","170","0","0","+65 6224 8816",,"info@sorabent.com",,,,,"-",,,"0","0","0","4","0","0000-00-00 00:00:00"
"2156","1",,"CORIANDER SEEDS GLOBAL DATA","IMPORTER","JIGARS KITCHEN","281 Commonwealth Dr, Carol Stream, IL 60188, United States","231","0","0","+1(630) 362-0685",,"info@jigarskitchen.com",,,,,"-",,,"0","0","0","4","0","0000-00-00 00:00:00"
"2157","1",,"CORIANDER SEEDS GLOBAL DATA","IMPORTER","REFORM IMPEX LIMITED","Box 6051 Ronald Ngala St, Nairobi, Kenya","113","0","0",,,,,,,,"-",,,"0","0","0","4","0","0000-00-00 00:00:00"
"2158","1",,"CORIANDER SEEDS GLOBAL DATA","IMPORTER","SHREE ANMOL SPICES AND FOOD","Gahawa 8, Birgunj, Parsa-44300, Nepal","153","0","0","+977 985-5022082 / +91 9525140255",,"sasafp744@gmail.com / anmolhaihum74@gmail.com / sh",,,,,"-",,,"0","0","0","4","0","0000-00-00 00:00:00"
"2159","1",,"CORIANDER SEEDS GLOBAL DATA","IMPORTER","MPLINGAM SONSM SDN","No. 4 Jalan 51A/227, Seksyen 51A, 46100 Petaling Jaya, Selangor Darul Ehsan, Malaysia","132","0","0","+60 3 7956 7533",,,,,,,"-",,,"0","0","0","4","0","0000-00-00 00:00:00"
"2160","1",,"CORIANDER SEEDS GLOBAL DATA","IMPORTER","HARDIP NARAYAN SONS LTD","Lot 97 / 98 Pritam Singh Road, Nasinu, Fiji","73","0","0","+679 339 3411",,"info@hardipnarayan.com.fj",,,,,"-",,,"0","0","0","4","0","0000-00-00 00:00:00"
"2161","1",,"CORIANDER SEEDS GLOBAL DATA","IMPORTER","COMERCIALIZADORA MUBISA SA DE CV","Privada Prado Norte No. 109, Colonia Del Prado, 88560 Reynosa, Tamaulipas, Mexico","231","0","0","+52 1 (899) 122 6951, +1 (956) 227 3497, (899) 922",,,,,,,"-",,,"0","0","0","4","0","0000-00-00 00:00:00"
"2162","1",,"CORIANDER SEEDS GLOBAL DATA","IMPORTER","SWOU",,"231","0","0",,,,,,,,"-",,,"0","0","0","4","0","0000-00-00 00:00:00"
"2163","1",,"CORIANDER SEEDS GLOBAL DATA","IMPORTER","M S INDALZ",,"231","0","0",,,,,,,,"-",,,"0","0","0","4","0","0000-00-00 00:00:00"
"2164","1",,"CORIANDER SEEDS GLOBAL DATA","IMPORTER","LEXUNDER INC",,"231","0","0",,,,,,,,"-",,,"0","0","0","4","0","0000-00-00 00:00:00"
"2165","1",,"CORIANDER SEEDS GLOBAL DATA","IMPORTER","Atlanta Imports Inc","3495 Peachtree Pkwy Ste 105, Suwanee, GA 30024-9101, United States","231","0","0","+1(770) 292-1992",,,,,,,"-",,,"0","0","0","4","0","0000-00-00 00:00:00"
"2166","1",,"CORIANDER SEEDS GLOBAL DATA","IMPORTER","ATS GROCERY LLC","619 Hampton Park Blvd, Capitol Heights, MD 20743, United States","231","0","0",,,,,,,,"-",,,"0","0","0","4","0","0000-00-00 00:00:00"
"2167","1",,"CORIANDER SEEDS GLOBAL DATA","IMPORTER","Gupta Gastro Line GmbH","Feldeggstrasse 6, 8152 Glattbrugg, Zurich, Switzerland","155","0","0","+41 43 288 50 76",,,,,,,"-",,,"0","0","0","4","0","0000-00-00 00:00:00"
"2168","1",,"CORIANDER SEEDS GLOBAL DATA","IMPORTER","KISAN BROTHERS","7580 S Maple Ave, Fresno, CA 93725, United States","231","0","0","+1 559-906-6100",,,,,,,"-",,,"0","0","0","4","0","0000-00-00 00:00:00"
"2169","1",,"CORIANDER SEEDS GLOBAL DATA","IMPORTER","RIPON ENTERPRISE","House No-41, Road-06, D.I.T Project, Merul Badda, Dhaka 1212, Bangladesh","18","0","0","+8801927496503",,,,,,,"-",,,"0","0","0","4","0","0000-00-00 00:00:00"
"2170","1",,"CORIANDER SEEDS GLOBAL DATA","IMPORTER","HAAMA WHOLESALE PARTNERS","Orchid Vaadhee, Fareedhee Magu, Mal?, Kaafu, 20257, Maldives","133","0","0","+960 333-3766",,,,,,,"-",,,"0","0","0","4","0","0000-00-00 00:00:00"
"2171","1",,"CORIANDER SEEDS GLOBAL DATA","IMPORTER","Radix Imports Pty Ltd","Unit 2, 50 Pendle Way, Pendle Hill, New South Wales 2145, Australia","13","0","0",,,,,,,,"-",,,"0","0","0","4","0","0000-00-00 00:00:00"
"2172","1",,"CORIANDER SEEDS GLOBAL DATA","IMPORTER","Sanrida Inc","110 Candace Dr Unit 100, Maitland, FL 32751-3358, United States","231","0","0",,,,,,,,"-",,,"0","0","0","4","0","0000-00-00 00:00:00"
"2173","1",,"CORIANDER SEEDS GLOBAL DATA","IMPORTER","SAI Trading Company DBA STC-IN","1400 Tulip Ln, Hammond, IN 46321, United States","231","0","0","+1 (219) 902-9382",,,,,,,"-",,,"0","0","0","4","0","0000-00-00 00:00:00"
"2174","1",,"CORIANDER SEEDS GLOBAL DATA","IMPORTER","GELEN USA INC","1215 Avenue N, Apt 3D, Brooklyn, NY 11230, United States","231","0","0",,,,,,,,"-",,,"0","0","0","4","0","0000-00-00 00:00:00"
"2175","1",,"CORIANDER SEEDS GLOBAL DATA","IMPORTER","SUPER IMPEX BUTWAL","Amarpath Bhairawa, Butwal, Nepal","153","0","0","+977 540798-543651",,"info@superimpex.com",,,,,"-",,,"0","0","0","4","0","0000-00-00 00:00:00"
"2176","1",,"CORIANDER SEEDS GLOBAL DATA","IMPORTER","Down To Earth Foods Ltd","4A Atlas Place, Rosedale, Auckland 0632, New Zealand","157","0","0","+64 9 391 9951",,,,,,,"-",,,"0","0","0","4","0","0000-00-00 00:00:00"
"2177","1",,"CORIANDER SEEDS GLOBAL DATA","IMPORTER","PEGASUS MARITIME INC","250 West 39th St. Ste #602, New York, NY 10018, United States","231","0","0","+1 (212) 840-6969",,"sales@pegasusmaritime.com",,,,,"-",,,"0","0","0","4","0","0000-00-00 00:00:00"
"2178","1",,"CORIANDER SEEDS GLOBAL DATA","IMPORTER","Indian Sweet Master Inc","503 Ray Lawson Blvd Unit #7, Brampton, ON L6Y 0N2, Canada","38","0","0","+19054502800",,,"http://indiansweetmaster.com/",,,,"-",,,"0","0","0","4","0","0000-00-00 00:00:00"
"2179","1",,"CORIANDER SEEDS GLOBAL DATA","IMPORTER","R2BS Inc",,"231","0","0",,,,,,,,"-",,,"0","0","0","4","0","0000-00-00 00:00:00"
"2180","1",,"CORIANDER SEEDS GLOBAL DATA","IMPORTER","CONTIL CANADA LIMITED","10 Light beam terrace, Brampton, ON L6Y 6H9, Canada","38","0","0","+16472971664",,"info@contilgroup.com","https://contilgroup.com/",,,,"-",,,"0","0","0","4","0","0000-00-00 00:00:00"
"2181","1",,"CORIANDER SEEDS GLOBAL DATA","IMPORTER","Bait Aldawoody Company for General Trading","Jamilah, Mahala 603, Street 11, Baghdad, Iraq","104","0","0","+9647713057077 +9647715060888 902123959.",,,,,,,"-",,,"0","0","0","4","0","0000-00-00 00:00:00"
"2182","1",,"CORIANDER SEEDS GLOBAL DATA","IMPORTER","NGHI TRAN",,"231","0","0",,,,,,,,"-",,,"0","0","0","4","0","0000-00-00 00:00:00"
"2183","1",,"CORIANDER SEEDS GLOBAL DATA","IMPORTER","AROMA INTERNATIONAL","Busulba WukairGwc Warehouse, Doha, Qatar","178","0","0","+974 558 465 97",,,,,,,"-",,,"0","0","0","4","0","0000-00-00 00:00:00"
"2184","1",,"CORIANDER SEEDS GLOBAL DATA","IMPORTER","The Camel Spices Inc","994 Westport Crescent, Mississauga, ON L5T 1G1, Canada","38","0","0","+16478076999",,"info@thecamelspices.com","https://thecamelspices.com/",,,,"-",,,"0","0","0","4","0","0000-00-00 00:00:00"
"2185","1",,"CORIANDER SEEDS GLOBAL DATA","IMPORTER","NEELA S HOME LTD",,"230","0","0","44 20 8854 1977",,,,,,,"-",,,"0","0","0","4","0","0000-00-00 00:00:00"
"2186","1",,"CORIANDER SEEDS GLOBAL DATA","IMPORTER","YMMYLAND UK LIMITED UNIT","Unit 15, Buzzard Creek Industrial Estate, River Road, Barking, IG11 0EL, United Kingdom","230","0","0",,,,,,,,"-",,,"0","0","0","4","0","0000-00-00 00:00:00"
"2187","1",,"CORIANDER SEEDS GLOBAL DATA","IMPORTER","GECO INTERNATIONAL LTD","Unit 3 & 18, Brookfield Property Centre, Brookfield Drive, Liverpool, United Kingdom, L9 7AS","230","0","0","4478 8646 7796",,"gecointl@yahoo.co.uk",,,,,"-",,,"0","0","0","4","0","0000-00-00 00:00:00"
"2188","1",,"CORIANDER SEEDS GLOBAL DATA","IMPORTER","Saran Enterprise Ltd","5 Rowan Walk, East Calder, Livingston, West Lothian, Scotland, EH53 0HL","230","0","0","7460639639",,"msaran1982@yahoo.co.uk",,,,,"-",,,"0","0","0","4","0","0000-00-00 00:00:00"
"2189","1",,"CORIANDER SEEDS GLOBAL DATA","IMPORTER","KHEYBAR TARABAR INT","Central Sector, 17 Malek Shaara Bahar Dead End, Mashhad City, 9137974711, Iran","103","0","0","+98 21 88102910-15",,"info@khayyamtarabar.com",,,,,"-",,,"0","0","0","4","0","0000-00-00 00:00:00"
"2190","1",,"CORIANDER SEEDS GLOBAL DATA","IMPORTER","RMR INC",,"133","0","0",,,,,,,,"-",,,"0","0","0","4","0","0000-00-00 00:00:00"
"2191","1",,"CORIANDER SEEDS GLOBAL DATA","IMPORTER","Sop International Ltd","Grafton House, Icon Harlow, Third Avenue, Harlow, Essex, CM19 5AW, England","230","0","0","(+44) 01279 969888",,"info@sopinternational.com",,,,,"-",,,"0","0","0","4","0","0000-00-00 00:00:00"
"2192","1",,"CORIANDER SEEDS GLOBAL DATA","IMPORTER","Om Sai Trade Suppliers","S.N.P.-7, Narayansthan, Main Road, Siddharthanagar, Bhairahawa, Nepal","153","0","0","+977-71-527633 / 977-9727151940",,"info@omsai-trade.com",,,,,"-",,,"0","0","0","4","0","0000-00-00 00:00:00"
"2193","1",,"CORIANDER SEEDS GLOBAL DATA","IMPORTER","AAMC",,"117","0","0",,,,,,,,"-",,,"0","0","0","4","0","0000-00-00 00:00:00"
"2194","1",,"CORIANDER SEEDS GLOBAL DATA","IMPORTER","VG Supply Compnay Ltd","1400 Renaissance Drive # 309","140","0","0","+230800-589-7800",,,,,,,"-",,,"0","0","0","4","0","0000-00-00 00:00:00"
"2195","1",,"CORIANDER SEEDS GLOBAL DATA","IMPORTER","SASU CHISTI INTERNATIONAL","Park Ridge, IL 60068","75","0","0","+33 1 60 62 80 85/+33682451824",,"chistifoods@hotmail.com","http://www.chistifoods.com/",,,,"-",,,"0","0","0","4","0","0000-00-00 00:00:00"
"2196","1",,"CORIANDER SEEDS GLOBAL DATA","IMPORTER","ASHISH AND TRADERS","House No 62, Bhanu Marg, Ward No 19, Birgunj, Nepal","153","0","0",,,,,,,,"-",,,"0","0","0","4","0","0000-00-00 00:00:00"
"2197","1",,"CORIANDER SEEDS GLOBAL DATA","IMPORTER","SHREE KHATU INTERNATIONAL","First Floor, Malla House, Om Bahal, Post Box: 3585, Kathmandu, Nepal","153","0","0","+977 1-4227090 / +977 1-4242637 / +977 984-1260054",,"info@khatu.com.np",,,,,"-",,,"0","0","0","4","0","0000-00-00 00:00:00"
"2198","1",,"CORIANDER SEEDS GLOBAL DATA","IMPORTER","FALCON CASH CARRY","82A Syston Street West, Leicester LE1 2JU, United Kingdom","230","0","0","+44 116 251 5858",,,,,,,"-",,,"0","0","0","4","0","0000-00-00 00:00:00"
"2199","1",,"CORIANDER SEEDS GLOBAL DATA","IMPORTER","EYOON ASIA FOR PROJECTS TRADING LL",,"165","0","0","+968 9955 5016",,,,,,,"-",,,"0","0","0","4","0","0000-00-00 00:00:00"
"2200","1",,"CORIANDER SEEDS GLOBAL DATA","IMPORTER","NITESH FOOD PRODUCTS PVTLIMITED","?????? ????????????-?, ?????, ?????","153","0","0",,,"info@niteshfoodproducts.com",,,,,"-",,,"0","0","0","4","0","0000-00-00 00:00:00"
"2201","1",,"CORIANDER SEEDS GLOBAL DATA","IMPORTER","DI NAINAS SDN BHD","141-G, Jalan Bunus Off Jalan Masjid India, Kuala Lumpur, Wilayah Persekutuan 50100, Malaysia","132","0","0","+603-2202 8378","-","-","-","-","-","-","--",,,"0","0","0","4","0","0000-00-00 00:00:00"
"2202","1",,"CORIANDER SEEDS GLOBAL DATA","IMPORTER","ANNACHI MART INC","629 Doonwoods Crescent, Kitchener, ON, N2P 0E6, Canada","38","0","0",,,,,,,,"-",,,"0","0","0","4","0","0000-00-00 00:00:00"
"2203","1",,"CORIANDER SEEDS GLOBAL DATA","IMPORTER","Usha Food Imports Pty Ltd","39 Playford Crescent, Salisbury North, South Australia 5108, Australia","13","0","0","+61 (08) 8285 3336",,"info@ushaimports.com.au",,,,,"-",,,"0","0","0","4","0","0000-00-00 00:00:00"
"2204","1",,"CORIANDER SEEDS GLOBAL DATA","IMPORTER","CHATKAZZ SA PTY LIMITED",,"13","0","0",,,,,,,,"-",,,"0","0","0","4","0","0000-00-00 00:00:00"
"2205","1",,"CORIANDER SEEDS GLOBAL DATA","IMPORTER","Top Op Foods Ltd","Unit 5 & 6, Insignia Park Luton Road, LU5 4LW, United Kingdom","230","0","0","+44 (0)203 137 4477",,,,,,,"-",,,"0","0","0","4","0","0000-00-00 00:00:00"
"2206","1",,"CORIANDER SEEDS GLOBAL DATA","IMPORTER","JALPUR MILLERS WHOLESALE LTD","133 Harrison Road, Leicester, Leicestershire LE4 6NP, United Kingdom","230","0","0","+44 (0)116 224 6206",,"sales@jalpurmillers.co.uk",,,,,"-",,,"0","0","0","4","0","0000-00-00 00:00:00"
"2207","1",,"CORIANDER SEEDS GLOBAL DATA","IMPORTER","CASHEW NEW CO LIMITED","Building 3 Croxley Park, Hertfordshire, WD18 8YG, United Kingdom","230","0","0",,,,,,,,"-",,,"0","0","0","4","0","0000-00-00 00:00:00"
"2208","1",,"CORIANDER SEEDS GLOBAL DATA","IMPORTER","KWALITY THAI FOODS PVT LTD","Radha Krishna Marg (Near New District Police Office), Teenpaini, Biratnagar-2, Nepal","153","0","0","+977 021-516815 / +977 021-518771",,"kwalitynepal@gmail.com",,,,,"-",,,"0","0","0","4","0","0000-00-00 00:00:00"
"2209","1",,"CORIANDER SEEDS GLOBAL DATA","IMPORTER","KHALID DEREA AL DEREA HIS PARTNER CO LIMITED","Al Shabaniyah Street, Al Sulay District, Riyadh, Riyadh, 11342 Saudi Arabia","191","0","0","+966 11 2701031",,"info@kalderea.com",,,,,"-",,,"0","0","0","4","0","0000-00-00 00:00:00"
"2210","1",,"CORIANDER SEEDS GLOBAL DATA","IMPORTER","MUDUVAALI","Orchid Magu, Mal?, 20255, Maldives","133","0","0","+960 330-2923",,"info@muduvaali.com",,,,,"-",,,"0","0","0","4","0","0000-00-00 00:00:00"
"2211","1",,"CORIANDER SEEDS GLOBAL DATA","IMPORTER","V B L VIBRANT BRANDS LTD","East End House, Kenrick Way, West Bromwich, West Midlands, B71 4EA","230","0","0","0121 553 1999",,,,,,,"-",,,"0","0","0","4","0","0000-00-00 00:00:00"
"2212","1",,"CORIANDER SEEDS GLOBAL DATA","IMPORTER","CHAUDHARY FOOD TRADER GMBH","Montanstra?e 18, 13407 Berlin, Germany","155","0","0","+49302172347",,,,,,,"-",,,"0","0","0","4","0","0000-00-00 00:00:00"
"2213","1",,"CORIANDER SEEDS GLOBAL DATA","IMPORTER","Mini Asia GmbH","M?nsterstr. 11, 53111 Bonn, Germany","155","0","0","+49 228 4337791",,,,,,,"-",,,"0","0","0","4","0","0000-00-00 00:00:00"
"2214","1",,"CORIANDER SEEDS GLOBAL DATA","IMPORTER","Cashew Newco Ltd","Building 3 Croxley Park, Hertfordshire, United Kingdom, WD18 8YG","230","0","0","+44 20 8459 0909",,"ronak@vibrantfoods.com",,,,,"-",,,"0","0","0","4","0","0000-00-00 00:00:00"
"2215","1",,"CORIANDER SEEDS GLOBAL DATA","IMPORTER","BHASIN HOLDINGS CO","1-9, Wakamatsu-cho, 8-chome, Nagata-ku, Kobe-shi, Hyogo-ken, 653-0038, Japan","109","0","0","+81 78-798-5000",,"info@bhd-japan.jp",,,,,"-",,,"0","0","0","4","0","0000-00-00 00:00:00"
"2216","1",,"CORIANDER SEEDS GLOBAL DATA","IMPORTER","KTC EDIBLES LTD","J S House Moorcroft Drive, Wednesbury, West Midlands, WS10 7DE","230","0","0","+44 (0) 121 505 9200",,"customerenquiries@ktcfoodgroup.co.uk",,,,,"-",,,"0","0","0","4","0","0000-00-00 00:00:00"
"2217","1",,"CORIANDER SEEDS GLOBAL DATA","IMPORTER","AADI DISTRIBUTORS INC","7628 Benavon Road, Mississauga, Ontario, L4T 3G3, Canada","38","0","0","+1(905) 488-1611",,,,,,,"-",,,"0","0","0","4","0","0000-00-00 00:00:00"
"2218","1",,"CORIANDER SEEDS GLOBAL DATA","IMPORTER","UNJHASPICE INC",,"38","0","0","+16477791201",,,"https://www.unjhaspice.com/",,,,"-",,,"0","0","0","4","0","0000-00-00 00:00:00"
"2219","1",,"CORIANDER SEEDS GLOBAL DATA","IMPORTER","Gandhi Oriental Foods Ltd","Global House, First Floor, 299-303 Ballards Lane, London, United Kingdom, N12 8NP","230","0","0","+44 20 8593 2286",,"info@gofint.com",,,,,"-",,,"0","0","0","4","0","0000-00-00 00:00:00"
"2220","1",,"CORIANDER SEEDS GLOBAL DATA","IMPORTER","LULU CENTER INTERNATIONAL","Fourth Ring Rd, Al Rai 70853, Kuwait","117","0","0","+96524759333",,,,,,,"-",,,"0","0","0","4","0","0000-00-00 00:00:00"
"2221","1",,"CORIANDER SEEDS GLOBAL DATA","IMPORTER","INDO-ASIA OVERSEAS LTD","19, SSR Avenue, Sodnac, Quatre Bornes, Plaines Wilhems District, Mauritius","140","0","0","+230 52999999",,"indoasia.mru@gmail.com",,,,,"-",,,"0","0","0","4","0","0000-00-00 00:00:00"
"2222","1",,"CORIANDER SEEDS GLOBAL DATA","IMPORTER","URJA IMPEX LTD","Unit 5 Dockwells Estate, Central Way, Feltham, Middlesex, England, TW14 0RX","230","0","0","+44 20 8751 5005",,,,,,,"-",,,"0","0","0","4","0","0000-00-00 00:00:00"
"2223","1",,"CORIANDER SEEDS GLOBAL DATA","IMPORTER","ARTA EMPEROR SDN BHD","No 83-1 Jalan Ramin 1 KS/7 Bandar Botanic, Klang, Selangor, 41200 Malaysia","132","0","0","+603-3319 3200",,,,,,,"-",,,"0","0","0","4","0","0000-00-00 00:00:00"
"2224","1",,"CORIANDER SEEDS GLOBAL DATA","IMPORTER","PAWAN BROTHERS SPICES","Rangeli Road, Biratnagar, Nepal","153","0","0","+977 524490",,,,,,,"-",,,"0","0","0","4","0","0000-00-00 00:00:00"
"2225","1",,"CORIANDER SEEDS GLOBAL DATA","IMPORTER","MS CREODIA SAS","6 Rue Gay Lussac, 95500 Gonesse, France","75","0","0","+33 1 34 29 88 98","+33 7 67 38 88 98","contact@creodia.fr","https://www.creodia.fr/","-","-","-","-",,,"0","0","86","4","0","0000-00-00 00:00:00"
"2226","1",,"CORIANDER SEEDS GLOBAL DATA","IMPORTER","AL MUHARRAQ PICKLES AND SPICES","7JC5+4M, Busaiteen Ave Busaiteen, Block No:227, Road:5, Building No:56, Busaiteen, Bahrain","17","0","0","+97317333664",,"almuharraq.pickle@gmail.com","http://www.almuharraqpickles.com/",,,,"-",,,"0","0","0","4","0","0000-00-00 00:00:00"
"2227","1",,"CORIANDER SEEDS GLOBAL DATA","IMPORTER","AKG Foods Ltd","25 Melton Road, Leicester, Leicestershire, United Kingdom, LE4 6PN","230","0","0","+44 20 8459 0909",,,,,,,"-",,,"0","0","0","4","0","0000-00-00 00:00:00"
"2228","1",,"CORIANDER SEEDS GLOBAL DATA","IMPORTER","D H M SPA","Benjamin Vicuna Mackenna 530 Dpc C, Santiago, Santiago, 7500000, Chile","43","0","0","+56 2 2796 7600",,,,,,,"-",,,"0","0","0","4","0","0000-00-00 00:00:00"
"2229","1",,"CORIANDER SEEDS GLOBAL DATA","IMPORTER","NOSSH CO LTD","Flat 11 Chancery House, 199 Silbury Boulevard, Milton Keynes, United Kingdom, MK9 1JL","230","0","0",,,,,,,,"-",,,"0","0","0","4","0","0000-00-00 00:00:00"
"2230","1",,"CORIANDER SEEDS GLOBAL DATA","IMPORTER","WE MART LIMITED","147 Ohaupo Road, Melville, Hamilton 3206, New Zealand","157","0","0","+64 22 417 4416",,,,,,,"-",,,"0","0","0","4","0","0000-00-00 00:00:00"
"2231","1",,"CORIANDER SEEDS GLOBAL DATA","IMPORTER","M s Luxury Shopping Centre","5GG4+5P9, Majeedhee Magu Rd, Mal?, Maldives","133","0","0","+960 332-2029",,,,,,,"-",,,"0","0","0","4","0","0000-00-00 00:00:00"
"2232","1",,"CORIANDER SEEDS GLOBAL DATA","IMPORTER","GLOBAL FOODS TRADING AND CATERING WLLC","Street No 36, Industrial Area, South Doha, Qatar","178","0","0","+974-44882265",,,,,,,"-",,,"0","0","0","4","0","0000-00-00 00:00:00"
"2233","1",,"CORIANDER SEEDS GLOBAL DATA","IMPORTER","JJEXIM PVTLIMITED","J.J. House, Aadarsh Nagar, Birgunj - 44300, Nepal","153","0","0","+977 980-7288844",,,,,,,"-",,,"0","0","0","4","0","0000-00-00 00:00:00"
"2234","1",,"CORIANDER SEEDS GLOBAL DATA","IMPORTER","SAYE IMPEX LTD","15355 68 Ave Unit 120, Surrey, BC V3S 2C1, Canada","38","0","0","+17789877884",,,,,,,"-",,,"0","0","0","4","0","0000-00-00 00:00:00"
"2235","1",,"CORIANDER SEEDS GLOBAL DATA","IMPORTER","MJ Co",,"230","0","0",,,,,,,,"-",,,"0","0","0","4","0","0000-00-00 00:00:00"
"2236","1",,"CORIANDER SEEDS GLOBAL DATA","IMPORTER","I Ramsurrun Co Ltd","15 A Queen Street, Port Louis, Mauritius","140","0","0","+230 213 6714",,,,,,,"-",,,"0","0","0","4","0","0000-00-00 00:00:00"
"2237","1",,"CORIANDER SEEDS GLOBAL DATA","IMPORTER","BIKASH KIRANA BHANDAR","Yadukuha 45600, Nepal","153","0","0",,,,,,,,"-",,,"0","0","0","4","0","0000-00-00 00:00:00"
"2238","1",,"CORIANDER SEEDS GLOBAL DATA","IMPORTER","Home Food Direct Ltd","Unit 6, Trade City, 21 Montrose Road, Chelmsford, Essex, England, CM2 6TE","230","0","0","+44 7359 724610",,,,,,,"-",,,"0","0","0","4","0","0000-00-00 00:00:00"
"2239","1",,"CORIANDER SEEDS GLOBAL DATA","IMPORTER","GELDA FOODS","6320 Northwest Dr, Mississauga, ON L4V 1J7, Canada","38","0","0","+19056739320",,,"http://www.gelda.com/",,,,"-",,,"0","0","0","4","0","0000-00-00 00:00:00"
"2240","1",,"CORIANDER SEEDS GLOBAL DATA","IMPORTER","MSROSAN FOODS LTD","22 Britten Close, Blackburn, England, BB2 3TD","230","0","0",,,,,,,,"-",,,"0","0","0","4","0","0000-00-00 00:00:00"
"2241","1",,"CORIANDER SEEDS GLOBAL DATA","IMPORTER","Aggarwal Ag",,"155","0","0",,,,,,,,"-",,,"0","0","0","4","0","0000-00-00 00:00:00"
"2242","1",,"CORIANDER SEEDS GLOBAL DATA","IMPORTER","Hebron Pvt Ltd","Asaree Goalhi, Mal?, Maldives","133","0","0","+960 300-5926",,,,,,,"-",,,"0","0","0","4","0","0000-00-00 00:00:00"
"2243","1",,"CORIANDER SEEDS GLOBAL DATA","IMPORTER","SPICE TRADERS NZ LTD","Unit 3, 245 St Asaph Street, Christchurch Central, Christchurch, 8011, New Zealand","157","0","0",,,,,,,,"-",,,"0","0","0","4","0","0000-00-00 00:00:00"
"2244","1",,"CORIANDER SEEDS GLOBAL DATA","IMPORTER","PREMIUM FOODS PTY","128 Gilba Rd, Constitution Hill NSW 2145, Australia","13","0","0","+61 (03) 9620 3550",,"info@pafoods.com.au","https://pafoods.com.au/",,,,"-",,,"0","0","0","4","0","0000-00-00 00:00:00"
"2245","1",,"CORIANDER SEEDS GLOBAL DATA","IMPORTER","GIRO FOODS LIMITED","Welcome House, Glover Street, Birmingham, West Midlands, B9 4EP","230","0","0","+44 121 773 5811",,"info@girofood.com",,,,,"-",,,"0","0","0","4","0","0000-00-00 00:00:00"
"2246","1",,"CORIANDER SEEDS GLOBAL DATA","IMPORTER","PRISHA TRADE CONCERN","Naryantar, Shanker Chowk, Jorpati-4, Kathmandu, Nepal","153","0","0","+977 1-4911405 / +977 1-2073306 / +977 9851084661 ",,,,,,,"-",,,"0","0","0","4","0","0000-00-00 00:00:00"
"2247","1",,"CORIANDER SEEDS GLOBAL DATA","IMPORTER","DHILLON GROUP OF COMPANIES LIMITED","Oxford Factory Building, 4/F, Nos. 42-46 Wang Lung Street, Tsuen Wan, New Territories, Hong Kong","98","0","0","+852 2366 6534",,"info@dhillongrouphk.com",,,,,"-",,,"0","0","0","4","0","0000-00-00 00:00:00"
"2248","1",,"CORIANDER SEEDS GLOBAL DATA","IMPORTER","Nepal SBI Bank Ltd","Kamaladi, Kathmandu, Nepal","153","0","0","+977-1-5970333, Toll-Free: 16600120012",,"corporate@nsbl.com.np",,,,,"-",,,"0","0","0","4","0","0000-00-00 00:00:00"
"2249","1",,"CORIANDER SEEDS GLOBAL DATA","IMPORTER","M S LTD","Room A1, 14/F, Success Industrial Building, No.17 Sheung Hei Street, San Po Kong, Kowloon, Hong Kong","98","0","0","+852 2752 7603",,"info@mnshk.com",,,,,"-",,,"0","0","0","4","0","0000-00-00 00:00:00"
"2250","1",,"CORIANDER SEEDS GLOBAL DATA","IMPORTER","Natco Foods Ltd","Unit 2 Choithram House, Swan Business Park, Osier Way, Buckingham, MK18 1TB","230","0","0","+44 1280 825430",,"info@natcofoods.com",,,,,"-",,,"0","0","0","4","0","0000-00-00 00:00:00"
"2251","1",,"CORIANDER SEEDS GLOBAL DATA","IMPORTER","VELJI BHOVAN SONS TRADING LIMITED","V B House, Woodside End, Alperton, Wembley, Middlesex, HA0 1UR, United Kingdom","230","0","0","+44 20 8900 1355",,,,,,,"-",,,"0","0","0","4","0","0000-00-00 00:00:00"
"2252","1",,"CORIANDER SEEDS GLOBAL DATA","IMPORTER","P B FOODS LIMITED PROLOGIS","Prologis Park, Newhall Way, Bradford BD5 8LZ, United Kingdom","230","0","0","+44 (0)1274 660118",,"info@pbfoods.co.uk",,,,,"-",,,"0","0","0","4","0","0000-00-00 00:00:00"
"2253","1",,"CORIANDER SEEDS GLOBAL DATA","IMPORTER","Antivenin Multiple Enterprise","191 Tetlow Rd, Owerri 460241, Imo, Nigeria","160","0","0",,,,,,,,"-",,,"0","0","0","4","0","0000-00-00 00:00:00"
"2254","1",,"CORIANDER SEEDS GLOBAL DATA","IMPORTER","TOP-OP FOODS LIMITED","Unit 5 & 6, Insignia Park, Luton Road, Dunstable, Bedfordshire, LU5 4LW, United Kingdom","230","0","0","+44 203 137 4477",,"enquiries@top-op.com",,,,,"-",,,"0","0","0","4","0","0000-00-00 00:00:00"
"2255","1",,"CORIANDER SEEDS GLOBAL DATA","IMPORTER","ASIAN FOODS VALURI OY 2661890 9","Valurinkuja 2, 02650 Espoo, Finland","74","0","0","+358 40 510 2046","-","-","-","-","-","-","-",,,"0","0","0","4","0","0000-00-00 00:00:00"
"2256","1",,"CORIANDER SEEDS GLOBAL DATA","IMPORTER","AFTAB IMPEX","71A Milperra Rd, Revesby NSW 2212, Australia","13","0","0","+61297744794",,,,,,,"-",,,"0","0","0","4","0","0000-00-00 00:00:00"
"2257","1",,"CORIANDER SEEDS GLOBAL DATA","IMPORTER","SANDHU IMPORTS PTY LIMITED",,"13","0","0","+61433662613",,,"http://sandhuexportindia.com/?utm_source=gmb&utm_medium=referral",,,,"-",,,"0","0","0","4","0","0000-00-00 00:00:00"
"2258","1",,"CORIANDER SEEDS GLOBAL DATA","IMPORTER","INDIA EATERIES LIMITED","300 High Street North, Manor Park, London, E12 6SA","230","0","0","+44 20 8472 8025",,,,,,,"-",,,"0","0","0","4","0","0000-00-00 00:00:00"
"2259","1",,"CORIANDER SEEDS GLOBAL DATA","IMPORTER","FINEWAY INTERNATIONAL W L L","Industrial Area, GWC Park, Doha, Qatar","178","0","0","+974 401 193 53",,"info@finewayqa.com",,,,,"-",,,"0","0","0","4","0","0000-00-00 00:00:00"
"2260","1",,"CORIANDER SEEDS GLOBAL DATA","IMPORTER","SAMA JAMAL AL - AZL COMPANY","Iraq-basra/al-saadi Stbehind Fire Department, Post Code61001","104","0","0","+964 902122295",,,,,,,"-",,,"0","0","0","4","0","0000-00-00 00:00:00"
"2261","1",,"CORIANDER SEEDS GLOBAL DATA","IMPORTER","BARKAT FOOD STORE BOLTON LTD","275 Derby Street, Bolton, Greater Manchester, BL3 6LA, United Kingdom","230","0","0","+44 1204 386488",,,,,,,"-",,,"0","0","0","4","0","0000-00-00 00:00:00"
"2262","1",,"CORIANDER SEEDS GLOBAL DATA","IMPORTER","ENESAR CO LTD","36 Grafton Road, Croydon, Surrey, CR0 3RP, United Kingdom","230","0","0","+44 208 686 0873",,,,,,,"-",,,"0","0","0","4","0","0000-00-00 00:00:00"
"2263","1",,"CORIANDER SEEDS GLOBAL DATA","IMPORTER","VBLVIBRANT BRANDS LIMITED","East End House, Kenrick Way, West Bromwich, West Midlands, B71 4EA","230","0","0","+44 121 553 1999",,,,,,,"-",,,"0","0","0","4","0","0000-00-00 00:00:00"
"2264","1",,"CORIANDER SEEDS GLOBAL DATA","IMPORTER","Canx Marketing Inc","489 Brimley Rd Unit 9 and 10, Scarborough, ON M1J 1A3, Canada","38","0","0","+16474004749",,,,,,,"-",,,"0","0","0","4","0","0000-00-00 00:00:00"
"2265","1",,"CORIANDER SEEDS GLOBAL DATA","IMPORTER","NATCO FOODS LIMITED UNIT","Unit 2 Choithram House, Buckingham Business Park, Osier Way, Buckingham, MK18 1TB, United Kingdom","230","0","0","+44 1280 825430",,"info@natcofoods.com",,,,,"-",,,"0","0","0","4","0","0000-00-00 00:00:00"
"2266","1",,"CORIANDER SEEDS GLOBAL DATA","IMPORTER","Super Impex DR21 3732 305 AdyaruIndustrial Estate Sun Mill CompoundLower Parel Mumbai",,"153","0","0",,,,,,,,"-",,,"0","0","0","4","0","0000-00-00 00:00:00"
"2267","1",,"CORIANDER SEEDS GLOBAL DATA","IMPORTER","ROMANTIC HOUSE GENERAL TRADING CO","Floor no.3, Al-Hesham Complex, Makka Street, Fahahee, Kuwait","117","0","0","+965-67043289",,"info@romantichousegeneraltradingco.com",,,,,"-",,,"0","0","0","4","0","0000-00-00 00:00:00"
"2268","1",,"CORIANDER SEEDS GLOBAL DATA","IMPORTER","GUNARAJAN HANDELSAGENTUR","Seumestra?e 8, 28197 Bremen, Germany","82","0","0","+494215769594, +49 4921 3920010","+49 160 97960218","gunarajan@t-online.de"," www.emder-marine-logistic.org","-","-","-","-",,,"0","0","86","4","0","0000-00-00 00:00:00"
"2269","1",,"CORIANDER SEEDS GLOBAL DATA","IMPORTER","New Om Galla Kirana Bhandar","Gallamandi, si na pa 06, Siddharthanagar, Nepal","153","0","0","97771523463",,,,,,,"-",,,"0","0","0","4","0","0000-00-00 00:00:00"
"2270","1",,"CORIANDER SEEDS GLOBAL DATA","IMPORTER","MALAYALIKADA LIMITED","570A Swanson Road, Ranui, Auckland 0612, New Zealand","157","0","0","+64 21 275 9275",,"themalayalikada@gmail.com",,,,,"-",,,"0","0","0","4","0","0000-00-00 00:00:00"
"2271","1",,"CORIANDER SEEDS GLOBAL DATA","IMPORTER","Tajir Ltd","354 Ilford Lane, Ilford, Essex, IG1 2LX, United Kingdom","230","0","0","+44 7886 132327",,,,,,,"-",,,"0","0","0","4","0","0000-00-00 00:00:00"
"2272","1",,"CORIANDER SEEDS GLOBAL DATA","IMPORTER","NOTIFYINDUS FOODS LIMITED","55-58 Stratford Street North, Sparkbrook, Birmingham, B11 1BU, United Kingdom","230","0","0","+44 121 771 4330",,"amir@indusfoodsltd.com",,,,,"-",,,"0","0","0","4","0","0000-00-00 00:00:00"
"2273","1",,"CORIANDER SEEDS GLOBAL DATA","IMPORTER","ETABLISSEMENT MAMADOU DIAN DIALLO","Madina March? C/Matam, Conakry, Guinea","92","0","0",,,,,,,,"-",,,"0","0","0","4","0","0000-00-00 00:00:00"
"2274","1",,"CORIANDER SEEDS GLOBAL DATA","IMPORTER","Lakshmi Stores and Traders Ltd","2 Pontefract Street, Allenton, Derby, Derbyshire DE24 8JD, England","230","0","0","+44 1332 505250",,,,,,,"-",,,"0","0","0","4","0","0000-00-00 00:00:00"
"2275","1",,"CORIANDER SEEDS GLOBAL DATA","IMPORTER","SHREE SMA SPICES AND AGRO","bypass, Birgunj 44300, Nepal","153","0","0",,,,,,,,"-",,,"0","0","0","4","0","0000-00-00 00:00:00"
"2276","1",,"CORIANDER SEEDS GLOBAL DATA","IMPORTER","BARCODE FOOD LTD","31C French Road, Leicester, LE5 4AH, United Kingdom","230","0","0","+44 116 319 1932",,"info@barcodefood.com",,,,,"-",,,"0","0","0","4","0","0000-00-00 00:00:00"
"2277","1",,"CORIANDER SEEDS GLOBAL DATA","IMPORTER","Banyantree Foods LLP","7 Stratford Place, London W1C 1AY, United Kingdom","230","0","0","+44 20 3861 8615",,"info@banyantreefoods.co.uk",,,,,"-",,,"0","0","0","4","0","0000-00-00 00:00:00"
"2278","1",,"CORIANDER SEEDS GLOBAL DATA","IMPORTER","Asian Traders Ltd","Unit 5A, Silverdale Industrial Estate, Silverdale Road, Hayes, Middlesex, UB3 3BL, United Kingdom","230","0","0","+44 208 448 4669",,"info@asiantraders.co.uk",,,,,"-",,,"0","0","0","4","0","0000-00-00 00:00:00"
"2279","1",,"CORIANDER SEEDS GLOBAL DATA","IMPORTER","TOK INC LIMITED","328 Tuam Street, Christchurch Central, Christchurch, 8011, New Zealand","157","0","0","+64 3 421 3600",,,,,,,"-",,,"0","0","0","4","0","0000-00-00 00:00:00"
"2280","1",,"CORIANDER SEEDS GLOBAL DATA","IMPORTER","1002088 ONTARIO LIMITED","2681 Alta Vista Dr, Ottawa, ON, K1V 7T5, Canada","38","0","0",,,,,,,,"-",,,"0","0","0","4","0","0000-00-00 00:00:00"
"2281","1",,"CORIANDER SEEDS GLOBAL DATA","IMPORTER","MODERN MAJAN DESERTS","As Suwayq Street, Al Suwaiq, North Al Batinah Governorate, 102 Oman","165","0","0","-","+968 9739 9997 ,  +968 9933 0054","-",";","-","-","-","-",,,"0","0","0","4","0","0000-00-00 00:00:00"
"2282","1",,"CORIANDER SEEDS GLOBAL DATA","IMPORTER","HAJI STORES POKHARANAGAR PALIKA",,"153","0","0",,,,,,,,"-",,,"0","0","0","4","0","0000-00-00 00:00:00"
"2283","1",,"CORIANDER SEEDS GLOBAL DATA","IMPORTER","SOLID VISION CO LIMITED","Japan, ?132-0022 Tokyo, Edogawa City, Osugi, 5 Chome?37?8 ????","109","0","0","+81358794271",,,"https://www.solid-japan.com/",,,,"-",,,"0","0","0","4","0","0000-00-00 00:00:00"
"2284","1",,"CORIANDER SEEDS GLOBAL DATA","IMPORTER","THE HONGKONG AND SHANGHAI BANK CORPORTATION","1 Queen's Road Central, Central, Hong Kong","98","0","0","+852 2822 1111",,,,,,,"-",,,"0","0","0","4","0","0000-00-00 00:00:00"
"2285","1",,"CORIANDER SEEDS GLOBAL DATA","IMPORTER","SUNRISE SUPER FOODS INC","108A Trider Crescent, Dartmouth, NS B3B 1R6, Canada","38","0","0","+19024688779",,,"http://www.snaks.com/",,,,"-",,,"0","0","0","4","0","0000-00-00 00:00:00"
"2286","1",,"CORIANDER SEEDS GLOBAL DATA","IMPORTER","ROYAL ASIAN FOOD SRL","Via Guastalla 6 F, 42046 Reggiolo, Italy","107","0","0","+39 346 477 1848.",,,,,,,"-",,,"0","0","0","4","0","0000-00-00 00:00:00"
"2287","1",,"CORIANDER SEEDS GLOBAL DATA","IMPORTER","UNITY TRADERS LTD","Unit 81 Parkside Business Estate, Blackhorse Road, London, SE8 5HZ","230","0","0","+44 20 3183 0000",,,,,,,"-",,,"0","0","0","4","0","0000-00-00 00:00:00"
"2288","1",,"CORIANDER SEEDS GLOBAL DATA","IMPORTER","MFMSB",,"132","0","0",,,,,,,,"-",,,"0","0","0","4","0","0000-00-00 00:00:00"
"2289","1",,"CORIANDER SEEDS GLOBAL DATA","IMPORTER","KPL CANADA",,"38","0","0",,,,,,,,"-",,,"0","0","0","4","0","0000-00-00 00:00:00"
"2290","1",,"CORIANDER SEEDS GLOBAL DATA","IMPORTER","ABC AS LOGISTICS DUMI RI","218 Rue Poirier Local 1, Saint-Eustache, QC J7R 6B1, Canada","38","0","0","+14506233799",,"info@abclogistique.com","http://www.abclogistique.com/",,,,"-",,,"0","0","0","4","0","0000-00-00 00:00:00"
"2291","1",,"CORIANDER SEEDS GLOBAL DATA","IMPORTER","NAZRUL AND SONS","Shop No-17, Jahur Market, Road No-2, Court Hill, Chittagong 4000, Bangladesh","18","0","0","+8801819351844",,,,,,,"-",,,"0","0","0","4","0","0000-00-00 00:00:00"
"2292","1",,"CORIANDER SEEDS GLOBAL DATA","IMPORTER","AADHITYA ENTERPRISES LTD","26-10940 53 Ave NW, Edmonton, Alberta, T6H 0S3, Canada","38","0","0",,,,,,,,"-",,,"0","0","0","4","0","0000-00-00 00:00:00"
"2293","1",,"CORIANDER SEEDS GLOBAL DATA","IMPORTER","GIRO FOODS LTD","Welcome House, Glover Street, Birmingham, West Midlands, B9 4EP","230","0","0","+44 121 773 5811",,"info@girofood.com",,,,,"-",,,"0","0","0","4","0","0000-00-00 00:00:00"
"2294","1",,"CORIANDER SEEDS GLOBAL DATA","IMPORTER","JAY BRAND PVT LTD","Unit 9, Axiom Business Park, 41 Balcombe Road, Horley, Surrey, RH6 7HF","230","0","0","+44 1293 822244",,"sales@jaybrand.co.uk",,,,,"-",,,"0","0","0","4","0","0000-00-00 00:00:00"
"2295","1",,"CORIANDER SEEDS GLOBAL DATA","IMPORTER","DEV KST SUPPLIERS PVT LTD","Street No. 1, 3, Mahendranagar, Nepal 10400","153","0","0","+977 99-523899",,,,,,,"-",,,"0","0","0","4","0","0000-00-00 00:00:00"
"2296","1",,"CORIANDER SEEDS GLOBAL DATA","IMPORTER","SANGANRE GLOBAL CONCEPTS LTD","21 Road E Close House, 5 Festac Town, Lagos, Lagos State, Nigeria","160","0","0",,,,,,,,"-",,,"0","0","0","4","0","0000-00-00 00:00:00"
"2297","1",,"CORIANDER SEEDS GLOBAL DATA","IMPORTER","LLC Everfresh","108834, Moscow, p. Sosenskoe, p. Kommunarka, ul. Potapovskaia Roshcha, 10 korp. 2, pomeshch. 11, rab. m. 3","181","0","0",,,,,,,,"-",,,"0","0","0","4","0","0000-00-00 00:00:00"
"2298","1",,"CORIANDER SEEDS GLOBAL DATA","IMPORTER","CHAUDARY FOOD TRADERS SP O O","Montanstra?e 18, 13407 Berlin, Germany","175","0","0","+49302172347","+48 22 843 67 38","sklep@littleindia.pl","https://www.littleindia.pl/","-","-","-","-",,,"0","0","0","4","0","0000-00-00 00:00:00"
"2299","1",,"CORIANDER SEEDS GLOBAL DATA","IMPORTER","KHANJRA AND COMPANY","Greenbank Business Park, Blakewater Road, Blackburn, Lancashire, BB1 3HU","230","0","0","+44 1254 291430",,"sales@khanjra.co.uk",,,,,"-",,,"0","0","0","4","0","0000-00-00 00:00:00"
"2300","1",,"CORIANDER SEEDS GLOBAL DATA","IMPORTER","PICK N SAVE SUPERMARKETS LTD","202-204 Kenton Road, Kenton, Harrow, HA3 8BX","230","0","0","+44 208 907 8880",,"customerservices@picknsave.co.uk",,,,,"-",,,"0","0","0","4","0","0000-00-00 00:00:00"
"2301","1",,"CORIANDER SEEDS GLOBAL DATA","IMPORTER","NOORBISMI TRADING COMPANY SND BHD",,"32","0","0",,,,,,,,"-",,,"0","0","0","4","0","0000-00-00 00:00:00"
"2302","1",,"CORIANDER SEEDS GLOBAL DATA","IMPORTER","OPS KAINTH KAINTH MUSIC INDIAMUSIC BANK","Paul Krugerlaan 123, 2571 HD 's-Gravenhage, Netherlands","155","0","0","+31 70 345 8053",,,,,,,"-",,,"0","0","0","4","0","0000-00-00 00:00:00"
"2303","1",,"CORIANDER SEEDS GLOBAL DATA","IMPORTER","Lloyds Bank PLC","25 Gresham Street, London, EC2V 7HN","230","0","0","+44 20 7626 1500",,"info.email@lloydsbank.com",,,,,"-",,,"0","0","0","4","0","0000-00-00 00:00:00"
"2304","1",,"CORIANDER SEEDS GLOBAL DATA","IMPORTER","BARCLAYS BANK PLC","1 Churchill Place, London, E14 5HP","230","0","0","+44 20 7002 1111",,"info.email@barclays.com",,,,,"-",,,"0","0","0","4","0","0000-00-00 00:00:00"
"2305","1",,"CORIANDER SEEDS GLOBAL DATA","IMPORTER","KK FOOD AND SPICES TRADING FZ LLC","Jl. Daan Mogot Raya No. 59 A, Kota Administrasi Jakarta Barat 11470, Indonesia","229","0","0","+62 (021) 5653232","-","info@kkfoodhk.com","-","-","-","-","-",,,"0","0","0","4","0","0000-00-00 00:00:00"
"2306","1",,"CORIANDER SEEDS GLOBAL DATA","IMPORTER","DANI ORGANIC FOOD LTD","Unit 11 Claremont Way, Lakesview International Business Park, Hersden, Hoath, Canterbury, CT3 4JZ","230","0","0","+44 1843 579730",,"askme@daniorganics.com",,,,,"-",,,"0","0","0","4","0","0000-00-00 00:00:00"
"2307","1",,"CORIANDER SEEDS GLOBAL DATA","IMPORTER","R S AGRO FZE","-","229","0","0","-","-","-","-","-","-","-","-",,,"0","0","86","4","0","0000-00-00 00:00:00"
"2308","1",,"CORIANDER SEEDS GLOBAL DATA","IMPORTER","LLC ECOPRODUCTS","4024 475 Industrial Blvd, Macon, GA 31210, United States","81","0","0","(478) 320-9299",,,,,,,"-",,,"0","0","0","4","0","0000-00-00 00:00:00"
"2309","1",,"CORIANDER SEEDS GLOBAL DATA","IMPORTER","BE FOTZARD CO LTD","Boulevard du 1er Novembre,Quartier Asiatique N?68A2,BUJUMBURA, Bujumbura Siege, Burundi","35","0","0","+25761284791",,,,,,,"-",,,"0","0","0","4","0","0000-00-00 00:00:00"
"2310","1",,"CORIANDER SEEDS GLOBAL DATA","IMPORTER","QUEEN AUTO SPARE PARTS Ltd","327V+7HW, Kigali, Rwanda","35","0","0","+250788674906",,,,,,,"-",,,"0","0","0","4","0","0000-00-00 00:00:00"
"2311","1",,"CORIANDER SEEDS GLOBAL DATA","IMPORTER","INDUSTRIAL LINGESA S A","Km 18 1/2 Via Samborondon 18 1/2 Recinto Santa Marta, Samborond?n, Guayas, Ecuador","63","0","0","+593 4 2497532",,,,,,,"-",,,"0","0","0","4","0","0000-00-00 00:00:00"
"2312","1",,"CORIANDER SEEDS GLOBAL DATA","IMPORTER","LABEN DEL CARIBE S A DE C V",,"142","0","0",,,,,,,,"-",,,"0","0","0","4","0","0000-00-00 00:00:00"
"2313","1",,"CORIANDER SEEDS GLOBAL DATA","IMPORTER","DHIRANI TRADING CO","237 Al Rehman Trade Centre, Shahrah-e-Liaquat, Karachi, Sindh, Pakistan","166","0","0","+92 21 2443516, +92 21 3565581, +92 21 3565582",,"dhirani@cyber.net.pk",,,,,"-",,,"0","0","0","4","0","0000-00-00 00:00:00"
"2314","1",,"CORIANDER SEEDS GLOBAL DATA","IMPORTER","GHOSN ALZAYTOON CO","5 ABD EL WAHAB ST. , CAIRO , EGYPT","104","0","0","+201017300034",,"sales.ghosnalzaytoon@gmail.com",,,,,"-",,,"0","0","0","4","0","0000-00-00 00:00:00"
"2315","1",,"CORIANDER SEEDS GLOBAL DATA","IMPORTER","LLC SHERIF",,"144","0","0",,,,,,,,"-",,,"0","0","0","4","0","0000-00-00 00:00:00"
"2316","1",,"CORIANDER SEEDS GLOBAL DATA","IMPORTER","SHREE AGRO FOODS INDUSTRIES BARA PARWANIPUR RMUN HARWANIPURSAROJ","Bara (Fac.) Birgunj, Nepal","153","0","0","+977 527325",,,,,,,"-",,,"0","0","0","4","0","0000-00-00 00:00:00"
"2317","1",,"CORIANDER SEEDS GLOBAL DATA","IMPORTER","EKO ZIARNA SPOLKA ZOO KROLA STEFANA BATOREGO","Tadeusza Ko?ciuszki 7C, 47-400 Racib?rz, Poland","175","0","0","+48532406523","-","-","http://www.ekoziarna.pl/","-","-","-","--",,,"0","0","86","4","0","0000-00-00 00:00:00"
"2318","1",,"CORIANDER SEEDS GLOBAL DATA","IMPORTER","SHEIKH INTERNATIONAL","Suite OT-118, 7th Floor, Techno City, Office Tower, Off. I.I Chundrigar Road, Karachi-74000, Pakistan","166","0","0","+92-21-32270884-86",,"steels@sheikh-group.com, info@sheikh-group.com",,,,,"-",,,"0","0","0","4","0","0000-00-00 00:00:00"
"2319","1",,"CORIANDER SEEDS GLOBAL DATA","IMPORTER","TAS RESTAURANT LTD","20-22 New Globe Walk, London, SE1 9DR","230","0","0","+44 020 7928 3300",,"pide@tasrestaurants.co.uk",,,,,"-",,,"0","0","0","4","0","0000-00-00 00:00:00"
"2320","1",,"CORIANDER SEEDS GLOBAL DATA","IMPORTER","SARL LYNA BILDJUMLA","CITE KAZNEF LOT N 575, DJASR KASENTINA, Wilaya d Alger, Algeria","3","0","0","-","+213 560 715 039, +2","sarl_lyna@yahoo.com","-","---","-","-","-",,,"0","0","0","4","0","0000-00-00 00:00:00"
"2321","1",,"CORIANDER SEEDS GLOBAL DATA","IMPORTER","SEMTORG SP ZOO",,"175","0","0","+48 519 717 937",,"biuro@semtorg.pl",,,,,"-",,,"0","0","0","4","0","0000-00-00 00:00:00"
"2322","1",,"CORIANDER SEEDS GLOBAL DATA","IMPORTER","AL MAJD FOR IMPORT","Developers Area, Food Factory 232, Sadat City, Menoufia Governorate, Egypt","64","0","0","+20 02482430044 / +20 01050655561 (Mobile) / +20 0",,"info@almajd-export.com","https://almajd-export.com/",,,,"-",,,"0","0","0","4","0","0000-00-00 00:00:00"
"2323","1",,"CORIANDER SEEDS GLOBAL DATA","IMPORTER","GREEN SHORE FZ LLE",,"166","0","0",,,,,,,,"-",,,"0","0","0","4","0","0000-00-00 00:00:00"
"2324","1",,"CORIANDER SEEDS GLOBAL DATA","IMPORTER","P T SANGKAYA MAKMUR ABADI","Perkantoran CBD Pluit Blok C 20, Jalan Pluit Selatan Raya, Kelurahan Penjaringan, Kecamatan Penjaringan, Kabupaten Jakarta Utara, Provinsi DKI Jakarta, Kode Pos 14440, Indonesia","102","0","0","+62 816 1666 899/ +62 878 7536 2975",,"smabadi77@gmail.com",,,,,"-",,,"0","0","0","4","0","0000-00-00 00:00:00"
"2325","1",,"CORIANDER SEEDS GLOBAL DATA","IMPORTER","P T MANDALA NIAGA CEMERLANG","Jl. Pasar III, Komp. Green Sevilla Blok A No. 23, Medan, North Sumatra, Indonesia","102","0","0",,,,,,,,"-",,,"0","0","0","4","0","0000-00-00 00:00:00"
"2326","1",,"CORIANDER SEEDS GLOBAL DATA","IMPORTER","VELJI BHOVAN AND SONS TRADING LTD","V B House, Woodside End, Alperton, Wembley, Middlesex, HA0 1UR","230","0","0","+44 020 8900 1355",,,,,,,"-",,,"0","0","0","4","0","0000-00-00 00:00:00"
"2327","1",,"CORIANDER SEEDS GLOBAL DATA","IMPORTER","New Fame Foods Ltd","403 Alexandra Avenue, Rayners Lane, Harrow HA2 9SG, United Kingdom","230","0","0","+44 020 8869 9966",,,,,,,"-",,,"0","0","0","4","0","0000-00-00 00:00:00"
"2328","1",,"CORIANDER SEEDS GLOBAL DATA","IMPORTER","P B FOODS LTD","Prologis Park, Newhall Way, Bradford, West Yorkshire, BD5 8LZ","230","0","0","+44 1274 660118",,"info@pbfoods.co.uk",,,,,"-",,,"0","0","0","4","0","0000-00-00 00:00:00"
"2329","1",,"CORIANDER SEEDS GLOBAL DATA","IMPORTER","AGS FOODS DMCC","14 Rue Denis Papin, 95250 Beauchamp, France","0","0","0","+33 1 60 62 80 85",,"praveen@agseastafrica.com","https://www.agseastafrica.com/",,,,"-",,,"0","0","0","4","0","0000-00-00 00:00:00"
"2330","1",,"CORIANDER SEEDS GLOBAL DATA","IMPORTER","SWADEEP IMPEX FZE","E-6, First Floor, Green Park Extension, New Delhi, Delhi, India","101","0","0",,,,,,,,"-",,,"0","0","0","4","0","0000-00-00 00:00:00"
"2331","1",,"CORIANDER SEEDS GLOBAL DATA","IMPORTER","PB FOODS LTD",,"230","0","0",,,,,,,,"-",,,"0","0","0","4","0","0000-00-00 00:00:00"
"2332","1",,"CORIANDER SEEDS GLOBAL DATA","IMPORTER","AGRI BUSINESS DIVISION ILTD","7CVM+52G, Grand Trunk Rd, Nagarampalem, Guntur, Andhra Pradesh 522004","101","0","0","03322889371",,,"http://www.itcportal.com/itc-address/iltd.aspx",,,,"-",,,"0","0","0","4","0","0000-00-00 00:00:00"
"2333","1",,"CORIANDER SEEDS GLOBAL DATA","IMPORTER","SARL AL HAMEL FOOD","CITE BABA ALI RUE BATROUNA, BIRTOUTA, Wilaya d Alger, Algeria","3","0","0",,,,,,,,"-",,,"0","0","0","4","0","0000-00-00 00:00:00"
"2334","1",,"CORIANDER SEEDS GLOBAL DATA","IMPORTER","ZIOLTEX CEZARY BRZUSTOWICZ","Machnacz 16, 87-880 Brze?? Kujawski, Kujawsko-pomorskie","175","0","0","+48 54 252 67 95",,,,,,,"-",,,"0","0","0","4","0","0000-00-00 00:00:00"
"2335","1",,"CORIANDER SEEDS GLOBAL DATA","IMPORTER","GAMCO INTERNATIONAL","Plot No: H-185, P.E.C.H.S, Block-2, Near Jheel Park, Karachi, Sindh, Pakistan","166","0","0","+92 353 736352",,,,,,,"-",,,"0","0","0","4","0","0000-00-00 00:00:00"
"2336","1",,"CORIANDER SEEDS GLOBAL DATA","IMPORTER","REPRESENTS FERCON S A ANTES REPRESENTS FERCON LTDA","Carrera 40 #12a-139, Yumbo, Valle Del Cauca, Colombia","47","0","0","+57 602 6959614",,"portalweb@fercon.com.co",,"https://fercon.com.co/",,,"-",,,"0","0","0","4","0","0000-00-00 00:00:00"
"2337","1",,"CORIANDER SEEDS GLOBAL DATA","IMPORTER","ESTABLISHMENT NAJMAH TAYYIBAT FOR T",,"0","0","0",,,,,,,,"-",,,"0","0","0","4","0","0000-00-00 00:00:00"
"2338","1",,"CORIANDER SEEDS GLOBAL DATA","IMPORTER","M S BAHAR AL MUGSAIL TRAD CO P O BO","P.O Box 2933, Al Wafed Road, Salalah-211, Sultanate of Oman","0","0","0","+23 369135",,,,,,,"-",,,"0","0","0","4","0","0000-00-00 00:00:00"
"2339","1",,"CORIANDER SEEDS GLOBAL DATA","IMPORTER","GRACE GLOBAL SDN BHDNO 03 SPG 357","H# 03, SPG 357, Kg Kapok, Jln Muara, Brunei Darussalam","0","0","0","+673 713 3738",,"infograceglobal.bn@gmail.com",,,,,"-",,,"0","0","0","4","0","0000-00-00 00:00:00"
"2340","1",,"CORIANDER SEEDS GLOBAL DATA","IMPORTER","MALWATTE VALLEY PLANTATIONS PVT LTD CO","-","206","0","0","-","-","-","-","-","-","-","-",,,"0","0","0","4","0","0000-00-00 00:00:00"
"2341","1",,"CORIANDER SEEDS GLOBAL DATA","IMPORTER","Luxshan Import Ltd","KD Associates, 72 Wembley Park Drive, Wembley, Middlesex, HA9 8HB, United Kingdom","230","0","0",,,,,,,,"-",,,"0","0","0","4","0","0000-00-00 00:00:00"
"2342","1",,"CORIANDER SEEDS GLOBAL DATA","IMPORTER","Good Food SA","Balmaceda No. 3050, Santiago, Santiago, 8350689, Chile","43","0","0","+56 2 9478 6000",,,"www.gourmet.cl",,,,"-",,,"0","0","0","4","0","0000-00-00 00:00:00"
"2343","1",,"CORIANDER SEEDS GLOBAL DATA","IMPORTER","FOOD MAXX LTD","9 Queen Barracks Road, Lagos, Lagos 102272, Nigeria","160","0","0","+234 802 133 3600",,,,,,,"-",,,"0","0","0","4","0","0000-00-00 00:00:00"
"2344","1",,"CORIANDER SEEDS GLOBAL DATA","IMPORTER","RAFIMEX COMPANY LTD","Near UBA Bank Ghana Ltd, House No 64/8 Nmati Lane, Accra, Greater Accra, Ghana","83","0","0","+233 30 277 5888, +233 54 828 2828",,"contact@rafimex.com",,,,,"-",,,"0","0","0","4","0","0000-00-00 00:00:00"
"2345","1",,"CORIANDER SEEDS GLOBAL DATA","IMPORTER","YAKUBU MAHMUD",,"83","0","0",,,,,,,,"-",,,"0","0","0","4","0","0000-00-00 00:00:00"
"2346","1",,"CORIANDER SEEDS GLOBAL DATA","IMPORTER","SADIA ABDULAI",,"83","0","0",,,,,,,,"-",,,"0","0","0","4","0","0000-00-00 00:00:00"
"2347","1",,"CORIANDER SEEDS GLOBAL DATA","IMPORTER","THE NGUNI ZAMBEZI HOUSE BOAT CC",,"151","0","0",,,,,,,,"-",,,"0","0","0","4","0","0000-00-00 00:00:00"
"2348","1",,"CORIANDER SEEDS GLOBAL DATA","IMPORTER","AUTHENTIC DELIGHT TRADING AND ENTERPRISES CC",,"151","0","0","+264 81 398 8442",,,,,,,"-",,,"0","0","0","4","0","0000-00-00 00:00:00"
"2349","1",,"CORIANDER SEEDS GLOBAL DATA","IMPORTER","UNIPASS PAZARLAMA LTD","Organize Sanayi B?lgesi 2.Cadde No:48, Lefko?a / KKTC, Cyprus","56","0","0","+90 392 225 3029",,"info@unipassltd.com","https://www.unipassltd.com",,,,"-",,,"0","0","0","4","0","0000-00-00 00:00:00"
"2350","1",,"CORIANDER SEEDS GLOBAL DATA","IMPORTER","SCHENKER DEUTSLAND AG","Handelsring 10-12, 04356 Leipzig, Germany","82","0","0",,,,,,,,"-",,,"0","0","0","4","0","0000-00-00 00:00:00"
"2351","1",,"CORIANDER SEEDS GLOBAL DATA","IMPORTER","LB Enterprises Ltd","118-126 Ilford Lane, Ilford, Essex, IG1 2LE","230","0","0","+ 44 020 8848 0777",,,,,,,"-",,,"0","0","0","4","0","0000-00-00 00:00:00"
"2352","1",,"CORIANDER SEEDS GLOBAL DATA","IMPORTER","INVERSIONES ONODERA SA","Ave. Mariano Rivera, Edificio Productos Keiko, La Chorrera, Panama Oeste, 1115 Panama","169","0","0",,,,,,,,"-",,,"0","0","0","4","0","0000-00-00 00:00:00"
"2353","1",,"CORIANDER SEEDS GLOBAL DATA","IMPORTER","KAAVIYA LIMITED","Unit 5 Martinbridge Estate, Lincoln Road, Enfield, EN1 1SP, United Kingdom","230","0","0",,,,,,,,"-",,,"0","0","0","4","0","0000-00-00 00:00:00"
"2354","1",,"CORIANDER SEEDS GLOBAL DATA","IMPORTER","BANYANTREE FOODS","7 Stratford Place, London W1C 1AY, United Kingdom","230","0","0","+44 20 3861 8615",,"info@banyantreefoods.co.uk",,,,,"-",,,"0","0","0","4","0","0000-00-00 00:00:00"
"2355","1",,"CORIANDER SEEDS GLOBAL DATA","IMPORTER","MARIAFOODS GROBHANDEL MT LEBENSMITTEL","Auf d. H?he 63, 47059 Duisburg, Germany","82","0","0","+4920336957961","-","info@mariafoods.in","-","-","-","-","--",,,"0","0","0","4","0","0000-00-00 00:00:00"
"2356","1",,"CORIANDER SEEDS GLOBAL DATA","IMPORTER","Chemist Crop Care Ltd","Chemist Tower, 19/2, Eskaton Garden, Ramna, Dhaka-1000, Bangladesh","18","0","0","+880 2-9357916 (Dhaka), +880 19-76-686622 (Dhaka),",,"info@chemistbd.com",,,,,"-",,,"0","0","0","4","0","0000-00-00 00:00:00"
"2357","1",,"CORIANDER SEEDS GLOBAL DATA","IMPORTER","M S SANTI ENTERPRISE","Kashimbazar, Bolpur - Sriniketan Rd, Kashimbazar, West Bengal 731204","18","0","0",,,"https://santienterprise.zyrosite.com/",,,,,"-",,,"0","0","0","4","0","0000-00-00 00:00:00"
"2358","1",,"CORIANDER SEEDS GLOBAL DATA","IMPORTER","Ispahani Agro Ltd","7th Floor, Ispahani Building, 14 - 15 Motijheel C/A, Dhaka 1000, Bangladesh","18","0","0","+8801313443300",,"info_ial@mmispahani.com",,,,,"-",,,"0","0","0","4","0","0000-00-00 00:00:00"
"2359","1",,"CORIANDER SEEDS GLOBAL DATA","IMPORTER","M S MOLLA BIZ BHANDER","market, Molla Traders, 10 Bangabandhu National Stadium Rd, Dhaka 1000, Bangladesh","18","0","0","+8801671773424",,,,,,,"-",,,"0","0","0","4","0","0000-00-00 00:00:00"
"2360","1",,"CORIANDER SEEDS GLOBAL DATA","IMPORTER","S Agro Services Ltd","Mollar More, Gopalpur 6663, Bangladesh","18","0","0","+8801733237078",,,,,,,"-",,,"0","0","0","4","0","0000-00-00 00:00:00"
"2361","1",,"CORIANDER SEEDS GLOBAL DATA","IMPORTER","JOINT BUSINESS SYNDICATE",,"18","0","0",,,,,,,,"-",,,"0","0","0","4","0","0000-00-00 00:00:00"
"2362","1",,"CORIANDER SEEDS GLOBAL DATA","IMPORTER","SWANS INTERNATIONAL LIMITED","41 Devonshire Street, Ground Floor Office 1, London, United Kingdom, W1G 7AJ","230","0","0",,,,,,,,"-",,,"0","0","0","4","0","0000-00-00 00:00:00"
"2363","1",,"CORIANDER SEEDS GLOBAL DATA","IMPORTER","NOTIFY GHETIA LIMITED","55 Loudoun Road, St John's Wood, London, NW8 0DL","230","0","0","+44 20 8595 9451",,"info@ghetia.co.uk",,,,,"-",,,"0","0","0","4","0","0000-00-00 00:00:00"
"2364","1",,"CORIANDER SEEDS GLOBAL DATA","IMPORTER","PURE N SURE LIMITED","2 Desi S-Mart Supermarket, Addison Road Kings Heath, Birmingham, B14 7EW, England","230","0","0","+44 7733 620869",,,,,,,"-",,,"0","0","0","4","0","0000-00-00 00:00:00"
"2365","1",,"CORIANDER SEEDS GLOBAL DATA","IMPORTER","A T LTD",,"230","0","0",,,,,,,,"-",,,"0","0","0","4","0","0000-00-00 00:00:00"
"2366","1",,"CORIANDER SEEDS GLOBAL DATA","IMPORTER","GENTEEL ASSOCIATES UNIT 2 LLOYD CLOSE","Unit 2 Lloyd Close, Finedon Road Industrial Estate, Wellingborough, Northamptonshire, NN8 4SR","230","0","0","+44 1933 222868",,"info@genteelassociates.com",,,,,"-",,,"0","0","0","4","0","0000-00-00 00:00:00"
"2367","1",,"CORIANDER SEEDS GLOBAL DATA","IMPORTER","STREET FOOD JUNCTION LIMITED","242A Northolt Rd, South Harrow, Harrow HA2 8DU, United Kingdom","230","0","0","+442045374198",,,,,,,"-",,,"0","0","0","4","0","0000-00-00 00:00:00"
"2368","1",,"CORIANDER SEEDS GLOBAL DATA","IMPORTER","ASDI ITHALAT IHRACAT DIS TICARET LIMITED SIRKETI",,"3","0","0",,,,,,,,"-",,,"0","0","0","4","0","0000-00-00 00:00:00"
"2369","1",,"CORIANDER SEEDS GLOBAL DATA","IMPORTER","SAFI DI ITHALAT IHRACAT VE DIS TICARET LIMITED SIRKETI","Compagne Semar Diar Errahma, R?sidence Moubarek 16105, Birkhadem, Algeria","3","0","0","+21321448812",,,"http://safpi-dz.com/",,,,"-",,,"0","0","0","4","0","0000-00-00 00:00:00"
"2370","1",,"CORIANDER SEEDS GLOBAL DATA","IMPORTER","MOHAMMAD GULISTAN KHAN COMPANY","Mg Khan House, 10-11 Halifax Road, Cressex Business Park, High Wycombe, Buckinghamshire, HP12 3SD","230","0","0","+44 1494 531786",,,,,,,"-",,,"0","0","0","4","0","0000-00-00 00:00:00"
"2371","1",,"CORIANDER SEEDS GLOBAL DATA","IMPORTER","SALAH ALDEN OFFICE FOR IMPORT AND EXPORT","Abusamada Eldlengat, Albehira, Egypt","64","0","0","+20 045 3604518",,,,,,,"-",,,"0","0","0","4","0","0000-00-00 00:00:00"
"2372","1",,"CORIANDER SEEDS GLOBAL DATA","IMPORTER","ALMACENES ALTAMIRA SA DE CV","Andador Bodega A 7 1, 09040 Mexico City, Distrito Federal","142","0","0","+52 55 5694 1277",,"facturacion_altamira@hotmail.com",,,,,"-",,,"0","0","0","4","0","0000-00-00 00:00:00"
"2373","1",,"CORIANDER SEEDS GLOBAL DATA","IMPORTER","ALLIANCE SEMILLAS SA","Boulevard Aeropuerto Sur 9632, Oficina 1, Parque Industrial Enea, Pudahuel, Santiago","43","0","0","+56 2 2435 2270",,,"www.alliance.cl",,,,"-",,,"0","0","0","4","0","0000-00-00 00:00:00"
"2374","1",,"CORIANDER SEEDS GLOBAL DATA","IMPORTER","NEELAS HOME LIMITED","Unit 8 Block B Dockyard Industrial Estate, Woolwich Church Street, London SE18 5PQ, United Kingdom","230","0","0","+442088541977",,,,,,,"-",,,"0","0","0","4","0","0000-00-00 00:00:00"
"2375","1",,"CORIANDER SEEDS GLOBAL DATA","IMPORTER","OZBEY LEBENSMITTEL","R?merstr. 301, 47178 Duisburg, Germany","82","0","0","+49 203 4794422","+49 203 479 44 22","info@oezbey-ayran.de","https://www.oezbey-ayran.de/","-","-","-","-",,,"0","0","0","4","0","0000-00-00 00:00:00"
"2376","1",,"CORIANDER SEEDS GLOBAL DATA","IMPORTER","BICCH GURME LTD",,"33","0","0",,,,,,,,"-",,,"0","0","0","4","0","0000-00-00 00:00:00"
"2377","1",,"CORIANDER SEEDS GLOBAL DATA","IMPORTER","DEUTSCHE BANK UK GREAT BRITAIN","21 Moorfields, London, EC2Y 9DB","230","0","0","+44 20 754 58000",,,,,,,"-",,,"0","0","0","4","0","0000-00-00 00:00:00"
"2378","1",,"CORIANDER SEEDS GLOBAL DATA","IMPORTER","Sin Razon Social","Calle Plan de Guadalupe, Jojutla, 62909, Mexico","142","0","0","+52 734 343 3359",,,,,,,"-",,,"0","0","0","4","0","0000-00-00 00:00:00"
"2379","1",,"CORIANDER SEEDS GLOBAL DATA","IMPORTER","MOHAMMAD AL MESHAL FOR FOOD STUFF C",,"117","0","0","+965 247 48413",,"info@al-meshal.com",,,,,"-",,,"0","0","0","4","0","0000-00-00 00:00:00"
"2380","1",,"CORIANDER SEEDS GLOBAL DATA","IMPORTER","ALMDAWI OVERALL PROJECT CR NO 1277",,"165","0","0",,,,,,,,"-",,,"0","0","0","4","0","0000-00-00 00:00:00"
"2381","1",,"CORIANDER SEEDS GLOBAL DATA","IMPORTER","EMRAN ABDULMAJEED BEFARI TRADING",,"191","0","0","+966  6335556",,,,,,,"-",,,"0","0","0","4","0","0000-00-00 00:00:00"
"2382","1",,"CORIANDER SEEDS GLOBAL DATA","IMPORTER","HIRRA FOOD STUFF C R NO 16437 P O B","Doha, Qatar","178","0","0","+97455086219",,,,,,,"-",,,"0","0","0","4","0","0000-00-00 00:00:00"
"2383","1",,"CORIANDER SEEDS GLOBAL DATA","IMPORTER","CENTROAMERICA CIAL S A DE C V","31 Calle 14-11 Zona 5, Ciudad de Guatemala, GU","90","0","0","+502 2461 2727",,,,,,,"-",,,"0","0","0","4","0","0000-00-00 00:00:00"
"2384","1",,"CORIANDER SEEDS GLOBAL DATA","IMPORTER","ADAM AHMED",,"83","0","0",,,,,,,,"-",,,"0","0","0","4","0","0000-00-00 00:00:00"
"2385","1",,"CORIANDER SEEDS GLOBAL DATA","IMPORTER","Oasis Wholesalers Unit","Unit 21 Stadium Business Centre, North End Road, Wembley, HA9 0AT","230","0","0","+44 20 8900 9656",,,,,,,"-",,,"0","0","0","4","0","0000-00-00 00:00:00"
"2386","1",,"CORIANDER SEEDS GLOBAL DATA","IMPORTER","MOLINOS DE GUADALUPE SA","Goicoechea, 350m Norte de la Iglesia Cat?lica, San Jos?, Costa Rica","52","0","0","+506 2285-0320",,"servicio@molinosguadalupe.com","https://molinosdeguadalupe.com/",,,,"-",,,"0","0","0","4","0","0000-00-00 00:00:00"
"2387","1",,"CORIANDER SEEDS GLOBAL DATA","IMPORTER","EL COLONO AGROPECUARIO SA","5 Kil?metros este de la entrada principal a Gu?piles, sobre ruta 32, Lim?n/Pococ?/Jim?nez, Costa Rica","52","0","0","+506 2799-6098 (Phone), +506 6399-6000 (WhatsApp)",,"serviciosenlineaca@colonoagropecuario.com","https://colonoagropecuario.com/",,,,"-",,,"0","0","0","4","0","0000-00-00 00:00:00"
"2388","1",,"CORIANDER SEEDS GLOBAL DATA","IMPORTER","Agripack Seeds Ltd","Greenvalley Estate, Along Ruiru Eastern Bypass (Corner Stage), P.O Box 12775-00400, Nairobi, Kenya","113","0","0","+254 725 538 297 or +254 113 803 559",,"sales@agripackseeds.co.ke, info@agripackseeds.co.k",,,,,"-",,,"0","0","0","4","0","0000-00-00 00:00:00"
"2389","1",,"CORIANDER SEEDS GLOBAL DATA","IMPORTER","AT LIMITED",,"230","0","0",,,,,,,,"-",,,"0","0","0","4","0","0000-00-00 00:00:00"
"2391","1",,"CORIANDER SEEDS GLOBAL DATA","IMPORTER","TRI HITA CITRA PERSADA","Banjar Auman Pelaga Petang, Kabupaten Badung 80353, Bali, Indonesia","102","0","0","+62 (0361) 7993966",,,,,,,"-",,,"0","0","0","4","0","0000-00-00 00:00:00"
"2392","1",,"CORIANDER SEEDS GLOBAL DATA","IMPORTER","PT AGRINDO ANUGRAHA ALAMRAYA","Jl. Letkol Martinus Lubis No. 17-D, Kota Medan, Sumatera Utara, 20149, Indonesia","102","0","0","+62 61 4563046","-","agrindoanugrahalamraya@gmail.com","-","MARIO","-","-","-",,,"0","0","0","4","0","0000-00-00 00:00:00"
"2393","1",,"CORIANDER SEEDS GLOBAL DATA","IMPORTER","NEW LUCKY ALUMINIUM","Rua Nicolau Lobato, Campo Alor (In Front of City Auto), Dili, Timor-Leste","62","0","0","+670 7745 1120",,"hendra@newluckyaluminium.com","https://www.nla.co.id/",,,,"-",,,"0","0","0","4","0","0000-00-00 00:00:00"
"2394","1",,"CORIANDER SEEDS GLOBAL DATA","IMPORTER","V B LVIBRANT BRANDS LIMITED","East End House, Kenrick Way, West Bromwich, West Midlands, B71 4EA, United Kingdom","230","0","0","+44 121 553 1999",,,,,,,"-",,,"0","0","0","4","0","0000-00-00 00:00:00"
"2395","1",,"CORIANDER SEEDS GLOBAL DATA","IMPORTER","ENW",,"230","0","0",,,,,,,,"-",,,"0","0","0","4","0","0000-00-00 00:00:00"
"2396","1",,"CORIANDER SEEDS GLOBAL DATA","IMPORTER","Sakthi Retail Ltd","245-247 High Street North, Manor Park, London, E12 6SJ, United Kingdom","230","0","0","+44 1494 531786",,"info@sakthi.co.uk",,,,,"-",,,"0","0","0","4","0","0000-00-00 00:00:00"
"2397","1",,"CORIANDER SEEDS GLOBAL DATA","IMPORTER","SODITRACO SARL","79 NYAMAGABE, NYAMUGALI, Gasaka, Nyamagabe, Amajyepfo, Rwanda","182","0","0","+250 788 302 520 or +250 788 507 870",,"soditraco@yahoo.com",,,,,"-",,,"0","0","0","4","0","0000-00-00 00:00:00"
"2398","1",,"CORIANDER SEEDS GLOBAL DATA","IMPORTER","ALUMINUM CITY Ltd","Kigali City, Gasabo, Ndera, Rwanda","182","0","0","+250794303558",,,,,,,"-",,,"0","0","0","4","0","0000-00-00 00:00:00"
"2399","1",,"CORIANDER SEEDS GLOBAL DATA","IMPORTER","CECA GADIS STP","Avenida Marginal 12 de Julho, Passadeira do Hospital, P.O. Box 753, S?o Tom?, S?o Tom? e Pr?ncipe","190","0","0","+239 22-22-135",,"superckdostp.dir@cecagadis.com",,,,,"-",,,"0","0","0","4","0","0000-00-00 00:00:00"
"2400","1",,"CORIANDER SEEDS GLOBAL DATA","IMPORTER","RUHAINA TAHIRU BAMBA",,"83","0","0",,,,,,,,"-",,,"0","0","0","4","0","0000-00-00 00:00:00"
"2401","1",,"CORIANDER SEEDS GLOBAL DATA","IMPORTER","MARIAMA MOHAMMED",,"83","0","0",,,,,,,,"-",,,"0","0","0","4","0","0000-00-00 00:00:00"
"2402","1",,"CORIANDER SEEDS GLOBAL DATA","IMPORTER","FULERA ISSAH ISSIFU",,"83","0","0",,,,,,,,"-",,,"0","0","0","4","0","0000-00-00 00:00:00"
"2403","1",,"CORIANDER SEEDS GLOBAL DATA","IMPORTER","DEV IMPORTS LTD","19 Chestnut Court, Chestnut Avenue, Wembley, HA0 2LT, United Kingdom","230","0","0",,,,,,,,"-",,,"0","0","0","4","0","0000-00-00 00:00:00"
"2404","1",,"CORIANDER SEEDS GLOBAL DATA","IMPORTER","SOCIETE LA MINIATURE SARL",,"37","0","0",,,,,,,,"-",,,"0","0","0","4","0","0000-00-00 00:00:00"
"2405","1",,"CORIANDER SEEDS GLOBAL DATA","IMPORTER","3C Cameroon SAS",,"37","0","0",,,,,,,,"-",,,"0","0","0","4","0","0000-00-00 00:00:00"
"2406","1",,"CORIANDER SEEDS GLOBAL DATA","IMPORTER","CIAO CEYLON LIMITED","25e Whatawhata Road, Dinsdale, Hamilton, 3204, New Zealand","157","0","0","+64 7 260 2097",,,,,,,"-",,,"0","0","0","4","0","0000-00-00 00:00:00"
"2407","1",,"CORIANDER SEEDS GLOBAL DATA","IMPORTER","ANASAC CHILE SA","Almirante Pastene 300, Santiago, Santiago, 7500000, Chile","43","0","0","+56 2 2470 6800",,,"www.anasac.cl",,,,"-",,,"0","0","0","4","0","0000-00-00 00:00:00"
"2409","1",,"CORIANDER SEEDS GLOBAL DATA","IMPORTER","PT SURYA LOGISTIK INDONESIA","Perkantoran Enggano Lama, Jl. Enggano No. 15 Blok C No. 3, Tanjung Priok, Jakarta Utara, 14440, Indonesia","102","0","0",,,,,,,,"-",,,"0","0","0","4","0","0000-00-00 00:00:00"
"2410","1",,"CORIANDER SEEDS GLOBAL DATA","IMPORTER","NENGO FAM COMPANY Ltd",,"182","0","0",,,,,,,,"-",,,"0","0","0","4","0","0000-00-00 00:00:00"
"2411","1",,"CORIANDER SEEDS GLOBAL DATA","IMPORTER","ABDUL TRADERS 7 AFZAL MARKET REHMAN GALI NO 2","7-Afzal Market, Brandreth Road, Rehman Gali No 2, Lahore, Punjab, Pakistan","166","0","0","+92 42 765 3390, +92 42 765 1231",,"info@abdultraders.com",,,,,"-",,,"0","0","0","4","0","0000-00-00 00:00:00"
"2412","1",,"CORIANDER SEEDS GLOBAL DATA","IMPORTER","LUBNA FOODS LTD","164 Garnett Street, Bradford, BD3 9HA, United Kingdom","230","0","0","+44 1274 731728",,"sales@lubnafoods.com",,,,,"-",,,"0","0","0","4","0","0000-00-00 00:00:00"
"2413","1",,"CORIANDER SEEDS GLOBAL DATA","IMPORTER","ELEPHANT TRADING RWANDA LTD","Special Economic Zone, G2 Road, Plot E10 Kigali, Kigali, Rwanda","182","0","0","+250733311300",,,"http://www.rwandatc.com/",,,,"-",,,"0","0","0","4","0","0000-00-00 00:00:00"
"2414","1",,"CORIANDER SEEDS GLOBAL DATA","IMPORTER","ARCADIA FOOD INDUSTRIES LTD","Famos House, Pawson Street, Bradford, West Yorkshire, BD4 8AJ","230","0","0","+44 1274 656900",,"ownlabel@arcadia-foods.demon.uk",,,,,"-",,,"0","0","0","4","0","0000-00-00 00:00:00"
"2415","1",,"CORIANDER SEEDS GLOBAL DATA","IMPORTER","AVHAA LTD","5 Hewett Close, Stanmore, HA7 3BW, England","230","0","0","+44 7760 505757",,,,,,,"-",,,"0","0","0","4","0","0000-00-00 00:00:00"
"2416","1",,"CORIANDER SEEDS GLOBAL DATA","IMPORTER","BROVERSEAS UK LIMITED","1 Wood Hayes Croft, Wolverhampton, WV10 8PP, England","230","0","0",,,,,,,,"-",,,"0","0","0","4","0","0000-00-00 00:00:00"
"2417","1",,"CORIANDER SEEDS GLOBAL DATA","IMPORTER","Cashew Newco Ltd Fudco","Unit E, Cobbold Road, Cobbold Estate, Willesden, NW10 9ST, London","230","0","0","+44 208 845 0909",,"ronak@vibrantfoods.com",,,,,"-",,,"0","0","0","4","0","0000-00-00 00:00:00"
"2418","1",,"CORIANDER SEEDS GLOBAL DATA","IMPORTER","ALITTZ LTD","84 High Street, Slough, England, SL1 1EL","230","0","0",,,,,,,,"-",,,"0","0","0","4","0","0000-00-00 00:00:00"
"2419","1",,"CORIANDER SEEDS GLOBAL DATA","IMPORTER","KAJAL OVERSEAS LTD","Plot No 20910845 Moi Avenue, Nairobi, Kenya","113","0","0","+254 727 994 325",,"kajaloverseas1@gmail.com",,,,,"-",,,"0","0","0","4","0","0000-00-00 00:00:00"
"2420","1",,"CORIANDER SEEDS GLOBAL DATA","IMPORTER","RAMCO LOGISTICS LTD DR P4023D06 00257 63 CLAYTON S",,"230","0","0",,,,,,,,"-",,,"0","0","0","4","0","0000-00-00 00:00:00"
"2421","1",,"CORIANDER SEEDS GLOBAL DATA","IMPORTER","JF AGRO PVT LTD","B-71 Konda Bazar Rd, Savar 1340, Bangladesh","18","0","0","+801733004126",,,,,,,"-",,,"0","0","0","4","0","0000-00-00 00:00:00"
"2422","1",,"CORIANDER SEEDS GLOBAL DATA","IMPORTER","BRAC","Nipa Bhela , 204 kawler Noyabari,Dhakinkhan Dhaka BIMAN BANDAR, Bangladesh","18","0","0","+8801752997826",,"info@brac.net","http://www.brac.net/",,,,"-",,,"0","0","0","4","0","0000-00-00 00:00:00"
"2423","1",,"CORIANDER SEEDS GLOBAL DATA","IMPORTER","SONAMONI BIS VANDER","Nayanagar, Khilkhet, Dhaka, 1229, Bangladesh","18","0","0","+880 16-34-721128",,,,,,,"-",,,"0","0","0","4","0","0000-00-00 00:00:00"
"2424","1",,"CORIANDER SEEDS GLOBAL DATA","IMPORTER","MIKU TRADERS",,"18","0","0",,,,,,,,"-",,,"0","0","0","4","0","0000-00-00 00:00:00"
"2425","1",,"CORIANDER SEEDS GLOBAL DATA","IMPORTER","ISPAHANI AGRO LIMITED","7th Floor, Ispahani Building, 14 - 15 Motijheel C/A, Dhaka 1000, Bangladesh","18","0","0","+8801313443300",,"info_ial@mmispahani.com","https://ispahaniagro.com/",,,,"-",,,"0","0","0","4","0","0000-00-00 00:00:00"
"2426","1",,"CORIANDER SEEDS GLOBAL DATA","IMPORTER","A P ENTERPRISE","6 No. (3rd Floor), Saheed Tajuddin Ahmed Sarani, Moghbazar, Dhaka-1217, Bangladesh","18","0","0","+88-01730213354, +88-01811483779",,"business@apenterprisebd.com",,,,,"-",,,"0","0","0","4","0","0000-00-00 00:00:00"
"2427","1",,"CORIANDER SEEDS GLOBAL DATA","IMPORTER","L B Enterprises Ltd","47 South Rd, Southall UB1 1SQ, United Kingdom","230","0","0",,,,,,,,"-",,,"0","0","0","4","0","0000-00-00 00:00:00"
"2428","1",,"CORIANDER SEEDS GLOBAL DATA","IMPORTER","HAELSSEN LYON GMBH","Pickhuben 9, 20457 Hamburg, Germany","82","0","0","+49 40 361430","-","info@haelssen-lyon.com","https://www.haelssen-lyon.com","-","-","-","-",,,"0","0","0","4","0","0000-00-00 00:00:00"
"2429","1",,"CORIANDER SEEDS GLOBAL DATA","IMPORTER","GEZAHAGN YEDETE AFRICA TOWN CAFE BAR RESTAURANT IMPORTERS",,"13","0","0",,,,,,,,"-",,,"0","0","0","4","0","0000-00-00 00:00:00"
"2430","1",,"CORIANDER SEEDS GLOBAL DATA","IMPORTER","Capital Health Ltd","Unit 1d, Tewin Court Industrial Estate, Tewin Road, Welwyn Garden City, Hertfordshire, AL7 1AU","230","0","0","+44 1707 322022",,"palvesh@aol.com",,,,,"-",,,"0","0","0","4","0","0000-00-00 00:00:00"
"2431","1",,"CORIANDER SEEDS GLOBAL DATA","IMPORTER","SLENG LLC REPUBLIC OF MOLDOVA MD","3300 G Tiraspol Ul Energetikov D 2 A, Republic of Moldova","144","0","0",,,,,,,,"-",,,"0","0","0","4","0","0000-00-00 00:00:00"
"2432","1",,"CORIANDER SEEDS GLOBAL DATA","IMPORTER","ANAKUS LLC STR SIDORSKA","Ul. Sidorska 54-20a, 21-500 Bia?a Podlaska, Poland","175","0","0","+48 607 177 471","-","-","-","-","-","-","--",,,"0","0","86","4","0","0000-00-00 00:00:00"
"2433","1",,"CORIANDER SEEDS GLOBAL DATA","IMPORTER","M Spride Asia Foods Ltd","77-79 High Street, Barkingside, Essex, IG6 2AF","230","0","0","+44 208 855 2700",,,,,,,"-",,,"0","0","0","4","0","0000-00-00 00:00:00"
"2435","1",,"CORIANDER SEEDS GLOBAL DATA","IMPORTER","SAFIR COCOA TARIM SANAYI VE TICARET LTD",,"151","0","0",,,,,,,,"-",,,"0","0","0","4","0","0000-00-00 00:00:00"
"2436","1",,"CORIANDER SEEDS GLOBAL DATA","IMPORTER","Commodity Impex","Plot No: N.P. 11/28, Mezanine Floor, Sheikh Centre, Imam Hassan Street, Jodia Bazar, Karachi, Sindh, Pakistan","166","0","0","+92 21 32536913, +92 32 1 2544002",,"bilal@generalimpex.net",,,,,"-",,,"0","0","0","4","0","0000-00-00 00:00:00"
"2437","1",,"CORIANDER SEEDS GLOBAL DATA","IMPORTER","INDUS FOODS LIMITED","55-58 Stratford Street North, Sparkbrook, Birmingham, B11 1BU, United Kingdom","230","0","0","+44 121 771 4330",,"amir@indusfoodsltd.com",,,,,"-",,,"0","0","0","4","0","0000-00-00 00:00:00"
"2438","1",,"CORIANDER SEEDS GLOBAL DATA","IMPORTER","CREATIVE ASSOCIATE LIMITED","2 Maygreen Crescent, Hornchurch, England, RM11 1EJ","230","0","0","+44 20 8900 9656",,,,,,,"-",,,"0","0","0","4","0","0000-00-00 00:00:00"
"2439","1",,"CORIANDER SEEDS GLOBAL DATA","IMPORTER","NAVIO SHIPPING LLC","Suite 1801, Aspin Commercial Tower, Sheikh Zayed Road, Trade Centre 1, Dubai, United Arab Emirates","229","0","0","+971 435 55011",,"info.dxb@navio-shipping.com",,,,,"-",,,"0","0","0","4","0","0000-00-00 00:00:00"
"2440","1",,"CORIANDER SEEDS GLOBAL DATA","IMPORTER","ELPOL SPOLKA Z OGRANICZONA ODPOWIEDZIALNOSCIA SPOLKA KOMANDYTOWA","Osina Ma?a 14, 98-358 Osina Ma?a, Poland","175","0","0","+48724900907",,,"http://www.elpol.agro.pl/",,,,"-",,,"0","0","0","4","0","0000-00-00 00:00:00"
"2441","1",,"CORIANDER SEEDS GLOBAL DATA","IMPORTER","H B GMBH","Auenstr. 49, 73079 S??en, Baden-W?rttemberg, Germany","82","0","0","+49 (0)7056 939393",,"info@h-und-b.de","www.h-und-b.de",,,,"-",,,"0","0","0","4","0","0000-00-00 00:00:00"
"2442","1",,"CORIANDER SEEDS GLOBAL DATA","IMPORTER","GLOBAL TRADE HOUSE TARIMSAL URUNLER IC VE DIS TICARET LIMITED SIRKETI",,"102","0","0",,,,,,,,"-",,,"0","0","0","4","0","0000-00-00 00:00:00"
"2443","1",,"CORIANDER SEEDS GLOBAL DATA","IMPORTER","Benlink Logistics Ltd","carton experts ltd, Runyenjes road, Nairobi, Kenya","113","0","0","+254726245101",,,,,,,"-",,,"0","0","0","4","0","0000-00-00 00:00:00"
"2444","1",,"CORIANDER SEEDS GLOBAL DATA","IMPORTER","TAYBA SWEETS","Bergensesteenweg 129 Bruxelles, 1070 Anderlecht, Belgium","21","0","0","+32 486 16 81 94",,"t@taybasweets.be",,,,,"-",,,"0","0","0","4","0","0000-00-00 00:00:00"
"2445","1",,"CORIANDER SEEDS GLOBAL DATA","IMPORTER","SAMA AL HILAL TRADING CO LTD","Asad Ibn Al-Furat Street, Saudi Arabia","191","0","0",,,,,,,,"-",,,"0","0","0","4","0","0000-00-00 00:00:00"
"2446","1",,"CORIANDER SEEDS GLOBAL DATA","IMPORTER","BALAJI COMMODITIES","Suite # 616, 6th Floor, Chabba Street, Poonawala Trade Tower, Opposite City Court, Karachi - 74200, Pakistan","166","0","0","+92-21-32713467, +92-21-32462764",,"info@balajicommodities.com, manglani1969@gmail.com",,,,,"-",,,"0","0","0","4","0","0000-00-00 00:00:00"
"2447","1",,"CORIANDER SEEDS GLOBAL DATA","IMPORTER","MUHAMMAD COMMISSION SHOP","JR69+WQ4, Basti Mubarak Pur, Lodhran, Punjab, Pakistan","166","0","0","+923063179839",,,,,,,"-",,,"0","0","0","4","0","0000-00-00 00:00:00"
"2448","1",,"CORIANDER SEEDS GLOBAL DATA","IMPORTER","LAKHANI ENTERPRISES","Plot No: N.P. 11/28, Mezanine Floor, Sheikh Centre, Imam Hassan Street, Jodia Bazar, Karachi, Sindh, Pakistan","166","0","0","+92 21 32772174, +92 32 1 2544002",,"info@lakhanienterprises.com",,,,,"-",,,"0","0","0","4","0","0000-00-00 00:00:00"
"2449","1",,"CORIANDER SEEDS GLOBAL DATA","IMPORTER","HAMID COMPANY","G.910 11/12 Alah Wali Market, Abdullah Haroon Road, Saddar, Karachi, Sindh, Pakistan","166","0","0","+92-333-2321596",,,,,,,"-",,,"0","0","0","4","0","0000-00-00 00:00:00"
"2450","1",,"CORIANDER SEEDS GLOBAL DATA","IMPORTER","HUSSAIN TRADERS","House # CB 1073, Street # 3, Meharabad Colony, Peshawar Road, Rawalpindi, Pakistan","166","0","0","+92 340 5135211",,"info.mobilecity@gmail.com, info.hussaintraders@gma",,,,,"-",,,"0","0","0","4","0","0000-00-00 00:00:00"
"2451","1",,"CORIANDER SEEDS GLOBAL DATA","IMPORTER","GLOBAL INTERNATIONAL","Office 3, Second Floor, Zaman Plaza, Westridge 1, Rawalpindi, Punjab, 46000","166","0","0","+92-51-5491530",,"info@globalinternational.biz",,,,,"-",,,"0","0","0","4","0","0000-00-00 00:00:00"
"2452","1",,"CORIANDER SEEDS GLOBAL DATA","IMPORTER","MIK INDUSTRIES PVT LTD","Plot No S-206, Sector D-4, New Industrial Area, Mirpur, Azad Jammu and Kashmir, 10360, Pakistan","166","0","0",,,,,,,,"-",,,"0","0","0","4","0","0000-00-00 00:00:00"
"2453","1",,"CORIANDER SEEDS GLOBAL DATA","IMPORTER","Shalimar Food Industries","H # 4-A, ST # 11, Mehmood Street, Mohni Road, Lahore, Punjab, 53200","166","0","0","+92-42-37354824, +92-42-37637826",,,,,,,"-",,,"0","0","0","4","0","0000-00-00 00:00:00"
"2454","1",,"CORIANDER SEEDS GLOBAL DATA","IMPORTER","GENERAL IMPEX","N/P 11/28, Khem Chand Street, Jodia Bazar, Karachi, Sindh, Pakistan","166","0","0","+92-21-32524961, +92-21-32546146, +92-21-32546326",,"bilal@generalimpex.net",,,,,"-",,,"0","0","0","4","0","0000-00-00 00:00:00"
"2455","1",,"CORIANDER SEEDS GLOBAL DATA","IMPORTER","MOSANI INTERNATIONAL","MR 5/35, Shop # 2, Jodia Bazar, Phol Chowk, Karachi, Sindh, Pakistan","166","0","0","+92-21-32500277, +92-30-2152811",,"kashif-moosani@yahoo.com",,,,,"-",,,"0","0","0","4","0","0000-00-00 00:00:00"
"2456","1",,"CORIANDER SEEDS GLOBAL DATA","IMPORTER","SESAMEX 916 917 HUSSAIN TRADE CENTRE ALTAF HUSS","Suite # 916 & 917, 9th Floor, Hussain Trade Centre, Altaf Hussain Road, New Chali, Karachi, Sindh, Pakistan","166","0","0","+92-21-32211002, +92-21-32211230",,"aziz@midtransinternational.com",,,,,"-",,,"0","0","0","4","0","0000-00-00 00:00:00"
"2457","1",,"CORIANDER SEEDS GLOBAL DATA","IMPORTER","PROMISING PULSES INTERNATIONAL","POONAWALA TRADE TOWER, Opposite City Court, Karachi, Pakistan","166","0","0","+92-21-32713383",,,,,,,"-",,,"0","0","0","4","0","0000-00-00 00:00:00"
"2458","1",,"CORIANDER SEEDS GLOBAL DATA","IMPORTER","KHOJAK TRADING COMPANY","52W7+JF5, Chorner chohar mal road, Fatima Jinnah Rd, Quetta, 87300, Pakistan","166","0","0",,,,,,,,"-",,,"0","0","0","4","0","0000-00-00 00:00:00"
"2459","1",,"CORIANDER SEEDS GLOBAL DATA","IMPORTER","KAYLEE IRIS GASANGWA",,"35","0","0",,,,,,,,"-",,,"0","0","0","4","0","0000-00-00 00:00:00"
"2460","1",,"CORIANDER SEEDS GLOBAL DATA","IMPORTER","HOPITAL RUHENGERI","Ruhengeri Road, Ruhengeri, Burundi","35","0","0","+257 22279980",,,,,,,"-",,,"0","0","0","4","0","0000-00-00 00:00:00"
"2461","1",,"CORIANDER SEEDS GLOBAL DATA","IMPORTER","LAMECK M METHUSELA",,"35","0","0",,,,,,,,"-",,,"0","0","0","4","0","0000-00-00 00:00:00"
"2462","1",,"CORIANDER SEEDS GLOBAL DATA","IMPORTER","Bombay FoodStuff Trading Co LLC","Shop No. 17, Hawai Building, Al Ras Street, Al Ras, Deira, Dubai, UAE","229","0","0","971-4-225-1330",,"bombay@eim.ae or info@bombayfoodstuff.com",,,,,"-",,,"0","0","0","4","0","0000-00-00 00:00:00"
"2463","1",,"CORIANDER SEEDS GLOBAL DATA","IMPORTER","Jackys Retail LLC","Suite 03A, Curve Building, Sheikh Zayed Road, Dubai, UAE","229","0","0","971) 4-3388900",,,,,,,"-",,,"0","0","0","4","0","0000-00-00 00:00:00"
"2464","1",,"CORIANDER SEEDS GLOBAL DATA","IMPORTER","GYMA FOOD INDUSTRIES LLC",,"229","0","0",,,,,,,,"-",,,"0","0","0","4","0","0000-00-00 00:00:00"
"2465","1",,"CORIANDER SEEDS GLOBAL DATA","IMPORTER","Alia Mohammed Trading Co LLC","Ground & Mezzanine Floor, Rashid Al Yateem Building, Al Ras Street, Deira, Dubai, P O. Box 24770, Dubai, United Arab Emirates","229","0","0","+971 4 2268469",,"enquiry@aliamohd.com",,,,,"-",,,"0","0","0","4","0","0000-00-00 00:00:00"
"2466","1",,"CORIANDER SEEDS GLOBAL DATA","IMPORTER","Eco Future General Trading LLC","Bur Dubai, Dubai, United Arab Emirates","229","0","0","+971-563174514",,"ashwini@ecofuture.me",,,,,"-",,,"0","0","0","4","0","0000-00-00 00:00:00"
"2467","1",,"CORIANDER SEEDS GLOBAL DATA","IMPORTER","NAVEEN SANKAR GOODS WHOLESALERS LL CP","1st Street, Al Qusais Industrial 3, Deira, Dubai, United Arab Emirates","229","0","0","+971 50853",,,,,,,"-",,,"0","0","0","4","0","0000-00-00 00:00:00"
"2468","1",,"CORIANDER SEEDS GLOBAL DATA","IMPORTER","LULU HYPER MARKET P O BOX 6188 DUBAI UNITED ARAB EMIRATES",,"229","0","0","+971 4 325 0400",,"customercare@luluhypermarket.com",,,,,"-",,,"0","0","0","4","0","0000-00-00 00:00:00"
"2469","1",,"CORIANDER SEEDS GLOBAL DATA","IMPORTER","LA CASA DEL AGRICULTOR SA","200 Oeste y 200 Sur de la Estaci?n de Servicio Shell, Cartago, Cartago, Costa Rica","52","0","0","+506 2590-0555",,"info@casagri.co.cr","https://casagri.co.cr/",,,,"-",,,"0","0","0","4","0","0000-00-00 00:00:00"
"2470","1",,"CORIANDER SEEDS GLOBAL DATA","IMPORTER","H A A DRY FRUITS COMMISSION AGENT",,"166","0","0",,,,,,,,"-",,,"0","0","0","4","0","0000-00-00 00:00:00"
"2471","1",,"CORIANDER SEEDS GLOBAL DATA","IMPORTER","ALI TRADERS","A 258, Opposite Raw Steel, Arjun Nagar Street #1, Jinnah Road, Rawalpindi, Punjab, Pakistan","166","0","0",,,"info@alitraderspk.com",,,,,"-",,,"0","0","0","4","0","0000-00-00 00:00:00"
"2472","1",,"CORIANDER SEEDS GLOBAL DATA","IMPORTER","S T ENTERPRISES","House No.F-5/2, Block 17 Gulshan e Iqbal, Karachi","166","0","0","+92-21-32312593, +92-21-32312594",,,,,,,"-",,,"0","0","0","4","0","0000-00-00 00:00:00"
"2473","1",,"CORIANDER SEEDS GLOBAL DATA","IMPORTER","IMTIAZ PROVISION STORE"," Prestige Trade Center, 7th Floor, Main Shaheed-e-Millat Road, Karachi, Sindh, Pakistan","166","0","0","+92-21-111-468-429",,"hello@imtiaz.com.pk",,,,,"-",,,"0","0","0","4","0","0000-00-00 00:00:00"
"2474","1",,"CORIANDER SEEDS GLOBAL DATA","IMPORTER","Ibrahim Shikri Somo",,"113","0","0",,,,,,,,"-",,,"0","0","0","4","0","0000-00-00 00:00:00"
"2475","1",,"CORIANDER SEEDS GLOBAL DATA","IMPORTER","MOYALE SPICES SHOPS LTD","Plot No. 36/11/310 2nd Avenue Eastleigh 12th Street, Nairobi, Kenya","113","0","0","+254 721 766 451",,,,,,,"-",,,"0","0","0","4","0","0000-00-00 00:00:00"
"2476","1",,"CORIANDER SEEDS GLOBAL DATA","IMPORTER","Awais Enterprises","House 4, Street 4, Lahore, Punjab, Pakistan, 54000","166","0","0","+92-333-6099993",,,,,,,"-",,,"0","0","0","4","0","0000-00-00 00:00:00"
"2477","1",,"CORIANDER SEEDS GLOBAL DATA","IMPORTER","KAREENA TRADING S A R L",,"121","0","0"," (+961-961-1-877666)",,,,,,,"-",,,"0","0","0","4","0","0000-00-00 00:00:00"
"2478","1",,"CORIANDER SEEDS GLOBAL DATA","IMPORTER","M S GYMA FOOD INDUSTRIES LLC","Warehouse No. 1, Dubai Investments Park, Dubai, United Arab Emirates","229","0","0","+971 4 8816900",,,,,,,"-",,,"0","0","0","4","0","0000-00-00 00:00:00"
"2479","1",,"CORIANDER SEEDS GLOBAL DATA","IMPORTER","SHOROOQ AL DEIRA FOODSTUFF TRADING","Near Clock Tower, Dubai, UAE","229","0","0","+971 4 2264675",,,,,,,"-",,,"0","0","0","4","0","0000-00-00 00:00:00"
"2480","1",,"CORIANDER SEEDS GLOBAL DATA","IMPORTER","SOAM BD TRADING LTD",,"38","0","0",,,,,,,,"-",,,"0","0","0","4","0","0000-00-00 00:00:00"
"2481","1",,"CORIANDER SEEDS GLOBAL DATA","IMPORTER","DWI SEJAHTERA NUSANTARA","Ruko Puri Bintaro Indah Blok B1 No. 2, Jombang, Kec. Ciputat, Kota Tangerang Selatan, Banten 15414, Indonesia","102","0","0","+62 21 74861771 or +62 811 9301286","-","info1@dwiwarnainti.com or edy_pir@dwiwarnainti.com","-","Adi","-","-","-",,,"0","0","0","4","0","0000-00-00 00:00:00"
"2484","1",,"CORIANDER SEEDS GLOBAL DATA","IMPORTER","LLC SHERIF 3300 M TIRASPIL","81/11 Ul. Shevchenko, Tiraspol, U.A.T. St?nga Nistrului, 3300, Moldova","144","0","0","+373 53 63 110",,,,,,,"-",,,"0","0","0","4","0","0000-00-00 00:00:00"
"2485","1",,"CORIANDER SEEDS GLOBAL DATA","IMPORTER","LIFELINE ENTERPRISE GAUR","M8QG+278, Kathmandu 44600, Nepal","153","0","0",,,,,,,,"-",,,"0","0","0","4","0","0000-00-00 00:00:00"
"2486","1",,"Forwarding Agent","FORWARDING AGENT","THYE KIM TRADING LOGISTIC","1st Floor, Komlpeks Barter Trade, Jalan Pelabuhan Utara, Majlis Perbandaran Klang, Selangor, 42000","132","0","0","+603-3166 3048","-","-","-","-","-","-","--",,,"0","0","29","4","0","0000-00-00 00:00:00"
"2487","1",,"CORIANDER SEEDS GLOBAL DATA","IMPORTER","ZAHRA INTERNATIONAL FZCO OFFICE","217 6 East Wing Ablock, Dubai Airport Freezone, Al Twar, Dubai 371405, United Arab Emirates","229","0","0","+971 4-885-7478",,,,,,,"-",,,"0","0","0","4","0","0000-00-00 00:00:00"
"2488","1",,"CORIANDER SEEDS GLOBAL DATA","IMPORTER","SAIV LTDA","GV3H+P6G, Av. H?roes del Pac?fico, La Paz, Bolivia","26","0","0","+59122225961",,,,,,,"-",,,"0","0","0","4","0","0000-00-00 00:00:00"
"2489","1",,"CORIANDER SEEDS GLOBAL DATA","IMPORTER","UAB ALVAS IR KO REKLIU","Rekliu g. 1A, Panevezys, Panev??io, LT-35101, Lithuania","126","0","0","+370 45 514252",,"info@alvas.lt",,,,,"-",,,"0","0","0","4","0","0000-00-00 00:00:00"
"2490","1",,"CORIANDER SEEDS GLOBAL DATA","IMPORTER","PRAN AGRO LIMITED","Pran Road, 6400, Bangladesh","18","0","0","+8802222281792",,,"http://www.pranfoods.net/",,,,"-",,,"0","0","0","4","0","0000-00-00 00:00:00"
"2491","1",,"CORIANDER SEEDS GLOBAL DATA","IMPORTER","IDCO Foodstuff Trading LLC","Unit 30 10B Street, Ras Al Khor Industrial Area 2, Dubai, United Arab Emirates","229","0","0","+971 588558719",,"info@idcofoods.com",,,,,"-",,,"0","0","0","4","0","0000-00-00 00:00:00"
"2492","1",,"CORIANDER SEEDS GLOBAL DATA","IMPORTER","JA PA SPICE MERCHANTS NZ LTD","50 Queens Road, Panmure, Auckland, 1072, New Zealand","157","0","0",,,,,,,,"-",,,"0","0","0","4","0","0000-00-00 00:00:00"
"2493","1",,"CORIANDER SEEDS GLOBAL DATA","IMPORTER","JUWEL SEED COMPANY",,"18","0","0",,,,,,,,"-",,,"0","0","0","4","0","0000-00-00 00:00:00"
"2494","1",,"CORIANDER SEEDS GLOBAL DATA","IMPORTER","Haychem Bangladesh Limited","Rabbee House Building # B, Apartment # B-1, House CEN(B, 11 Rd 99, Dhaka 1212, Bangladesh","18","0","0","+880241080651",,"haychem@agni.com","https://haychembd.com/",,,,"-",,,"0","0","0","4","0","0000-00-00 00:00:00"
"2495","1",,"CORIANDER SEEDS GLOBAL DATA","IMPORTER","IP Pandaria Irina Ruslanovna",,"0","0","0",,,,,,,,"-",,,"0","0","0","4","0","0000-00-00 00:00:00"
"2496","1",,"CORIANDER SEEDS GLOBAL DATA","IMPORTER","CHEONG CHAN HUP KEE SDN BHD","No. 3, Lrg Kilang A, Petaling Jaya, Selangor, 46700","132","0","0","+603-7781 6925",,,,,,,"-",,,"0","0","0","4","0","0000-00-00 00:00:00"
"2497","1",,"CORIANDER SEEDS GLOBAL DATA","IMPORTER","ROBUST TRADE LINKS DMCC","18G, Silver Tower, Cluster I - Jumeirah Lake Towers - Dubai - United Arab Emirates","166","0","0","+971 4 447 4950",,"mail@kmgrobust.com",,,,,"-",,,"0","0","0","4","0","0000-00-00 00:00:00"
"2498","1",,"CORIANDER SEEDS GLOBAL DATA","IMPORTER","CV TEGUH INDAH ORI","Jl. Kolonel Sugiono Lt. II No. 5B, Kel. Aur, Medan Maimun, Kota Medan, Provinsi Sumatera Utara, Kode Pos: 20151","102","0","0","+62 811 606 1305","-","suntiosuntio@gmail.com","-","-","-","-","-",,,"0","0","0","4","0","0000-00-00 00:00:00"
"2499","1",,"CORIANDER SEEDS GLOBAL DATA","IMPORTER","PUTRA NUSA","Jl. Raya Cibolang Cisaat - Sukabhumi No.21, Cibolang Kaler, Kec. Cisaat, Kabupaten Sukabumi, Jawa Barat 43152, Indonesia","102","0","0","+62266210594","-","-","http://nusaputra.ac.id/","-","hrd@cvputranusa.com","-","-",,,"0","0","0","4","0","0000-00-00 00:00:00"
"2500","1",,"CORIANDER SEEDS GLOBAL DATA","IMPORTER","ZAHRA INTERNATIONAL FZCO","217 6 East Wing Ablock, Dubai Airport Freezone, Al Twar, Dubai, PO Box 371405, United Arab Emirates","229","0","0","+971-302-786-5213",,,,,,,"-",,,"0","0","0","4","0","0000-00-00 00:00:00"
"2501","1",,"CORIANDER SEEDS GLOBAL DATA","IMPORTER","BAHART FOOD HOUSE L LCAL BAHARNA STREET BUR DUBAIDUBAI","Meena Bazar Al Baharna Street, Bur Dubai, Dubai, United Arab Emirates","229","0","0","+971 4 353 0365",,,,,,,"-",,,"0","0","0","4","0","0000-00-00 00:00:00"
"2502","1",,"CORIANDER SEEDS GLOBAL DATA","IMPORTER","FAISAL FOODS","No. 4, Sharjah Trade Centre, 11th Floor, Office 4, Karachi, Sindh, 75600","166","0","0","+92-21-32471121, +92-21-32471122",,"info@faisalfoods.com",,,,,"-",,,"0","0","0","4","0","0000-00-00 00:00:00"
"2503","1",,"CORIANDER SEEDS GLOBAL DATA","IMPORTER","MR ALI ZAID ABADI DUBAI","68JF+PJ2 - Umm Hurair 2 - Dubai Healthcare City - Dubai - United Arab Emirates","229","0","0",,,,,,,,"-",,,"0","0","0","4","0","0000-00-00 00:00:00"
"2504","1",,"CORIANDER SEEDS GLOBAL DATA","IMPORTER","KND INVESTMENTS NIRAJKUMAR DARJI","POBOX 499LILONGWE, Lilongwe (Malawi) Lilongwe","131","0","0",,,,,,,,"-",,,"0","0","0","4","0","0000-00-00 00:00:00"
"2505","1",,"CORIANDER SEEDS GLOBAL DATA","IMPORTER","NITIN TRADERS","1161, Old Madhupura, Behind Mahajan Dawakhana, Madhupura Chowk, Near New Madhupura, Ahmedabad - 380004, Gujarat, India","101","0","0","+91-8047644688","-","nitin@nitinexport.in / exporternitin@gmail.com","-","-","-","-","-",,,"0","0","0","4","0","0000-00-00 00:00:00"
"2506","1",,"CORIANDER SEEDS GLOBAL DATA","IMPORTER","R K SEED FARMS REGD"," 316, Amber Tower, Commercial Complex, Azadpur Flyover, Gopal Nagar, Azadpur, Delhi - 110033, India","101","0","0","+91 11 2767 2877","-","info@rkseeds.com, rkseedsindia@yahoo.co.in","-","-","-","-","--",,,"0","0","86","4","0","0000-00-00 00:00:00"
"2507","1",,"CORIANDER SEEDS GLOBAL DATA","IMPORTER","RIZWAN SEED COMPANY","Lal Ludhiana Road, Near Radha Swami Satsang Ghar, Malerkotla, Punjab - 148023, India","101","0","0","+91 88222 6670","-","-","-","-","-","-","--",,,"0","0","86","4","0","0000-00-00 00:00:00"
"2508","1",,"CORIANDER SEEDS GLOBAL DATA","IMPORTER","Royal Dhall Mill","No.6, Lingam Plats, Perambur, Gurumurthy Garden Street, Chennai, Tamil Nadu, 600011, India","101","0","0","+91 9884901239",,,,,,,"-",,,"0","0","0","4","0","0000-00-00 00:00:00"
"2509","1",,"CORIANDER SEEDS GLOBAL DATA","IMPORTER","Immerse Tradex","Gopavadi, Opp. Hanuman Mandir, Navagadh, Jetpur, Gujarat 360370, India","101","0","0","+91 96870 18189",,,,,,,"-",,,"0","0","0","4","0","0000-00-00 00:00:00"
"2510","1",,"CORIANDER SEEDS GLOBAL DATA","IMPORTER","NISHANT EXPORTS","8/141, EFG Puthanthode Kanamaly, Kochi, Ernakulam, Kerala 682008, India","101","0","0","+91 94470 26004","-","-","nishantexport@yahoo.co.in","-","-","-","--",,,"0","0","86","4","0","0000-00-00 00:00:00"
"2511","1",,"CORIANDER SEEDS GLOBAL DATA","IMPORTER","HARI OM AGRO INDUSTRIES","Survey NO 324/1, Nehrunagar Main Road, Atika South Dhebar Road, Rajkot, Gujarat 360002, India","101","0","0","+91 90330 13331",,,"hoagroind@yahoo.com",,,,"-",,,"0","0","0","4","0","0000-00-00 00:00:00"
"2512","1",,"CORIANDER SEEDS GLOBAL DATA","IMPORTER","NHAVA SHEVA BUSINESS PARK PRIVATE LIMITED","Ahura Centre, A Wing, 5th Floor, Mahakali Caves Road, Andheri (East), Mumbai, Maharashtra 400093, India","101","0","0","+91 22 4906 3333/02227243500","-","-","secretarial@dpworld.com","-","-","-","-",,,"0","0","86","4","0","0000-00-00 00:00:00"
"2513","1",,"CORIANDER SEEDS GLOBAL DATA","IMPORTER","KHUSH EXPORT C O MANGAL TIRTH PARTY PLOT BHUYANGDEV TO MEMNAGAR","Mangal Tirth Party Plot, 212/1, Opposite Kamal Society, Memnagar Road, Ahmedabad, Gujarat 380052, India","101","0","0","+91 98250 82645",,,"anil@khushexports.com",,,,"-",,,"0","0","0","4","0","0000-00-00 00:00:00"
"2514","1",,"CORIANDER SEEDS GLOBAL DATA","IMPORTER","Spice Asia Pvt Ltd","K-64/55 Goladina Nath, Varanasi, Uttar Pradesh 221001, India","101","0","0","+91 85 43 909090",,,,,,,"-",,,"0","0","0","4","0","0000-00-00 00:00:00"
"2515","1",,"CORIANDER SEEDS GLOBAL DATA","IMPORTER","Royal Seeds Corporation","Plot No.40B, Industrial Estate, Kallur, Kurnool, Andhra Pradesh 518003","101","0","0","+91 90300 57608",,,,,,,"-",,,"0","0","0","4","0","0000-00-00 00:00:00"
"2516","1",,"CORIANDER SEEDS GLOBAL DATA","IMPORTER","PHALADA AGRO RESEARCH FOUNDATIONS P","No. 92/5, Kannalli, Seegehalli Cross, Magadi Main Road, Bengaluru, Karnataka 560091","101","0","0","+91 8028536762","+91 80 2853 6761 , +91 80 2853 6763 ","info@phaladaagro.com,, msg@phaladaagro.com","www.phaladaagro.com","-","-","-","-",,,"0","0","86","4","0","0000-00-00 00:00:00"
"2517","1",,"CORIANDER SEEDS GLOBAL DATA","IMPORTER","AJEET SEEDS PVT LTD","Gut No. 233, Chitegaon, Tq. Paithan, Dist. Aurangabad, Maharashtra 431105","101","0","0","+91-9922933999","-","aurangabad@ajeetseed.co.in, anil.jadhav@ajeetseed.","-","-","-","-","-",,,"0","0","0","4","0","0000-00-00 00:00:00"
"2518","1",,"CORIANDER SEEDS GLOBAL DATA","IMPORTER","SHANUGA SPICES PVT LTD","983/B, Building No A/20, Aishwarya Apartment, Shukrawar Peth, Pune, Maharashtra 411002","101","0","0","+91-20-24445576","+91‑98220‑36901, 86684 32518","-","shanugaspices@gmail.com","-","-","-","--",,,"0","0","86","4","0","0000-00-00 00:00:00"
"2519","1",,"CORIANDER SEEDS GLOBAL DATA","IMPORTER","INDO AMERICAN HYBRID SEEDS INDIA PVT LTD","Sy No 13/4 & 14, 7th Km, Banashankari-Kengeri Link Road, Channasandra, Rajeshwarinagar, Bengaluru, Karnataka 560098","101","0","0","+91 8028611499"," +91 80 6760 111","iahs@indamseeds.com, admin@indamseeds.com, santosh","indamseeds.com","-","-","-","-",,,"0","0","0","4","0","0000-00-00 00:00:00"
"2520","1",,"CORIANDER SEEDS GLOBAL DATA","IMPORTER","KALPATARU AGROCOM","20 Jagruti Nagar, Near Dharam Cinema, Gayatri Mandir Road, Mehsana, Gujarat 384002","101","0","0","+91 8160772806","-","marketing@kalpataruagrocom.com","marketing@kalpataruagrocom.com","-","-","-","--",,,"0","0","86","4","0","0000-00-00 00:00:00"
"2521","1",,"CORIANDER SEEDS GLOBAL DATA","IMPORTER","BLACK LINE GENERAL TRADING","Sharjah Industrial City, Al Sajaa Industrial Area, Sharjah, United Arab Emirates","229","0","0","+971 65340035",,"info@blacklineuae.com",,,,,"-",,,"0","0","0","4","0","0000-00-00 00:00:00"
"2522","1",,"CORIANDER SEEDS GLOBAL DATA","IMPORTER","Orbex General Trading LLC","Office No. 1, Wadi Al Safa 3, Bur Dubai, Dubai, United Arab Emirates","229","0","0","+971-4-3339191",,"sales@orbex.ae",,,,,"-",,,"0","0","0","4","0","0000-00-00 00:00:00"
"2523","1",,"CORIANDER SEEDS GLOBAL DATA","IMPORTER","TORONTO CANADA",,"38","0","0",,,,,,,,"-",,,"0","0","0","4","0","0000-00-00 00:00:00"
"2524","1",,"CORIANDER SEEDS GLOBAL DATA","IMPORTER","POOJA SPICES PACKAGING HATTIBAN LALITPUR","Hattiban, Lalitpur, Nepal","153","0","0",,,,,,,,"-",,,"0","0","0","4","0","0000-00-00 00:00:00"
"2525","1",,"CORIANDER SEEDS GLOBAL DATA","IMPORTER","MUHAMMAD HADI FOODSSTUFFTRADING LLC","Shop No. 27, Al Ahmadiya Building, Al Ras, Deira, Dubai, United Arab Emirates","229","0","0","+971 4 225 5806",,"msh07@eim.ae",,,,,"-",,,"0","0","0","4","0","0000-00-00 00:00:00"
"2526","1",,"Cargo Services","CARGO SERVICE","GREAT NEPTUNE ENTERPRISE SDN BHD","No 49-03, Jalan Kota 2, Taman Cahaya Kota Puteri, 81750 Masai, Johor, Malaysia","132","0","0","+607-276 1822","-","admin@greatneptune.com","-","-","-","-","--",,,"0","0","29","4","0","0000-00-00 00:00:00"
"2527","1",,"CORIANDER SEEDS GLOBAL DATA","IMPORTER","SS INC",,"38","0","0",,,,,,,,"-",,,"0","0","0","4","0","0000-00-00 00:00:00"
"2528","1",,"CORIANDER SEEDS GLOBAL DATA","IMPORTER","Superasia Wholesale Distributors Ltd","5423 61 Ave SE #110, Calgary, AB T2C 5N7, Canada","38","0","0","+15874416655",,"hello@superasia.ca","http://www.superasia.ca/",,,,"-",,,"0","0","0","4","0","0000-00-00 00:00:00"
"2529","1",,"CORIANDER SEEDS GLOBAL DATA","IMPORTER","GAMEBOY GENERAL TRADING","P.O. Box No. 326815, Shop No. 01, Abu Bakr Salam Building, Plot No. 1303, Umm Al Quainn Al Raafh, UAE","229","0","0","+971 55 340 77 77",,,,,,,"-",,,"0","0","0","4","0","0000-00-00 00:00:00"
"2530","1",,"CORIANDER SEEDS GLOBAL DATA","IMPORTER","Marine Corner General Trading L L C","Near Grand City Mall, Al Quoz Street, Al Quoz, Amir Ahmed Building, Shop #310, Dubai, United Arab Emirates","229","0","0","+971-4-3806034",,,,,,,"-",,,"0","0","0","4","0","0000-00-00 00:00:00"
"2531","1",,"CORIANDER SEEDS GLOBAL DATA","IMPORTER","Spice Star Foodstuff Trading LLC","Office No. 201, Al Hashmi Building, Al Ras, Deira, Dubai, United Arab Emirates","229","0","0","+971 4 226 3637",,"rrjain@spicestar.ae | info@spicestar.ae",,,,,"-",,,"0","0","0","4","0","0000-00-00 00:00:00"
"2532","1",,"CORIANDER SEEDS GLOBAL DATA","IMPORTER","JMJ IMPORT","21 Rue Hubert Delisle, Saint-Denis 97400, R?union","179","0","0","+262692469557",,,,,,,"-",,,"0","0","0","4","0","0000-00-00 00:00:00"
"2533","1",,"CORIANDER SEEDS GLOBAL DATA","IMPORTER","CAISHEN ONEPORT INTERNATIONAL CO","Rm 108 Gf Regina Bldg Burke Cor Escolta St.brgy. 291 Zone 27 Binono Ma Nila City Philippines 1006 Tin No:609 674 292 000, Philippines","173","0","0",,,,,,,,"-",,,"0","0","0","4","0","0000-00-00 00:00:00"
"2534","1",,"CORIANDER SEEDS GLOBAL DATA","IMPORTER","UAE NOTIFY 1 AGROX GULF HOLDING FZE","Near Dubai Gold Souq, 703, Al Khor Building, Baniyas Road, Deira, Dubai, United Arab Emirates","229","0","0",,,,,,,,"-",,,"0","0","0","4","0","0000-00-00 00:00:00"
"2535","1",,"CORIANDER SEEDS GLOBAL DATA","IMPORTER","SILVER LINING EXIM SERVICES","401-1030 South Park Street, Halifax, Nova Scotia, B3H 2W3, Canada","38","0","0",,,,,,,,"-",,,"0","0","0","4","0","0000-00-00 00:00:00"
"2536","1",,"CORIANDER SEEDS GLOBAL DATA","IMPORTER","HARI MUKUND BUILDERSFORET NOIRE","Industrial Estate, Providence, Mahe, 7 Victoria, Mont Buxton","194","0","0","+248 437 3795, +248 437 3787",,"haribld@seychelles.net",,,,,"-",,,"0","0","0","4","0","0000-00-00 00:00:00"
"2537","1",,"CORIANDER SEEDS GLOBAL DATA","IMPORTER","FRUITICANA PRODUCE LIMITED","7676 129a St, Surrey, BC V3W 4H7, Canada","38","0","0","+16045020005",,"info@fruiticana.com","https://www.fruiticana.com/",,,,"-",,,"0","0","0","4","0","0000-00-00 00:00:00"
"2538","1",,"CORIANDER SEEDS GLOBAL DATA","IMPORTER","Eshwar Consulting Inc",,"38","0","0",,,,,,,,"-",,,"0","0","0","4","0","0000-00-00 00:00:00"
"2539","1",,"CORIANDER SEEDS GLOBAL DATA","IMPORTER","KHUSHBOO FOODS PTY LTD","9/25 Amax Ave, Girraween NSW 2145, Australia","13","0","0",,,,"http://www.khushboo.com.au/about/",,,,"-",,,"0","0","0","4","0","0000-00-00 00:00:00"
"2540","1",,"CORIANDER SEEDS GLOBAL DATA","IMPORTER","Wadi Al Shams General Trading LLC","Al Salam, 8, Sikka 29a street, 1st Floor, Office 110, Al Buteen, Deira, Dubai, United Arab Emirates","229","0","0","+971 4 229 1429",,,,,,,"-",,,"0","0","0","4","0","0000-00-00 00:00:00"
"2541","1",,"CORIANDER SEEDS GLOBAL DATA","IMPORTER","Vel Spices Pvt Ltd","20 Boundary Rd, Carrum Downs VIC 3201, Australia","13","0","0","+61397828611",,,"https://velspices.com.au/",,,,"-",,,"0","0","0","4","0","0000-00-00 00:00:00"
"2542","1",,"CORIANDER SEEDS GLOBAL DATA","IMPORTER","GUJARAT GROCERIES AND FOODS","287 Glidden Rd #14, Brampton, ON L6W 1H9, Canada","38","0","0","+19054578333",,,"http://www.gujaratifoods.ca/",,,,"-",,,"0","0","0","4","0","0000-00-00 00:00:00"
"2543","1",,"CORIANDER SEEDS GLOBAL DATA","IMPORTER","MR STEVEN CARUSSI","Level 3, Suite 24 242/244 Caroline Springs Blvd, Caroline Springs VIC 3023, Australia","13","0","0","+61392176388",,,,,,,"-",,,"0","0","0","4","0","0000-00-00 00:00:00"
"2544","1",,"CORIANDER SEEDS GLOBAL DATA","IMPORTER","EURO SEVEN GENERAL TRADING LLC","Behind Day to Day, Deira City Centre, Office No. A/305, Centurion Star A, 7, 34th Street Road, Port Saeed, Dubai, Dubai, United Arab Emirates","229","0","0","+971 4 227 6334",,"info@euroseven.ae",,,,,"-",,,"0","0","0","4","0","0000-00-00 00:00:00"
"2545","1",,"CORIANDER SEEDS GLOBAL DATA","IMPORTER","MSYAAQOUB HAMDAN FOOD STUFF TRADING NG CO LLC","Office # 203, 2nd Floor, Al Fahim Building, Al Ras Street, Deira, Dubai, United Arab Emirates","229","0","0","+971 4 2265640",,"toofail@emirates.net.ae",,,,,"-",,,"0","0","0","4","0","0000-00-00 00:00:00"
"2546","1",,"CORIANDER SEEDS GLOBAL DATA","IMPORTER","GAGAN FOODS INTERNATIONAL LTD","7717 Beedie Way Unit 101, Delta, BC V4G 0A5, Canada","38","0","0","+16045836000",,,"http://www.gaganfoods.com/",,,,"-",,,"0","0","0","4","0","0000-00-00 00:00:00"
"2547","1",,"CORIANDER SEEDS GLOBAL DATA","IMPORTER","PAWAN KIRANA BHANDAR","Sangam Path, Butwal, Nepal","153","0","0",,,,,,,,"-",,,"0","0","0","4","0","0000-00-00 00:00:00"
"2548","1",,"CORIANDER SEEDS GLOBAL DATA","IMPORTER","Contil Canada Ltd","10 Light beam terrace, Brampton, ON L6Y 6H9, Canada","38","0","0","+16472971664",,"info@contilgroup.com","https://contilgroup.com/",,,,"-",,,"0","0","0","4","0","0000-00-00 00:00:00"
"2549","1",,"CORIANDER SEEDS GLOBAL DATA","IMPORTER","TAMANG ENTERPRISE","Gechu Shopping Complex, Phuentsholing, Bhutan","25","0","0","+975-5-252393",,,,,,,"-",,,"0","0","0","4","0","0000-00-00 00:00:00"
"2550","1",,"CORIANDER SEEDS GLOBAL DATA","IMPORTER","D KUMAR SINGH","Ratu Kadavulevu Road, Visama Nausori, Nausori, Fiji","73","0","0","+679 66 9957447",,"anilesh.singh@yahoo.com",,,,,"-",,,"0","0","0","4","0","0000-00-00 00:00:00"
"2551","1",,"CORIANDER SEEDS GLOBAL DATA","IMPORTER","AL HASNAA FOODSTUFF TRADING LLC","Building 115, 14 Nadd Al Hamar Road, Al Habtoor Building, Dubai, United Arab Emirates","229","0","0","+971 4 289 6560",,,,,,,"-",,,"0","0","0","4","0","0000-00-00 00:00:00"
"2552","1",,"CORIANDER SEEDS GLOBAL DATA","IMPORTER","MINSA CREATION GENERAL TRADING COL LC OFFICE2021 AL HILAL BANK","Office 202-1, Al Hilal Bank Building, Al Qusais, Dubai, United Arab Emirates","229","0","0","+971 50 293 9772 / +971 547 469 600",,"info@minsacreation.com",,,,,"-",,,"0","0","0","4","0","0000-00-00 00:00:00"
"2553","1",,"CORIANDER SEEDS GLOBAL DATA","IMPORTER","Al SHOWAIB AL DHAHABI GENERAL TRADI NG LLC","Shop No. 1, Al Bateen, Al Souq Al Kabeer, Deira, Dubai, United Arab Emirates","229","0","0","+971 4 225 2055",,,,,,,"-",,,"0","0","0","4","0","0000-00-00 00:00:00"
"2554","1",,"CORIANDER SEEDS GLOBAL DATA","IMPORTER","DOSA DOSA INC","249 Queen St E, Brampton, ON L6W 2B8, Canada","38","0","0","+19052303003",,,"http://www.dosadosainc.com/",,,,"-",,,"0","0","0","4","0","0000-00-00 00:00:00"
"2555","1",,"CORIANDER SEEDS GLOBAL DATA","IMPORTER","AL MAYA INTERNATIONAL LIMITED","National Industries Park (Techno Park), Jebel Ali - 3, Dubai, United Arab Emirates","229","0","0","+971 4 823 0000",,"info@almaya.ae",,,,,"-",,,"0","0","0","4","0","0000-00-00 00:00:00"
"2556","1",,"CORIANDER SEEDS GLOBAL DATA","IMPORTER","Dugar Spices and Food Products Pvt Ltd","H08, Biratnagar 56613, Nepal","153","0","0","+977 985-2022174",,"brt@dugarspices.com",,,,,"-",,,"0","0","0","4","0","0000-00-00 00:00:00"
"2557","1",,"CORIANDER SEEDS GLOBAL DATA","IMPORTER","BGTL",,"229","0","0",,,,,,,,"-",,,"0","0","0","4","0","0000-00-00 00:00:00"
"2558","1",,"CORIANDER SEEDS GLOBAL DATA","IMPORTER","KAVERI GENERAL TRADING L L C","Al Khalafi Building, 27, 41 Street, Dubai, UAE","229","0","0","+971 545296299",,"info@kaveritrading.com",,,,,"-",,,"0","0","0","4","0","0000-00-00 00:00:00"
"2559","1",,"CORIANDER SEEDS GLOBAL DATA","IMPORTER","MRS SHENBAGAM GANESAN",,"105","0","0",,,,,,,,"-",,,"0","0","0","4","0","0000-00-00 00:00:00"
"2560","1",,"CORIANDER SEEDS GLOBAL DATA","IMPORTER","FINEWAY INTERNATIONAL TRADING L L C","D57 ? Dubai Investments Park 2, PO Box: 44175, Dubai, UAE","229","0","0","+971 4 884 0660 / +971 52 925 1899",,"info@finewayintl.com / sales@finewayintl.com",,,,,"-",,,"0","0","0","4","0","0000-00-00 00:00:00"
"2561","1",,"CORIANDER SEEDS GLOBAL DATA","IMPORTER","Kalikama International Ltd","18 Adeyinka Street, Ilupeju, Lagos, Nigeria","160","0","0",,,,,,,,"-",,,"0","0","0","4","0","0000-00-00 00:00:00"
"2562","1",,"CORIANDER SEEDS GLOBAL DATA","IMPORTER","Royal Techno Foodstuff Trading LLC","Dubai, Ras Al Khor Industrial Area 2","229","0","0","+971 50 370 1424",,"info@royaltechnofood.com",,,,,"-",,,"0","0","0","4","0","0000-00-00 00:00:00"
"2563","1",,"CORIANDER SEEDS GLOBAL DATA","IMPORTER","Herbland Ltd","12340 Horseshoe Way, Richmond, BC V7A 4Z1, Canada","38","0","0","+16042845050",,,"http://www.herbaland.ca/",,,,"-",,,"0","0","0","4","0","0000-00-00 00:00:00"
"2564","1",,"CORIANDER SEEDS GLOBAL DATA","IMPORTER","The Rajdhani Seed Company","Hannan Mansion, 1st Floor, 174 Siddique Bazar, Dhaka 1000, Bangladesh","18","0","0","+880 2 956 6432",,"maroshid@aitlbd.net",,,,,"-",,,"0","0","0","4","0","0000-00-00 00:00:00"
"2565","1",,"CORIANDER SEEDS GLOBAL DATA","IMPORTER","SIVASHAN IMPORTS AND EXPORTS PNG LTD","Po Box 4120 Boroko Sec 62 Lot 15 Hohola Ncd Court Compound Gordonsport Moresby Papua New Guinea Guinea, Guinea ","170","0","0",,,,,,,,"-",,,"0","0","0","4","0","0000-00-00 00:00:00"
"2566","1",,"CORIANDER SEEDS GLOBAL DATA","IMPORTER","Basmatt Al Hayat Supermarket LLC","24 Street, Ras Al Khor Industrial 1, Dubai","229","0","0","+971 50864",,,,,,,"-",,,"0","0","0","4","0","0000-00-00 00:00:00"
"2567","1",,"CORIANDER SEEDS GLOBAL DATA","IMPORTER","GYMA FOODS INDUSTRIES LLC","Dubai Investments Park 2, P.O. Box 16886, Dubai","229","0","0","+971 4-885-7478",,"info@gyma.ae",,,,,"-",,,"0","0","0","4","0","0000-00-00 00:00:00"
"2568","1",,"CORIANDER SEEDS GLOBAL DATA","IMPORTER","AGRINESTS FOODSTUFF TRADING LLC","Al Mussallah Rd - Al Fahidi, Dubai","229","0","0","+971 56 120 4851",,"sales@agrinests.com",,,,,"-",,,"0","0","0","4","0","0000-00-00 00:00:00"
"2569","1",,"CORIANDER SEEDS GLOBAL DATA","IMPORTER","Mahaveer International Fzc","Office 15, Near Raydox Technologies (FZE), E88 Road, SAIF Zone, Sharjah","229","0","0","+971 56 495 283",,,,,,,"-",,,"0","0","0","4","0","0000-00-00 00:00:00"
"2570","1",,"CORIANDER SEEDS GLOBAL DATA","IMPORTER","SMS PRODUCE INC","2499 Eglinton Ave E, Scarborough, ON M1K 2R1, Canada","38","0","0","+1(647) 350-2416",,,,,,,"-",,,"0","0","0","4","0","0000-00-00 00:00:00"
"2571","1",,"CORIANDER SEEDS GLOBAL DATA","IMPORTER","TradeMed LLC","73 bul. Erkindik, Bishkek, Kyrgyzstan","118","0","0","+996 553 38 30 20",,"trademedllc@gmail.com",,,,,"-",,,"0","0","0","4","0","0000-00-00 00:00:00"
"2572","1",,"CORIANDER SEEDS GLOBAL DATA","IMPORTER","ALIF SEED FARM TALBARIA SANTIR MORE BAZARJASHOR",,"18","0","0",,,,,,,,"-",,,"0","0","0","4","0","0000-00-00 00:00:00"
"2573","1",,"CORIANDER SEEDS GLOBAL DATA","IMPORTER","F B EVENING STORE PVT LTD","H. Adduge, First Floor, Raivilaa Magu, Mal?, 00960, Maldives","133","0","0","+960 330-3750",,,,,,,"-",,,"0","0","0","4","0","0000-00-00 00:00:00"
"2574","1",,"CORIANDER SEEDS GLOBAL DATA","IMPORTER","Kamala Overseas Ltd","2 Newry Close, East Tamaki Heights, Auckland 2016","157","0","0","+64 9 278 2880",,,,,,,"-",,,"0","0","0","4","0","0000-00-00 00:00:00"
"2575","1",,"CORIANDER SEEDS GLOBAL DATA","IMPORTER","Raproex Global Pte Ltd","Vision Exchange, #13-30, No 2 Venture Drive, Singapore - 608526 (Parent company Sun Impex is headquartered in Dubai, UAE)","229","0","0","+971 4-885-7478",,"enquiries@raproex.com",,,,,"-",,,"0","0","0","4","0","0000-00-00 00:00:00"
"2576","1",,"CORIANDER SEEDS GLOBAL DATA","IMPORTER","MEZBAN FOODSTUFF TRADING L L C AL B","Al Mussallah Rd - Al Fahidi, Dubai","229","0","0","+971 56 120 4851",,,,,,,"-",,,"0","0","0","4","0","0000-00-00 00:00:00"
"2577","1",,"CORIANDER SEEDS GLOBAL DATA","IMPORTER","MADHOOR SUPERMARKET LLC","Ground Floor, Al Baker Building, Al Fahidi Street, Souk Al Kabeer, Bur Dubai, Dubai","229","0","0","+971 4 352 3609",,"madhoor@emirates.net.ae",,,,,"-",,,"0","0","0","4","0","0000-00-00 00:00:00"
"2578","1",,"CORIANDER SEEDS GLOBAL DATA","IMPORTER","DIVIT TRADING LLC","Warehouse No. 4, Al Qusais Industrial Area 3, Deira, Dubai","229","0","0","+971 4 330 7478",,,,,,,"-",,,"0","0","0","4","0","0000-00-00 00:00:00"
"2579","1",,"CORIANDER SEEDS GLOBAL DATA","IMPORTER","NAMCO FOOD STUFF TRADING LLC","30 10B Street, Ras Al Khor Industrial Area 2, Dubai","229","0","0",,,,,,,,"-",,,"0","0","0","4","0","0000-00-00 00:00:00"
"2580","1",,"CORIANDER SEEDS GLOBAL DATA","IMPORTER","Smiley Foodstuff and Trading","7GGG+G4M, Doha, Qatar","178","0","0","+97450727373",,,,,,,"-",,,"0","0","0","4","0","0000-00-00 00:00:00"
"2581","1",,"CORIANDER SEEDS GLOBAL DATA","IMPORTER","Sanjay Trading Co LLC",,"37","0","0",,,,,,,,"-",,,"0","0","0","4","0","0000-00-00 00:00:00"
"2582","1",,"CORIANDER SEEDS GLOBAL DATA","IMPORTER","Maa Enterprise","130 Haji Osman Gani Rd, Dhaka 1100, Bangladesh","18","0","0","+88029564977",,,"http://maa-enterprise.com/",,,,"-",,,"0","0","0","4","0","0000-00-00 00:00:00"
"2583","1",,"CORIANDER SEEDS GLOBAL DATA","IMPORTER","Royal Traders Pvt Ltd","H. Thoddoge Street, Male', Male, Maldives","133","0","0","+960 33 7646",,,,,,,"-",,,"0","0","0","4","0","0000-00-00 00:00:00"
"2584","1",,"CORIANDER SEEDS GLOBAL DATA","IMPORTER","QUAGGA FOODS BV","Burghardt van Den Berghstraat 40, 6512 DM Nijmegen, Netherlands","155","0","0","+31243228080",,,,,,,"-",,,"0","0","0","4","0","0000-00-00 00:00:00"
"2585","1",,"CORIANDER SEEDS GLOBAL DATA","IMPORTER","MUDUVAALI MRANIKA ORCHID MAGU","M. Raniya, Orchid Magu, Male', Male, Maldives","133","0","0","+960 330 2923",,,,,,,"-",,,"0","0","0","4","0","0000-00-00 00:00:00"
"2586","1",,"CORIANDER SEEDS GLOBAL DATA","IMPORTER","Spice Town Oy","Linnanpajantie 26, 00950 Helsinki, Finland","155","0","0",,,"+358503620299","http://www.spicetown.fi/",,,,"-",,,"0","0","0","4","0","0000-00-00 00:00:00"
"2587","1",,"CORIANDER SEEDS GLOBAL DATA","IMPORTER","GRAINS AND SPICES TRADING","PO Box 82726, Doha, Qatar","178","0","0","+974 4460 2005",,,,,,,"-",,,"0","0","0","4","0","0000-00-00 00:00:00"
"2588","1",,"CORIANDER SEEDS GLOBAL DATA","IMPORTER","Eraa Super Market Whole Sales","5930 Finch Ave E, Scarborough, ON M1B 5P8, Canada","38","0","0","+14162922622",,,"https://eraa.ca/",,,,"-",,,"0","0","0","4","0","0000-00-00 00:00:00"
"2589","1",,"CORIANDER SEEDS GLOBAL DATA","IMPORTER","Sarusana Private Limited","Cozy, Kashinaramagu, Hithadhoo, Addu, 19020, Maldives","133","0","0",,,,,,,,"-",,,"0","0","0","4","0","0000-00-00 00:00:00"
"2590","1",,"CORIANDER SEEDS GLOBAL DATA","IMPORTER","Bagason Middle East General Trading","Opposite National Cement Company Warehouse 3, 6th Street, Al Waha Street, Al Quoz Industrial Area 3, Dubai","229","0","0","+971 4-339-4496",,"info@bagason.com",,,,,"-",,,"0","0","0","4","0","0000-00-00 00:00:00"
"2591","1",,"CORIANDER SEEDS GLOBAL DATA","IMPORTER","UNITED TSHONGKHANG",,"25","0","0",,,,,,,,"-",,,"0","0","0","4","0","0000-00-00 00:00:00"
"2592","1",,"CORIANDER SEEDS GLOBAL DATA","IMPORTER","GLOBAL FOODS TRADING GMBH","Am Winkelgraben 1A, 64584 Biebesheim am Rhein, Germany","82","0","0","+49 6258 98980","-","info@gft.group","https://gft.group/","BHUPESH GAIRA","BHUPESH .GAIRA@GFT.GROUP","+49 6258 98936","--",,,"0","0","0","4","0","0000-00-00 00:00:00"
"2593","1",,"CORIANDER SEEDS GLOBAL DATA","IMPORTER","Lulu Express Fresh Market Sole Proprietorship LLC rod","Darwish Bin Karam Building, Hamdan Street, Abu Dhabi Island, Abu Dhabi","229","0","0","+971 2 418 2000",,,,,,,"-",,,"0","0","0","4","0","0000-00-00 00:00:00"
"2594","1",,"CORIANDER SEEDS GLOBAL DATA","IMPORTER","NUTRALICIOUS ROASTING AND PACKING LLC","Warehouse No. 14, Al Quoz Industrial Area 1, Dubai","229","0","0","+971 4-339-4384",,"info@nutbauae.com",,,,,"-",,,"0","0","0","4","0","0000-00-00 00:00:00"
"2595","1",,"CORIANDER SEEDS GLOBAL DATA","IMPORTER","HAAMA WHOLESALE PARTNERS REG","Orchid Vaadhee/Fareedhee Magu, Male, Kaafu, 20257 Maldives","133","0","0","+960 333-3766",,,,,,,"-",,,"0","0","0","4","0","0000-00-00 00:00:00"
"2596","1",,"CORIANDER SEEDS GLOBAL DATA","IMPORTER","HSBC BANK AUSTRALIA LTD","724/728 George St, Haymarket NSW 2000, Australia","13","0","0","+61 1300 308 008",,,"http://www.hsbc.com.au/",,,,"-",,,"0","0","0","4","0","0000-00-00 00:00:00"
"2597","1",,"CORIANDER SEEDS GLOBAL DATA","IMPORTER","Dubai Islamic Bank","68/2, Al Maktoum Road, Deira, Dubai, P.O. Box 1080, Dubai, UAE","229","0","0","+971 4 609 2222",,"contactus@dib.ae",,,,,"-",,,"0","0","0","4","0","0000-00-00 00:00:00"
"2598","1",,"CORIANDER SEEDS GLOBAL DATA","IMPORTER","JAI MA BHUWANESHWARI TRADING","2JH4+PHQ, Nepalgunj 21900, Nepal","153","0","0","+9779819513111",,,,,,,"-",,,"0","0","0","4","0","0000-00-00 00:00:00"
"2599","1",,"CORIANDER SEEDS GLOBAL DATA","IMPORTER","Katoomba Global Foods Pty","216-222 S Gippsland Hwy, Dandenong South VIC 3175, Australia","13","0","0","+61387820653",,,"https://www.kgfoods.com.au/",,,,"-",,,"0","0","0","4","0","0000-00-00 00:00:00"
"2600","1",,"CORIANDER SEEDS GLOBAL DATA","IMPORTER","AL ACCAD DEPARTMENT STORES LLC","Shop No. 1, Al Quoz Industrial Area 1, Dubai","229","0","0","+971 4 338 2822",,"info@organicfoodsandcafe.com",,,,,"-",,,"0","0","0","4","0","0000-00-00 00:00:00"
"2601","1",,"CORIANDER SEEDS GLOBAL DATA","IMPORTER","CHAITRAM DHANESAR LOT",,"94","0","0",,,,,,,,"-",,,"0","0","0","4","0","0000-00-00 00:00:00"
"2602","1",,"CORIANDER SEEDS GLOBAL DATA","IMPORTER","MB Groceries Pty Ltd","10 Castro Way, Derrimut VIC 3026, Australia","13","0","0","+61433832346",,"sufyan@mbinternational.com.au","http://www.mbinternational.com.au/",,,,"-",,,"0","0","0","4","0","0000-00-00 00:00:00"
"2603","1",,"CORIANDER SEEDS GLOBAL DATA","IMPORTER","M Shebbar Store General Trading LLC","Jebel Ali Industrial 1, Dubai","229","0","0",,,,,,,,"-",,,"0","0","0","4","0","0000-00-00 00:00:00"
"2604","1",,"CORIANDER SEEDS GLOBAL DATA","IMPORTER","SMART FOOD TRADING LLC","Warehouse No-6 Elite Warehouse Compound Gate No: 20, Building No-9, ???? ??? ????????? 2 - ???, Dubai","229","0","0","+971 565460780",,"online@smartfood.ae",,,,,"-",,,"0","0","0","4","0","0000-00-00 00:00:00"
"2605","1",,"CORIANDER SEEDS GLOBAL DATA","IMPORTER","WADI AL SAFFRON SHOP","Shop No. 9, Al Khozam Building, Behind London Market Shuwaikh, Kuwait, Kuwait ","117","0","0",,,,,,,,"-",,,"0","0","0","4","0","0000-00-00 00:00:00"
"2607","1",,"CORIANDER SEEDS GLOBAL DATA","IMPORTER","HSH GENERAL TRADING FZ LLC","FDRK5895 Compass Building, Al Shohada Road, AL Hamra Industrial Zone-FZ, Ras Al Khaimah, UAE","229","0","0","+971-564699607",,"hshgeneraltradingllc@gmail.com",,,,,"-",,,"0","0","0","4","0","0000-00-00 00:00:00"
"2609","1",,"CORIANDER SEEDS GLOBAL DATA","IMPORTER","KIB FOOD PROCESSING CO","plot 11a, Close 4, Sparklight Estate, Opic Isheri, Lagos Ibadan Expressway Berger, Lagos 23401, Nigeria","160","0","0","+2349074197941",,,,,,,"-",,,"0","0","0","4","0","0000-00-00 00:00:00"
"2610","1",,"CORIANDER SEEDS GLOBAL DATA","IMPORTER","Tasty Food International Trading LLC","67, Al Jreena Street, Warehouse B22, 19635 80100 Al Qouz Industrial Area 3, Hadaeq Mohammed Bin Rashid, Dubai","229","0","0","+971 55343",,"info@tastyfoodme.com",,,,,"-",,,"0","0","0","4","0","0000-00-00 00:00:00"
"2611","1",,"CORIANDER SEEDS GLOBAL DATA","IMPORTER","NOTIFY PARTY EURL SOTIFAG ZONE D","P5HJ+V84, 146 02 Cit? Douzi 03, Bab Ezzouar, Algeria","3","0","0","+21323674213",,"contact@sogatraf.com","http://www.sogatraf.com/",,,,"-",,,"0","0","0","4","0","0000-00-00 00:00:00"
"2612","1",,"CORIANDER SEEDS GLOBAL DATA","IMPORTER","M S MOHAMED AL HAJ ALI SAJWANI P O","P.O. Box: 130, Jibroo, Muscat, Sultanate of Oman","165","0","0","+968 247 12607",,"sajwanimct@yahoo.com",,,,,"-",,,"0","0","0","4","0","0000-00-00 00:00:00"
"2613","1",,"CORIANDER SEEDS GLOBAL DATA","IMPORTER","MAPS ENTERPRISE SDN BHD","No. 51, Jalan Seruling 58, Taman Klang Jaya, 41200 Klang, Selangor, Darul Ehsan, Malaysia","132","0","0","+603 3324 3313 / +603 3318 4977","-","sales@mapsbhd.com.my","-","Srinivasan","-","-","--",,,"0","0","0","4","0","0000-00-00 00:00:00"
"2614","1",,"CORIANDER SEEDS GLOBAL DATA","IMPORTER","SAME AS BUYER MALAYSIA",,"132","0","0",,,,,,,,"-",,,"0","0","0","4","0","0000-00-00 00:00:00"
"2615","1",,"CORIANDER SEEDS GLOBAL DATA","IMPORTER","Al Roaa Food Products Company",,"191","0","0","Email ID: sales@mapsbhd.com.my",,,,,,,"-",,,"0","0","0","4","0","0000-00-00 00:00:00"
"2616","1",,"CORIANDER SEEDS GLOBAL DATA","IMPORTER","Al Rabiah Food Processing Industries LLC","Warehouse No. 1, Ras Al Khor Industrial Area 2, Bur Dubai, Dubai, UAE","229","0","0","+971 4 226 7865",,,,,,,"-",,,"0","0","0","4","0","0000-00-00 00:00:00"
"2617","1",,"CORIANDER SEEDS GLOBAL DATA","IMPORTER","First Choice Foods Inc","8125 N Fraser Wy, Burnaby, BC V5J 5M8, Canada","38","0","0","Website: MAPS Enterprise",,"?info@firstchoicefoods.ca","http://www.firstchoicefoods.ca/",,,,"-",,,"0","0","0","4","0","0000-00-00 00:00:00"
"2618","1",,"CORIANDER SEEDS GLOBAL DATA","IMPORTER","KUALA LUMPUR INC",,"132","0","0",,,,,,,,"-",,,"0","0","0","4","0","0000-00-00 00:00:00"
"2619","1",,"CORIANDER SEEDS GLOBAL DATA","IMPORTER","UAE PAK CANADA TRADING LLC","Office No. 108, Al Ras, Deira, Dubai, Dubai, United Arab Emirates","229","0","0","+971-4-2350986",,,,,,,"-",,,"0","0","0","4","0","0000-00-00 00:00:00"
"2620","1",,"CORIANDER SEEDS GLOBAL DATA","IMPORTER","Joint Business Syndicate Corporation","Principal Office (7th Floor), TCBI Building, 1 Kawnar Market, Dhaka-1215, Bangladesh","18","0","0","+880 02 5501376 Fax: +880 02 8189402",,,,,,,"-",,,"0","0","0","4","0","0000-00-00 00:00:00"
"2621","1",,"CORIANDER SEEDS GLOBAL DATA","IMPORTER","ORAL STAR FOODSTUFF TRADING LLC","Deira Al Khabeesi, Dubai, UAE","229","0","0",,,,,,,,"-",,,"0","0","0","4","0","0000-00-00 00:00:00"
"2622","1",,"CORIANDER SEEDS GLOBAL DATA","IMPORTER","TROPICAL HEAT LTD","Tropical Heat Way, Redhill, Limuru, Kenya","113","0","0","+254 719 637744",,"info@tropicalheat.co.ke, ccare@tropicalheat.co.ke",,,,,"-",,,"0","0","0","4","0","0000-00-00 00:00:00"
"2623","1",,"CORIANDER SEEDS GLOBAL DATA","IMPORTER","HARMONY VENTURES GENERAL TRADING FZCO","Free Zone (Sharjah Airport International Free Zone) - SAIF, Sharjah, UAE","229","0","0",,,,,,,,"-",,,"0","0","0","4","0","0000-00-00 00:00:00"
"2624","1",,"CORIANDER SEEDS GLOBAL DATA","IMPORTER","CHOPPIES DISTRIBUTION CENTRE","Plot 169, GICP, Gaborone, Botswana","28","0","0","+267 318 6657 / +267 318 6658",,"info@choppies.co.bw",,,,,"-",,,"0","0","0","4","0","0000-00-00 00:00:00"
"2625","1",,"CORIANDER SEEDS GLOBAL DATA","IMPORTER","Galaxy Pharma Co Ltd","120B, Street 17BT, Phum Sansam Kusal I, Sangkat Boeung Tumpon, Khan Meanchay, Phnom Penh, Cambodia","36","0","0","+855 92 874 693",,,,,,,"-",,,"0","0","0","4","0","0000-00-00 00:00:00"
"2626","1",,"CORIANDER SEEDS GLOBAL DATA","IMPORTER","GUDE MUBI NIGERIA LIMITED",,"160","0","0",,,,,,,,"-",,,"0","0","0","4","0","0000-00-00 00:00:00"
"2627","1",,"CORIANDER SEEDS GLOBAL DATA","IMPORTER","PAK AND CANADA TRADING LLC",,"229","0","0","+971-4-2350986",,,,,,,"-",,,"0","0","0","4","0","0000-00-00 00:00:00"
"2628","1",,"CORIANDER SEEDS GLOBAL DATA","IMPORTER","M S YAAQOUB HAMDAN FOOD STUFF TRADI NG CO LLC","Office #203, 2nd Floor, Al Fahim Building, Al Ras Street, Deira, Dubai","229","0","0","+971 4 226 5640",,,,,,,"-",,,"0","0","0","4","0","0000-00-00 00:00:00"
"2629","1",,"CORIANDER SEEDS GLOBAL DATA","IMPORTER","INDIAN DELIBITES INC","10 Lightbeam Ter #17-18, Brampton, ON L6Y 6H9, Canada","38","0","0","+19054569900",,"info@indiandelibites.ca","https://indiandelibites.com/",,,,"-",,,"0","0","0","4","0","0000-00-00 00:00:00"
"2630","1",,"CORIANDER SEEDS GLOBAL DATA","IMPORTER","M S THE RAJDHANI SEED COMPANY","Hannan Mansion, 1st Floor, 174 Siddique Bazar, Dhaka 1000, Bangladesh","18","0","0","+880 2 956 6432",,"maroshid@aitlbd.net",,,,,"-",,,"0","0","0","4","0","0000-00-00 00:00:00"
"2631","1",,"CORIANDER SEEDS GLOBAL DATA","IMPORTER","S P Importers Inc","2863 Lawrence Ave E, Scarborough, ON M1P 2S8, Canada","38","0","0","+14162613881",,,,,,,"-",,,"0","0","0","4","0","0000-00-00 00:00:00"
"2632","1",,"CORIANDER SEEDS GLOBAL DATA","IMPORTER","JACKY S RETAIL LLC","Shop No. F11G, Mall of Emirates, Al Barsha 1, Dubai, UAE","229","0","0","+971 4 433 8890",,"reception@jackys.com",,,,,"-",,,"0","0","0","4","0","0000-00-00 00:00:00"
"2633","1",,"CORIANDER SEEDS GLOBAL DATA","IMPORTER","Malabar Foods Pty Ltd","56-58 Capital Link Dr, Campbellfield VIC 3061, Australia","13","0","0","+61401485533",,,"http://www.malabarfoods.com.au/",,,,"-",,,"0","0","0","4","0","0000-00-00 00:00:00"
"2634","1",,"CORIANDER SEEDS GLOBAL DATA","IMPORTER","DH SUPERMART FLATBUSH LTD","46 Ormiston Road, East T?maki, Auckland 2016, New Zealand","157","0","0","+6499480950",,,,,,,"-",,,"0","0","0","4","0","0000-00-00 00:00:00"
"2635","1",,"CORIANDER SEEDS GLOBAL DATA","IMPORTER","MH Enterprises LLC","Al Quoz Industrial Area 3, Dubai, P.O. Box 5771, Dubai, UAE","229","0","0","+971 4 315 1444",,"info@mhdubai.com",,,,,"-",,,"0","0","0","4","0","0000-00-00 00:00:00"
"2636","1",,"CORIANDER SEEDS GLOBAL DATA","IMPORTER","AMEEN FOODS","1618 Merivale Rd, Ottawa, ON K2G 3G3, Canada","38","0","0","+14168292841",,"info@ameenfoods.ca","http://www.ameenfoods.ca/",,,,"-",,,"0","0","0","4","0","0000-00-00 00:00:00"
"2637","1",,"CORIANDER SEEDS GLOBAL DATA","IMPORTER","Arzaan Foodstuff Trading Co L L C","Shop No. 2, Behind Al Futtaim Masjid, 20a Street, Al Ras, Deira, Dubai","229","0","0","+971 4 228 1112",,,,,,,"-",,,"0","0","0","4","0","0000-00-00 00:00:00"
"2638","1",,"CORIANDER SEEDS GLOBAL DATA","IMPORTER","Dhillon Group of Companies Ltd","Oxford Factory Building, 4/F, Nos. 42-46 Wang Lung Street, Tsuen Wan, New Territories, Hong Kong","98","0","0","+852 2366 6534",,"info@dhillongrouphk.com",,,,,"-",,,"0","0","0","4","0","0000-00-00 00:00:00"
"2639","1",,"CORIANDER SEEDS GLOBAL DATA","IMPORTER","JAY BRAND FOOD PRODUCTS DIVISON OF 1448995 ONTARIO LIMITED","160 Pennsylvania Ave #6, Concord, ON L4K 4A9, Canada","38","0","0","+14167241067",,,"http://jaybrandfoods.com/",,,,"-",,,"0","0","0","4","0","0000-00-00 00:00:00"
"2640","1",,"CORIANDER SEEDS GLOBAL DATA","IMPORTER","IMPERIUM STAR GENERAL TRADING L L C","50/2, 13 Street, Umm Ramool, Deira, Dubai","229","0","0","+971 565 89782",,,,,,,"-",,,"0","0","0","4","0","0000-00-00 00:00:00"
"2641","1",,"CORIANDER SEEDS GLOBAL DATA","IMPORTER","SHREE KRISHNA TRADING","Ranighat Near Gayatri Mandir, Birgunj 44300, Nepal","153","0","0","+9779816206037",,,"http://shreekrishnatrading.odoo.com/",,,,"-",,,"0","0","0","4","0","0000-00-00 00:00:00"
"2642","1",,"CORIANDER SEEDS GLOBAL DATA","IMPORTER","ROYAL BANK ON CENTRE","1136 Centre St, Thornhill, ON L4J 3M8, Canada","38","0","0","+19057642655",,,"https://www.rbcroyalbank.com/book-an-appointment/book-an-appointment.html?branch_transit=5076",,,,"-",,,"0","0","0","4","0","0000-00-00 00:00:00"
"2643","1",,"CORIANDER SEEDS GLOBAL DATA","IMPORTER","JIGME MART THIMPHU","Babesa-Thimphu Expressway, Thimphu, Bhutan","25","0","0","+97577239755",,,,,,,"-",,,"0","0","0","4","0","0000-00-00 00:00:00"
"2644","1",,"CORIANDER SEEDS GLOBAL DATA","IMPORTER","V V TRADINGS INC","48 Lizzie Ct, Caledon East, ON L7C 3X6, Canada","38","0","0","+16477101038",,,,,,,"-",,,"0","0","0","4","0","0000-00-00 00:00:00"
"2645","1",,"CORIANDER SEEDS GLOBAL DATA","IMPORTER","Habib Canadian Bank","6450 Kitimat Rd, Mississauga, Ontario, L5N 2B8, Canada","38","0","0","+1 (905) 276-5300",,"info@habibcanadian.com",,,,,"-",,,"0","0","0","4","0","0000-00-00 00:00:00"
"2646","1",,"CORIANDER SEEDS GLOBAL DATA","IMPORTER","HARMONY VENTURES GENERAL TRADING","Mohammad Saleh Al Gurg Building, 34th Street, Al Fahidi (Al Souq Al Kabeer), Bur Dubai, Dubai","229","0","0","+971 4 353 4666",,,,,,,"-",,,"0","0","0","4","0","0000-00-00 00:00:00"
"2647","1",,"CORIANDER SEEDS GLOBAL DATA","IMPORTER","UAE GOLDEN LEAF FZE","Business Centre, Sharjah Publishing City Free Zone, Sharjah, UAE","229","0","0","+971 4 454 7677",,,,,,,"-",,,"0","0","0","4","0","0000-00-00 00:00:00"
"2648","1",,"CORIANDER SEEDS GLOBAL DATA","IMPORTER","UAE 1 DHIRANI FOODSTUFF CO LLC","Shop #5, Al Zakeria Building, Al Ras, Deira, Dubai, UAE","229","0","0","+971 4 226 5211",,"dhirani@eim.ae",,,,,"-",,,"0","0","0","4","0","0000-00-00 00:00:00"
"2649","1",,"CORIANDER SEEDS GLOBAL DATA","IMPORTER","DHIRANI FOODSTUFF CO LLC",,"229","0","0",,,,,,,,"-",,,"0","0","0","4","0","0000-00-00 00:00:00"
"2650","1",,"CORIANDER SEEDS GLOBAL DATA","IMPORTER","ABRAM GENERAL TRADING L L C","Shop No. 5, Al Ras Building, Al Ras, Deira, Dubai, UAE","229","0","0","+971 4 220 2424",,,,,,,"-",,,"0","0","0","4","0","0000-00-00 00:00:00"
"2651","1",,"CORIANDER SEEDS GLOBAL DATA","IMPORTER","OMM SAAI TRADITIONAL SHOP","55 Girraween Road, Greystanes, New South Wales 2145, Australia","13","0","0",,,,,,,,"-",,,"0","0","0","4","0","0000-00-00 00:00:00"
"2652","1",,"CORIANDER SEEDS GLOBAL DATA","IMPORTER","PHG General Trading LLC","3, Office 315, Al Zarooni Building, Near Shabbir Enterprises (L.L.C), Al Burj Street, Naif, Dubai","229","0","0","+971 4 224 2213",,"info@phguae.com",,,,,"-",,,"0","0","0","4","0","0000-00-00 00:00:00"
"2653","1",,"CORIANDER SEEDS GLOBAL DATA","IMPORTER","M H ENTERPRISE L L C","P.O. Box 5771, Al Quoz Industrial Area #3, Dubai, UAE","229","0","0","+971 4 315 1444",,"info@mhdubai.com",,,,,"-",,,"0","0","0","4","0","0000-00-00 00:00:00"
"2654","1",,"CORIANDER SEEDS GLOBAL DATA","IMPORTER","Gopi Ltd","KB Emporium, Providence Industrial Estate, Mah?, Seychelles","194","0","0","+248 2 501015",,"hello@gopi.shop",,,,,"-",,,"0","0","0","4","0","0000-00-00 00:00:00"
"2655","1",,"CORIANDER SEEDS GLOBAL DATA","IMPORTER","NESMA",,"133","0","0",,,,,,,,"-",,,"0","0","0","4","0","0000-00-00 00:00:00"
"2656","1",,"CORIANDER SEEDS GLOBAL DATA","IMPORTER","ASAD HUSSAIN ALI KIKHA GENERAL","Shop 2-3, Al Ras Area, Ayal Nasir, Deira, Dubai, UAE","229","0","0","+971 4 226 844 / +971 4 226 0646",,"asadkikhagroup@gmail.com",,,,,"-",,,"0","0","0","4","0","0000-00-00 00:00:00"
"2657","1",,"CORIANDER SEEDS GLOBAL DATA","IMPORTER","COUNTRY FOODS","Park, Phase 01, Plot 598-292, Warehouse 16, Opposite Nikal, Dubai, UAE","229","0","0","+971 4 333 8292",,,,,,,"-",,,"0","0","0","4","0","0000-00-00 00:00:00"
"2658","1",,"CORIANDER SEEDS GLOBAL DATA","IMPORTER","CHETAK MELBOURNE","4 Railway Ave, Oakleigh VIC 3166, Australia","13","0","0","+61395680262",,"infomb@gochetak.com","http://chetakmelbourne.com/",,,,"-",,,"0","0","0","4","0","0000-00-00 00:00:00"
"2659","1",,"CORIANDER SEEDS GLOBAL DATA","IMPORTER","Mujur Spice Ltd","Room B, 19/F, Wah Wing Industrial Building, 14-20 Wing Yip Street, Kwai Chung, Hong Kong","98","0","0","+852 9011 9372",,,,,,,"-",,,"0","0","0","4","0","0000-00-00 00:00:00"
"2660","1",,"CORIANDER SEEDS GLOBAL DATA","IMPORTER","KEPI INTERNATIONAL LTD",,"80","0","0",,,,,,,,"-",,,"0","0","0","4","0","0000-00-00 00:00:00"
"2661","1",,"CORIANDER SEEDS GLOBAL DATA","IMPORTER","AL ADEEL INT GEN TR LLC","P.O. Box No. 27949, Sharjah, UAE","229","0","0","+971 6 5628656 (Sharjah), +971 0 3973318 (Dubai)",,,,,,,"-",,,"0","0","0","4","0","0000-00-00 00:00:00"
"2662","1",,"CORIANDER SEEDS GLOBAL DATA","IMPORTER","CITY LITE GENERAL TRADING LLC","Al Mulla, 23 Baniyas Road, 7th Floor, Office 706, Al Rigga, Deira, Dubai","229","0","0","+971 4 491 5555",,,,,,,"-",,,"0","0","0","4","0","0000-00-00 00:00:00"
"2663","1",,"CORIANDER SEEDS GLOBAL DATA","IMPORTER","Multi Spice Foodstuff Trading LLC","PO BOX 52409, Dubai, Dubai, United Arab Emirates","229","0","0","+971 4 351 9267",,,,,,,"-",,,"0","0","0","4","0","0000-00-00 00:00:00"
"2664","1",,"CORIANDER SEEDS GLOBAL DATA","IMPORTER","ASIA LINK FOODSTUFF TRADING LLC","Shop #27, Ground Floor, Al Ahmadiya Building, Al Ras, Deira, Dubai, UAE","229","0","0","+971 4 235 2526",,,,,,,"-",,,"0","0","0","4","0","0000-00-00 00:00:00"
"2665","1",,"CORIANDER SEEDS GLOBAL DATA","IMPORTER","SALMAN AGRO COMMODITIES LIMITED",,"160","0","0",,,,,,,,"-",,,"0","0","0","4","0","0000-00-00 00:00:00"
"2666","1",,"CORIANDER SEEDS GLOBAL DATA","IMPORTER","G R K FOODSTUFF TRADING LLC","Al Mutawei Building, 2, Sikka 20a Street, G Floor, Shop 06, 08, Al Ras, Deira, Dubai, UAE","229","0","0","+971 4 261 9569",,,,,,,"-",,,"0","0","0","4","0","0000-00-00 00:00:00"
"2667","1",,"CORIANDER SEEDS GLOBAL DATA","IMPORTER","NAZCO FOODSTUFF TRADING LLC","Warehouse 11, 10B Street, Ras Al Khor Industrial Area 2, Dubai, UAE","229","0","0","+971 4 568 8700",,,,,,,"-",,,"0","0","0","4","0","0000-00-00 00:00:00"
"2668","1",,"CORIANDER SEEDS GLOBAL DATA","IMPORTER","PAK CANADA TRADING LLC",,"229","0","0",,,,,,,,"-",,,"0","0","0","4","0","0000-00-00 00:00:00"
"2669","1",,"CORIANDER SEEDS GLOBAL DATA","IMPORTER","MS YAAQOUB HAMDAN FOOD STUFF TRADI NG CO LLC","Office #203, 2nd Floor, Al Fahim Building, Al Ras Street, Deira, Dubai, UAE","229","0","0","+971 4 2265640",,,,,,,"-",,,"0","0","0","4","0","0000-00-00 00:00:00"
"2670","1",,"CORIANDER SEEDS GLOBAL DATA","IMPORTER","AL SOUQ SPICES PACKAGING S P S LLC","New Industrial Area, Ajman, UAE, P.O. Box: 5994","229","0","0","+971 555 37448 / +971 505 992473",,"alsouqspice@yahoo.com",,,,,"-",,,"0","0","0","4","0","0000-00-00 00:00:00"
"2671","1",,"CORIANDER SEEDS GLOBAL DATA","IMPORTER","Laxmi Sunrise Bank Ltd","Hattisar-1, Kathmandu, Bagmati Province, 44600","153","0","0",,,"cx@laxmisunrise.com",,,,,"-",,,"0","0","0","4","0","0000-00-00 00:00:00"
"2672","1",,"CORIANDER SEEDS GLOBAL DATA","IMPORTER","MARTIN HULLE FZC","Plot G2 07B, Saif Zone, Sharjah, UAE","229","0","0","+971 6 557 2512",,,,,,,"-",,,"0","0","0","4","0","0000-00-00 00:00:00"
"2673","1",,"CORIANDER SEEDS GLOBAL DATA","IMPORTER","Kanha Traders Ltd","7 Kathryn Avenue, Mount Roskill, Auckland, 1041, New Zealand","157","0","0","+64 9 6271353",,,,,,,"-",,,"0","0","0","4","0","0000-00-00 00:00:00"
"2674","1",,"CORIANDER SEEDS GLOBAL DATA","IMPORTER","PATEL TRADING LLC","21st Street, Amman Road, Al Qusais Industrial Area -1, Dubai, UAE","229","0","0","+971 52 106 3353 / +971 42 94 5250",,"sales@pateltradingllc.com",,,,,"-",,,"0","0","0","4","0","0000-00-00 00:00:00"
"2675","1",,"CORIANDER SEEDS GLOBAL DATA","IMPORTER","GYAMA FOOD INDUSTRIES LLC","Dubai Investments Park, Dubai, UAE, P.O. Box: 16886","229","0","0","+971 4 885 7478",,"info@gyma.ae",,,,,"-",,,"0","0","0","4","0","0000-00-00 00:00:00"
"2676","1",,"CORIANDER SEEDS GLOBAL DATA","IMPORTER","General Food Processing Industries LLC","13Y, 23 Street, Al Quoz Industrial Area 3, Dubai, UAE","229","0","0","+971 4 347 4843 / +971 4 347 3857",,,,,,,"-",,,"0","0","0","4","0","0000-00-00 00:00:00"
"2677","1",,"CORIANDER SEEDS GLOBAL DATA","IMPORTER","Shubham Food","236 Pacific Highway, Hornsby, New South Wales 2077, Australia","13","0","0","+61 (02) 8888 8888",,,,,,,"-",,,"0","0","0","4","0","0000-00-00 00:00:00"
"2678","1",,"CORIANDER SEEDS GLOBAL DATA","IMPORTER","Ansell Dellis Company Limited","14, Arodromo Road, Apapa, V/I Island, Lagos, Lagos State, Nigeria","160","0","0","+234 803 302 4866",,,,,,,"-",,,"0","0","0","4","0","0000-00-00 00:00:00"
"2679","1",,"CORIANDER SEEDS GLOBAL DATA","IMPORTER","Gauri Trading",,"66","0","0",,,,,,,,"-",,,"0","0","0","4","0","0000-00-00 00:00:00"
"2680","1",,"CORIANDER SEEDS GLOBAL DATA","IMPORTER","OSTCL",,"229","0","0",,,,,,,,"-",,,"0","0","0","4","0","0000-00-00 00:00:00"
"2681","1",,"CORIANDER SEEDS GLOBAL DATA","IMPORTER","SUN GLOBAL IMPORTS EXPORTS CORP","11-6625 Tomken Rd, Mississauga, Ontario, L5T 2C2, Canada","38","0","0","+1(647) 830-2565",,,,,,,"-",,,"0","0","0","4","0","0000-00-00 00:00:00"
"2682","1",,"CORIANDER SEEDS GLOBAL DATA","IMPORTER","KHAIR AL ZAD FOODSTUFF TRADING LL","Office #106, Haleeba Plaza, Muraqqabad, Dubai, UAE, P.O. Box: 28744","229","0","0","+971 4 345 6527",,"info@khairalzadfoodstuff.com",,,,,"-",,,"0","0","0","4","0","0000-00-00 00:00:00"
"2683","1",,"CORIANDER SEEDS GLOBAL DATA","IMPORTER","BACKET FOODSTUFF TR","899X+46F, Industrial Area - Al Nahdha, Sharjah, UAE","229","0","0","+971 6 568 2730",,,,,,,"-",,,"0","0","0","4","0","0000-00-00 00:00:00"
"2684","1",,"CORIANDER SEEDS GLOBAL DATA","IMPORTER","SECTION M COMPANY",,"117","0","0",,,,,,,,"-",,,"0","0","0","4","0","0000-00-00 00:00:00"
"2685","1",,"CORIANDER SEEDS GLOBAL DATA","IMPORTER","MALAYSIA JKS GLOBAL SDN","No 33A Jalan Bendahara 2/Ks 07 Taman Sejati, Klang, Selangor Darul Ehsan, 41200, Malaysia","132","0","0","+6012-223 3454","-","-","-","-","-","-","-",,,"0","0","29","4","0","0000-00-00 00:00:00"
"2687","1",,"CORIANDER SEEDS GLOBAL DATA","IMPORTER","AL SAQR GENERAL TRADING CO LLC","Shop # 32, Ground Floor, Ahmedia Building, Al Ras, Deira, Dubai, UAE, P.O. Box: 16136","229","0","0","+971 4 229 0944",,"info@alsaqrtrading.com",,,,,"-",,,"0","0","0","4","0","0000-00-00 00:00:00"
"2688","1",,"CORIANDER SEEDS GLOBAL DATA","IMPORTER","MASSTRANS FREIGHT LLC","Suite No. 212 & 201, Al Asmawi Office Building, Dubai Investment Park, Dubai, UAE, P.O. Box: 127315","229","0","0","+971 4 885 5902",,"mail@masstransfreight.com",,,,,"-",,,"0","0","0","4","0","0000-00-00 00:00:00"
"2689","1",,"CORIANDER SEEDS GLOBAL DATA","IMPORTER","AGROZAN COMMODITIES DMCC","Suite 1105-1106, Mazaya Business Avenue, BB2, First Al Khail Street, Near Jumeirah Lakes Towers Metro Station, Dubai, UAE, P.O. Box: 191418","229","0","0","+971 4 449 4020","-","trade@agrozan.com","-","gyunes","-","+905445695262","-",,,"0","0","29","4","0","0000-00-00 00:00:00"
"2690","1",,"CORIANDER SEEDS GLOBAL DATA","IMPORTER","PHG General Trading L L C","3, Office 315, Al Zarooni Building, Near Shabbir Enterprises (L.L.C), Al Burj Street, Naif, Dubai, UAE","229","0","0","+971 4 224 2213",,"info@phguae.com",,,,,"-",,,"0","0","0","4","0","0000-00-00 00:00:00"
"2691","1",,"CORIANDER SEEDS GLOBAL DATA","IMPORTER","Porshi Impex","33 Kawran Bazar, Shah Ali Tower (11th Floor), Tejgaon, Dhaka-1215, Bangladesh","18","0","0",,,"contact@porshiimpex.com",,,,,"-",,,"0","0","0","4","0","0000-00-00 00:00:00"
"2692","1",,"CORIANDER SEEDS GLOBAL DATA","IMPORTER","HASSAN ALSHAIBA GENERAL TRADING LLC","Ras Al Khor Area, Industrial Area No 1, Al Manama St, Beside Emarat Petrol Filling Station, P.O. Box No 24242, Dubai, UAE","229","0","0","+971 4 333 3666",,"alshiba@eim.ae",,,,,"-",,,"0","0","0","4","0","0000-00-00 00:00:00"
"2693","1",,"CORIANDER SEEDS GLOBAL DATA","IMPORTER","PEARL IMPERIAL GENERAL TRADING LLC","Al Ras Gold Building, 6 Al Ahmadiya Street, 3rd Floor, Office 301, Al Ras, Deira, Dubai, UAE","229","0","0","+971 4 547 5555",,,,,,,"-",,,"0","0","0","4","0","0000-00-00 00:00:00"
"2694","1",,"CORIANDER SEEDS GLOBAL DATA","IMPORTER","BRAKAT AL RASHAD COMPANY","Trade And Food Import,mhmood Shakir Khalaf Al Najaf Iraq Al Qodos Dist Rict Near The Southern Garage","104","0","0","+9647830073338",,,,,,,"-",,,"0","0","0","4","0","0000-00-00 00:00:00"
"2695","1",,"CORIANDER SEEDS GLOBAL DATA","IMPORTER","SIB PLC","City Center, Level: 19-23, 28 and 29, 90/1, Motijheel Commercial Area, Dhaka-1000, Bangladesh","18","0","0","+880 96 12001122 (for local & overseas) Call cente",,"info@sibl-bd.com",,,,,"-",,,"0","0","0","4","0","0000-00-00 00:00:00"
"2696","1",,"CORIANDER SEEDS GLOBAL DATA","IMPORTER","SYARIKAT KILANG REMPA JAYA SAKTI SDN BHD","PMT1170, Lorong Perindustrian Bukit Minyak 12, Taman Perindustrian Bukit Minyak, 14100 Simpang Ampat, Pulau Pinang, Malaysia","132","0","0","+604-505 7577 / +6016-419 0035","-","currymata@gmail.com","-","-","-","-","--",,,"0","0","29","4","0","0000-00-00 00:00:00"
"2697","1",,"CORIANDER SEEDS GLOBAL DATA","IMPORTER","Mahdami General Trading Co LLC","Ground Floor, Al Dallal Building, 13 Al Ras Road, Deira, Dubai, UAE, P.O. Box: 1543","229","0","0","+971 4 229 1940",,"mahdamigtc@gmail.com",,,,,"-",,,"0","0","0","4","0","0000-00-00 00:00:00"
"2698","1",,"CORIANDER SEEDS GLOBAL DATA","IMPORTER","AROMAS UNLIMITED TRADING CO LLC","Jebel Ali Industrial Area 1, Dubai, UAE","229","0","0","+971 4 885 5902",,,,,,,"-",,,"0","0","0","4","0","0000-00-00 00:00:00"
"2699","1",,"CORIANDER SEEDS GLOBAL DATA","IMPORTER","COUNTRY STAR GENERAL TRADING LLC","598-292, 29 Street, Dubai Investment Park 1, Jebel Ali, Dubai, UAE","229","0","0","+971 4 885 5902",,"country@emirates.net.ae",,,,,"-",,,"0","0","0","4","0","0000-00-00 00:00:00"
"2700","1",,"CORIANDER SEEDS GLOBAL DATA","IMPORTER","ATLAS GRAIN GIDA SANAYI VE DIS TIC LTD STI",,"229","0","0",,,,,,,,"-",,,"0","0","0","4","0","0000-00-00 00:00:00"
"2701","1",,"CORIANDER SEEDS GLOBAL DATA","IMPORTER","Middle East Fuji Llc","Building No. 7, Street 4, Al Quoz Industrial Area 3, Dubai, UAE, P.O. Box: 19227","229","0","0","+971 4 347 4444",,"info@mef.ae",,,,,"-",,,"0","0","0","4","0","0000-00-00 00:00:00"
"2702","1",,"CORIANDER SEEDS GLOBAL DATA","IMPORTER","Nazco Foodstuff Trading","Warehouse 11, 10B Street, Ras Al Khor Industrial Area 2, Dubai, UAE","229","0","0","+971 4 568 8700",,,,,,,"-",,,"0","0","0","4","0","0000-00-00 00:00:00"
"2703","1",,"CORIANDER SEEDS GLOBAL DATA","IMPORTER","Alarabia Mill For Coffee Spices",,"124","0","0","+218928028077",,,,,,,"-",,,"0","0","0","4","0","0000-00-00 00:00:00"
"2704","1",,"CORIANDER SEEDS GLOBAL DATA","IMPORTER","SAT GLOBAL FZC LLC","Conrad Business Tower, 19th Floor, Office No. 21, Sheikh Zayed Road, Dubai, UAE, P.O. Box: 32801","229","0","0","+971 4 3827 758",,"sales@satglobal.net",,,,,"-",,,"0","0","0","4","0","0000-00-00 00:00:00"
"2705","1",,"CORIANDER SEEDS GLOBAL DATA","IMPORTER","AL QADI INTERNATIONAL","Shop 5, Building 16, Doha, Qatar","178","0","0","+974 4411 4577",,,,,,,"-",,,"0","0","0","4","0","0000-00-00 00:00:00"
"2706","1",,"CORIANDER SEEDS GLOBAL DATA","IMPORTER","VAIGAI TRADING","Parthas Building, Barwa Village Building 14, Shop 11, In-front of Masjid, Wakra, Qatar","178","0","0","+974 441 88611 or +974 399 68881",,"thiru@vaigait.com or info@vaigait.com",,,,,"-",,,"0","0","0","4","0","0000-00-00 00:00:00"
"2707","1",,"CORIANDER SEEDS GLOBAL DATA","IMPORTER","AL BUSTAN AL KHALEEJI GEN TRAD CO","P.O. Box 4351, Safat, P.C. 13044, Kuwait","117","0","0","+965 24745976",,"info@bustankhaleeji.com",,,,,"-",,,"0","0","0","4","0","0000-00-00 00:00:00"
"2708","1",,"CORIANDER SEEDS GLOBAL DATA","IMPORTER","MAXONS GENERAL TRADING LLC","Shop 1, Taufiq G Building, Al Ras, Deira, Dubai, UAE, P.O. Box: 3721","229","0","0","+971 4 220 2047",,"contact@maxonsnuts.com",,,,,"-",,,"0","0","0","4","0","0000-00-00 00:00:00"
"2709","1",,"CORIANDER SEEDS GLOBAL DATA","IMPORTER","Madhoor Supermarket","Ground Floor, Al Baker Building, Al Fahidi Street, Souk Al Kabeer, Bur Dubai, Dubai","229","0","0","+971 4 352 3609",,,,,,,"-",,,"0","0","0","4","0","0000-00-00 00:00:00"
"2710","1",,"CORIANDER SEEDS GLOBAL DATA","IMPORTER","MARINE CORNER GENERAL TRADING LLC","Warehouse 13, 21832 79487, Al Quoz Industrial Area 4, Hadaeq Mohammed Bin Rashid, Dubai, UAE, P.O. Box: 74649","229","0","0","+971 4 380 6034",,,,,,,"-",,,"0","0","0","4","0","0000-00-00 00:00:00"
"2711","1",,"CORIANDER SEEDS GLOBAL DATA","IMPORTER","AAGMAN RESTAURANT","Lot 28A, Sheriff Street, Campbellville, Georgetown, Demerara-Mahaica, Guyana","94","0","0","+592 610 6607",,"aagmanrestaurant@gmail.com",,,,,"-",,,"0","0","0","4","0","0000-00-00 00:00:00"
"2712","1",,"CORIANDER SEEDS GLOBAL DATA","IMPORTER","BAJRANG BUILDERS PTY LTD","BAJRANG BUILDERS (PYTY) LTD, Address: Cascade Mah?, Seychelles, Near by, Registered ID: Z8W9M1H1, Seychelles Business Register.","194","0","0","+248 4411992",,"bajrang_build@yahoo.com",,,,,"-",,,"0","0","0","4","0","0000-00-00 00:00:00"
"2713","1",,"CORIANDER SEEDS GLOBAL DATA","IMPORTER","Sheekha Trading Company","Room 71, 1/F, Mirador Mansion, 58 Nathan Road, Tsim Sha Tsui, Kowloon, Hong Kong","98","0","0",,,,,,,,"-",,,"0","0","0","4","0","0000-00-00 00:00:00"
"2714","1",,"CORIANDER SEEDS GLOBAL DATA","IMPORTER","SUBLIME GENERAL TRADING LLC","GIBCA 4, Shed No: 06, Ajman Industrial 1, Ajman, UAE","229","0","0","+971 6 539 0792",,,,,,,"-",,,"0","0","0","4","0","0000-00-00 00:00:00"
"2715","1",,"CORIANDER SEEDS GLOBAL DATA","IMPORTER","TC WHOLESALERS INC","18 Merrybrook Trail, Brampton, ON L7A 4V9, Canada","38","0","0","+1(647) 426-7771",,,,,,,"-",,,"0","0","0","4","0","0000-00-00 00:00:00"
"2716","1",,"CORIANDER SEEDS GLOBAL DATA","IMPORTER","Al Habib Market Add Irene Issouf Mamode","29 Impasse Said Hassani M'Nagnoch, 97600 Mamoudzou, Mayotte, France","75","0","0",,,,,,,,"-",,,"0","0","0","4","0","0000-00-00 00:00:00"
"2717","1",,"CORIANDER SEEDS GLOBAL DATA","IMPORTER","JAFFNA STORES","-","82","0","0","---","+49 521 174794","-","-","MR NADARAJAH THAYAHARAN","info@jaffnastores.de","-","-",,,"0","0","0","4","0","0000-00-00 00:00:00"
"2718","1",,"CORIANDER SEEDS GLOBAL DATA","IMPORTER","H-L C L",,"109","0","0",,,,,,,,"-",,,"0","0","0","4","0","0000-00-00 00:00:00"
"2719","1",,"CORIANDER SEEDS GLOBAL DATA","IMPORTER","Lulu Muscat Hyper Market LLC"," Y Tower Building, Sultan Qaboos Street, Al Khuwair, Muscat, Sultanate of Oman, P.O. Box 436, PC 130","165","0","0","+968 800 88488, +968 22 034000",,"oman@luluhypermarket.com, contactusoman@om.lulumea",,,,,"-",,,"0","0","0","4","0","0000-00-00 00:00:00"
"2720","1",,"CORIANDER SEEDS GLOBAL DATA","IMPORTER","Trade Finance Operations ICICI Bank","5631 Steeles Avenue East, Unit #1, Scarborough, ON M1V 5P6, Canada","38","0","0","+1 (416) 298-9222",,,,,,,"-",,,"0","0","0","4","0","0000-00-00 00:00:00"
"2721","1",,"CORIANDER SEEDS GLOBAL DATA","IMPORTER","MS BROTHERS CHOICE FOODS","3932 101 St NW, Edmonton, AB T6E 0A5, Canada","38","0","0","+1(780) 437-9400",,,,,,,"-",,,"0","0","0","4","0","0000-00-00 00:00:00"
"2722","1",,"CORIANDER SEEDS GLOBAL DATA","IMPORTER","PP NVF TIRAS","Ternopil, str. Torgovytsia, 32, Ternopil, 46008, Ukraine","228","0","0","380 50 339 5240",,,"turasi.te.ua",,,,"-",,,"0","0","0","4","0","0000-00-00 00:00:00"
"2723","1",,"CORIANDER SEEDS GLOBAL DATA","IMPORTER","TOV ENZA ZADEN UKRAINE","Building 7, Office 2-103, Okhtyrskyi Prospekt, Kyiv, 03680, Ukraine","228","0","0","+38-095 275 65 55",,"office@enzazaden.com.ua",,,,,"-",,,"0","0","0","4","0","0000-00-00 00:00:00"
"2724","1",,"CORIANDER SEEDS GLOBAL DATA","IMPORTER","JF AGRO PRIVATE LIMITED","A-25/43 Binodbaid, Savar, Dhaka, Dhaka, 1340, Bangladesh","18","0","0","+880 17-18-387484",,,,,,,"-",,,"0","0","0","4","0","0000-00-00 00:00:00"
"2725","1",,"CORIANDER SEEDS GLOBAL DATA","IMPORTER","TOV BUREAU VIN",,"228","0","0",,,,,,,,"-",,,"0","0","0","4","0","0000-00-00 00:00:00"
"2726","1",,"CORIANDER SEEDS GLOBAL DATA","IMPORTER","8187240 CANADA INCORPORATED","5530 Pare Street, Suite 101, Mont-Royal, QC, H4P 2M1, Canada","38","0","0",,,,,,,,"-",,,"0","0","0","4","0","0000-00-00 00:00:00"
"2727","1",,"CORIANDER SEEDS GLOBAL DATA","IMPORTER","HERBIES SPICES","25 Arizona Road, Charmhaven, New South Wales 2263, Australia","13","0","0","+61 2 4392 9422",,"sales@herbies.com.au",,,,,"-",,,"0","0","0","4","0","0000-00-00 00:00:00"
"2728","1",,"CORIANDER SEEDS GLOBAL DATA","IMPORTER","Chemcare Group Ltd","Mangola Street, Lae, Morobe Province, 411","170","0","0","+675 472 3730",,,,,,,"-",,,"0","0","0","4","0","0000-00-00 00:00:00"
"2729","1",,"CORIANDER SEEDS GLOBAL DATA","IMPORTER","LLC PLANTA 01001 M KYIV HRUSHEVKOHO","Mykhaila Hrushevskoho Street, 10, 01001 Kyiv, Ukraine","228","0","0",,,,,,,,"-",,,"0","0","0","4","0","0000-00-00 00:00:00"
"2730","1",,"CORIANDER SEEDS GLOBAL DATA","IMPORTER","Highrange Imports NZ Ltd","9/38 Chonny Crescent, Manurewa, Auckland 2102, New Zealand","157","0","0","+64220490157",,,,,,,"-",,,"0","0","0","4","0","0000-00-00 00:00:00"
"2731","1",,"CORIANDER SEEDS GLOBAL DATA","IMPORTER","AADITYA KIRANA BHANDAR","Netraganj 45801, Nepal","153","0","0","+9779800873967",,,,,,,"-",,,"0","0","0","4","0","0000-00-00 00:00:00"
"2732","1",,"CORIANDER SEEDS GLOBAL DATA","IMPORTER","SPICELANDS GMBH","Kaiserstra?e 60, 60329 Frankfurt am Main, Germany","82","0","0","+4969250361"," +496980883307","-","http://www.spicelands.de/","-","info spicelands.de","-","--",,,"0","0","0","4","0","0000-00-00 00:00:00"
"2733","1",,"CORIANDER SEEDS GLOBAL DATA","IMPORTER","ANNAPURNA KIRANA BHANDAR","Sinamangal-9, Near Airport, Kathmandu, Nepal","153","0","0","+977 9851008822, +977 9801314441",,"annapurna.headoffice@gmail.com",,,,,"-",,,"0","0","0","4","0","0000-00-00 00:00:00"
"2734","1",,"CORIANDER SEEDS GLOBAL DATA","IMPORTER","NITESH FOOD PRODUCT PVTLIMITED","Birgunj-6, Parsa, Nepal","153","0","0","+977 9855027072",,,,,,,"-",,,"0","0","0","4","0","0000-00-00 00:00:00"
"2735","1",,"CORIANDER SEEDS GLOBAL DATA","IMPORTER","MS SERVICE FOODSAUCKLAND","Suite 2, 214 Universal Drive, Henderson, Auckland 0610, New Zealand","157","0","0","+64 9 258 5010",,"hello@servicefoods.co.nz",,,,,"-",,,"0","0","0","4","0","0000-00-00 00:00:00"
"2736","1",,"CORIANDER SEEDS GLOBAL DATA","IMPORTER","DATAR AND SONS LIMITED L L C",,"38","0","0",,,,,,,,"-",,,"0","0","0","4","0","0000-00-00 00:00:00"
"2737","1",,"CORIANDER SEEDS GLOBAL DATA","IMPORTER","SS UNMISS UNIITED NATIONS MISSION IN SOUTH SUDAN","RG9V+JR, Juba, South Sudan","227","0","0","+211912062000",,,,"https://unmiss.unmissions.org/",,,"-",,,"0","0","0","4","0","0000-00-00 00:00:00"
"2738","1",,"CORIANDER SEEDS GLOBAL DATA","IMPORTER","SACHIN PACKAGING UDHYOG KATHMANDU",,"153","0","0",,,,,,,,"-",,,"0","0","0","4","0","0000-00-00 00:00:00"
"2739","1",,"CORIANDER SEEDS GLOBAL DATA","IMPORTER","RUDRA FOODS PVT LTD",,"153","0","0",,,,,,,,"-",,,"0","0","0","4","0","0000-00-00 00:00:00"
"2740","1",,"CORIANDER SEEDS GLOBAL DATA","IMPORTER","AL OUFUQ AL WADHIH TRADING CO LLC","Muscat, Sultanate of Oman","165","0","0","+968 23214786, +968 23210580",,"info@aloufuq.om",,,,,"-",,,"0","0","0","4","0","0000-00-00 00:00:00"
"2741","1",,"CORIANDER SEEDS GLOBAL DATA","IMPORTER","SS CANADA",,"38","0","0",,,,,,,,"-",,,"0","0","0","4","0","0000-00-00 00:00:00"
"2742","1",,"CORIANDER SEEDS GLOBAL DATA","IMPORTER","SHREE MATANGI LTD KAMPALA KAWEMPE DIVISION NORTH KAWEMPE DIVISION KYEBANDO TIRUPATI BUSINESS PARK 59 59 33052 KAMPALA",,"227","0","0",,,,,,,,"-",,,"0","0","0","4","0","0000-00-00 00:00:00"
"2743","1",,"CORIANDER SEEDS GLOBAL DATA","IMPORTER","AV COUTURE LTD","Sagicor Freeport Commercial, Montego Bay, Saint James, Jamaica","108","0","0",,,,,,,,"-",,,"0","0","0","4","0","0000-00-00 00:00:00"
"2744","1",,"CORIANDER SEEDS GLOBAL DATA","IMPORTER","ALMAN FRESH",,"133","0","0","+960 3006816",,,,,,,"-",,,"0","0","0","4","0","0000-00-00 00:00:00"
"2745","1",,"CORIANDER SEEDS GLOBAL DATA","IMPORTER","TRADE AND CONTRACTING WLL",,"227","0","0",,,,,,,,"-",,,"0","0","0","4","0","0000-00-00 00:00:00"
"2746","1",,"CORIANDER SEEDS GLOBAL DATA","IMPORTER","AKRS Trading Company Pvt Ltd","Tikapur-1, Kailali, Nepal","153","0","0",,,,,,,,"-",,,"0","0","0","4","0","0000-00-00 00:00:00"
"2747","1",,"CORIANDER SEEDS GLOBAL DATA","IMPORTER","SHREEJI FRUITS PARADISE LTD KAMPALA KAWEMPE DIVISION SOUTH KAWEMPE DIVISION MAWANDA ROAD na 00 33662 KAMPALA","Mawanda Road, Kawempe Division, South Kawempe Division, Kampala, Uganda","227","0","0","256 75 495786",,,,,,,"-",,,"0","0","0","4","0","0000-00-00 00:00:00"
"2748","1",,"CORIANDER SEEDS GLOBAL DATA","IMPORTER","GULF CATERING COMPANY FOR GENERAL TRADE AND CONTRACTING WLL",,"227","0","0",,,,,,,,"-",,,"0","0","0","4","0","0000-00-00 00:00:00"
"2749","1",,"CORIANDER SEEDS GLOBAL DATA","IMPORTER","SKYBIRDS U LTD","Industrial Area,6th street","113","0","0","+256758888786",,"skybirdsug2018@gmail.com",,,,,"-",,,"0","0","0","4","0","0000-00-00 00:00:00"
"2750","1",,"CORIANDER SEEDS GLOBAL DATA","IMPORTER","INDO SPICE WORLD","Near city Tyre opp.Staunch Machinery","157","0","0",,,,,,,,"-",,,"0","0","0","4","0","0000-00-00 00:00:00"
"2751","1",,"CORIANDER SEEDS GLOBAL DATA","IMPORTER","SUPER AGRO FOOD INDUSTRIES LTD","Plot 112/118, Bombo Road, Kawempe, Kampala, Central, Uganda","227","0","0","+256 (414) 566519",,,,,,,"-",,,"0","0","0","4","0","0000-00-00 00:00:00"
"2752","1",,"CORIANDER SEEDS GLOBAL DATA","IMPORTER","PAT BEVERAGES SMC LTD","Plot 112/118, Bombo Road, Kawempe, Kampala, Central, Uganda","227","0","0",,,,,,,,"-",,,"0","0","0","4","0","0000-00-00 00:00:00"
"2753","1",,"CORIANDER SEEDS GLOBAL DATA","IMPORTER","PASHUPATI INTERNATIONAL CENTER PVT LIMITED",,"153","0","0",,,,,,,,"-",,,"0","0","0","4","0","0000-00-00 00:00:00"
"2754","1",,"CORIANDER SEEDS GLOBAL DATA","IMPORTER","NANDINI TRADERS KATHMANDU","Kathmandu Metropolitan City 13, Kathmandu, Bagmati, Nepal","153","0","0",,,,,,,,"-",,,"0","0","0","4","0","0000-00-00 00:00:00"
"2755","1",,"CORIANDER SEEDS GLOBAL DATA","IMPORTER","S M International S A","EDF Royal World Trade Center Calle 18,, AVE B Manzana 23 Piso No 1, Local 101, Zona Libre de Colon, Col?n, Panama","169","0","0","+5074419525",,,"http://www.sminternationalsa.net/",,,,"-",,,"0","0","0","4","0","0000-00-00 00:00:00"
"2756","1",,"CORIANDER SEEDS GLOBAL DATA","IMPORTER","GLORRE INTERNATIONAL LIMITED KAMPALA NAKAWA DIVISION NAKAWA DIVISION NAKAWAMIWANDA INDUSTRIAL AREA 5 TH STREET NR MADHWANI WAREHOUSES 96 98 96 98 KAMPALA","Madhvani Complex Plot 96 - 98, 5th Street, Industrial Area, Kampala, Uganda","227","0","0",,,,,,,,"-",,,"0","0","0","4","0","0000-00-00 00:00:00"
"2757","1",,"CORIANDER SEEDS GLOBAL DATA","IMPORTER","SHAHI FOODS SPICES LLC","PB No. 366, Al Suwaiq, 315, Sultanate of Oman","165","0","0","+968 26860402, +968 26860936,","+968 26860402  +968 26860936  +968 26860681","info@shahispices.com","-","-","purchase@shahispices.com, sales@shahispices.com","-","--",,,"0","0","60","4","0","0000-00-00 00:00:00"
"2758","1",,"CORIANDER SEEDS GLOBAL DATA","IMPORTER","CD GULF CATERING COMPANY FOR GENERAL TRADE AND CONTRACTING WLL",,"227","0","0",,,"info@gulfcatering.com",,,,,"-",,,"0","0","0","4","0","0000-00-00 00:00:00"
"2759","1",,"CORIANDER SEEDS GLOBAL DATA","IMPORTER","MS GAGAN FOODS INTERNATIONAL LIMITED","7717 Beedie Way, Unit 101, Delta, BC V4G 0A5, Canada","38","0","0","+1(604) 583-6000",,"info@gaganfoods.com",,,,,"-",,,"0","0","0","4","0","0000-00-00 00:00:00"
"2760","1",,"CORIANDER SEEDS GLOBAL DATA","IMPORTER","ONEND ENTERPRISES",,"227","0","0",,,,,,,,"-",,,"0","0","0","4","0","0000-00-00 00:00:00"
"2761","1",,"CORIANDER SEEDS GLOBAL DATA","IMPORTER","DESERT ROSE GENERAL TRADING CO WLL","Salman Dabouss Complex, Al Bank Al Tojary Street, Safat, Kuwait - 13051","117","0","0","+965 4767250",,,,,,,"-",,,"0","0","0","4","0","0000-00-00 00:00:00"
"2762","1",,"CORIANDER SEEDS GLOBAL DATA","IMPORTER","A A GLOBAL IMPEX LTD","Flat 6, 13 Seabrook Avenue, New Lynn, Auckland 0600, New Zealand","157","0","0",,,,,,,,"-",,,"0","0","0","4","0","0000-00-00 00:00:00"
"2763","1",,"CORIANDER SEEDS GLOBAL DATA","IMPORTER","GULF CATERING CO",,"227","0","0",,,"info@gulfcatering.com",,,,,"-",,,"0","0","0","4","0","0000-00-00 00:00:00"
"2764","1",,"CORIANDER SEEDS GLOBAL DATA","IMPORTER","POOJA SPICES PACKAGING",,"153","0","0",,,,,,,,"-",,,"0","0","0","4","0","0000-00-00 00:00:00"
"2765","1",,"CORIANDER SEEDS GLOBAL DATA","IMPORTER","SHREE GROCERY HUB LTD",,"227","0","0",,,,,,,,"-",,,"0","0","0","4","0","0000-00-00 00:00:00"
"2766","1",,"CORIANDER SEEDS GLOBAL DATA","IMPORTER","ETS VALA BUSINESS",,"49","0","0",,,,,,,,"-",,,"0","0","0","4","0","0000-00-00 00:00:00"
"2767","1",,"CORIANDER SEEDS GLOBAL DATA","IMPORTER","VIJETHA SUPERMARKET PTY LTD","U-1/1-11 Elgar Rd, Derrimut VIC 3030, Australia","13","0","0","+61450628482",,,,,,,"-",,,"0","0","0","4","0","0000-00-00 00:00:00"
"2768","1",,"CORIANDER SEEDS GLOBAL DATA","IMPORTER","Service Foods Ltd","221 Ihumatao Road, Mangere, Auckland 2022, New Zealand","157","0","0","+64 (09) 258 5010",,,,,,,"-",,,"0","0","0","4","0","0000-00-00 00:00:00"
"2769","1",,"CORIANDER SEEDS GLOBAL DATA","IMPORTER","PARITY GENERAL TRADING AND INVESTMENT CO LTD","Juba, South Sudan","227","0","0","+8618753147981",,,,,,,"-",,,"0","0","0","4","0","0000-00-00 00:00:00"
"2770","1",,"CORIANDER SEEDS GLOBAL DATA","IMPORTER","GANPATI ENTERPRISES",,"153","0","0",,,,,,,,"-",,,"0","0","0","4","0","0000-00-00 00:00:00"
"2771","1",,"CORIANDER SEEDS GLOBAL DATA","IMPORTER","KITUNZI DISTRIBUTORS LTD","Kampala Central Division, Civic Centre Christ The King, Old Mulago Police Lane, Kampala, Uganda","227","0","0","+256 (0) 787 304 531",,,,,,,"-",,,"0","0","0","4","0","0000-00-00 00:00:00"
"2772","1",,"CORIANDER SEEDS GLOBAL DATA","IMPORTER","MAHARAJA MART LIMITED","Room 205, 2/F, Haiphong Mansion, 99-101 Nathan Road, Tsimshatsui, Kowloon, Hong Kong","98","0","0","852 2756 5611",,"mahamarthk@gmail.com",,,,,"-",,,"0","0","0","4","0","0000-00-00 00:00:00"
"2773","1",,"CORIANDER SEEDS GLOBAL DATA","IMPORTER","PTIFOODS","6885 Davand Drive, Mississauga, Ontario, L5T 1L5, Canada","38","0","0","+1 (905) 461-1585",,"info@ptifoods.com",,,,,"-",,,"0","0","0","4","0","0000-00-00 00:00:00"
"2774","1",,"CORIANDER SEEDS GLOBAL DATA","IMPORTER","Indiana Spices","Simu Ya Upepo Road, Box 82810-80100, Mombasa, Kenya","113","0","0","+254 202 492627 or +254 711 348173",,,,,,,"-",,,"0","0","0","4","0","0000-00-00 00:00:00"
"2775","1",,"CORIANDER SEEDS GLOBAL DATA","IMPORTER","SOKONI AFRICA LTD","Plot 1273 Ggaba Road, Kampala, Central, Uganda","227","0","0","+256 414 221 034 / +256 287615",,"info@qualityhill.biz",,,,,"-",,,"0","0","0","4","0","0000-00-00 00:00:00"
"2776","1",,"CORIANDER SEEDS GLOBAL DATA","IMPORTER","SKY BIRDS U LIMITED KAMPALA KAMPALA CENTRAL DIVI KAMPALA CENTRAL DIVISION INDUSTRIAL AREAPEPSI COLA INDUSTRIAL AREA 5TH STREET INDUSTRIAL AREA CITY INVESTMENTS LTD 00 00 KAMPALA","Plot 110/112, Industrial Area, 6th Street, Near City Tyre, Opposite Staunch Machinery, Kampala, Uganda","227","0","0","+256 758 888 786",,"skybirdsug2018@gmail.com",,,,,"-",,,"0","0","0","4","0","0000-00-00 00:00:00"
"2777","1",,"CORIANDER SEEDS GLOBAL DATA","IMPORTER","BOMBOKO",,"227","0","0",,,,,,,,"-",,,"0","0","0","4","0","0000-00-00 00:00:00"
"2778","1",,"CORIANDER SEEDS GLOBAL DATA","IMPORTER","ABC",,"38","0","0",,,,,,,,"-",,,"0","0","0","4","0","0000-00-00 00:00:00"
"2779","1",,"CORIANDER SEEDS GLOBAL DATA","IMPORTER","LLC RICE SPICES",,"181","0","0",,,,,,,,"-",,,"0","0","0","4","0","0000-00-00 00:00:00"
"2780","1",,"CORIANDER SEEDS GLOBAL DATA","IMPORTER","Miss HOPE TUMUSIIME MITYANA BUSUJJU MAANYI NEPTUNE na 85",,"227","0","0",,,,,,,,"-",,,"0","0","0","4","0","0000-00-00 00:00:00"
"2781","1",,"CORIANDER SEEDS GLOBAL DATA","IMPORTER","Mr MAHESH KANTILAL KAMPALA KAMPALA CENTRAL DIVI KAMPALA CENTRAL DIVISION 5TH STREET 5TH STREET 0 156 36887 KAMPALA",,"227","0","0",,,,,,,,"-",,,"0","0","0","4","0","0000-00-00 00:00:00"
"2782","1",,"CORIANDER SEEDS GLOBAL DATA","IMPORTER","GULF CATERING COMPANY FOR GENERAL TRADE AND CONTRACTING",,"227","0","0",,,"info@gulfcatering.com",,,,,"-",,,"0","0","0","4","0","0000-00-00 00:00:00"
"2783","1",,"CORIANDER SEEDS GLOBAL DATA","IMPORTER","MS ALI ABDULLAH MOHAMMED AL BALOU",,"165","0","0",,,,,,,,"-",,,"0","0","0","4","0","0000-00-00 00:00:00"
"2784","1",,"CORIANDER SEEDS GLOBAL DATA","IMPORTER","SD UNITED NATIONS INTERIM SECURITY FORCE FOR ABYEI","Abyei Town, Abyei Area, Sudan","227","0","0",,,,,,,,"-",,,"0","0","0","4","0","0000-00-00 00:00:00"
"2785","1",,"CORIANDER SEEDS GLOBAL DATA","IMPORTER","Swits N Snax Fiji Pte Ltd","Yalalevu, Ba, Fiji","73","0","0","+679 667 4888",,"info@bbcbhuja.com.fj","https://switsnsnax.com/",,,,"-",,,"0","0","0","4","0","0000-00-00 00:00:00"
"2786","1",,"CORIANDER SEEDS GLOBAL DATA","IMPORTER","Tashi Shopping Complex","FJGP+8RF, Thimphu, Bhutan","25","0","0","+97517459877",,,,,,,"-",,,"0","0","0","4","0","0000-00-00 00:00:00"
"2787","1",,"CORIANDER SEEDS GLOBAL DATA","IMPORTER","CD GULF CATERING CO",,"227","0","0",,,,,,,,"-",,,"0","0","0","4","0","0000-00-00 00:00:00"
"2788","1",,"CORIANDER SEEDS GLOBAL DATA","IMPORTER","STAR FOOD IMPEX GMBH","Holstenhofweg 41a, 22043 Hamburg","82","0","0","+49 40 228672280","-","info@starfoodimpex.de","www.starfoodimpex.de","-","-","-","--",,,"0","0","29","4","0","0000-00-00 00:00:00"
"2789","1",,"CORIANDER SEEDS GLOBAL DATA","IMPORTER","Admrk Group International Sdn Bhd","20-P-3, Angkupuri, Off Jalan Bukit Kiara, Mont Kiara, Kuala Lumpur, 50480, Malaysia","132","0","0","+603 6128 1175",,,,,,,"-",,,"0","0","0","4","0","0000-00-00 00:00:00"
"2790","1",,"CORIANDER SEEDS GLOBAL DATA","IMPORTER","MAHESH KANTILAL",,"227","0","0",,,,,,,,"-",,,"0","0","0","4","0","0000-00-00 00:00:00"
"2791","1",,"CORIANDER SEEDS GLOBAL DATA","IMPORTER","MONUSCO UNITED NATIONS ORGANIZATION",,"227","0","0",,,,,,,,"-",,,"0","0","0","4","0","0000-00-00 00:00:00"
"2792","1",,"CORIANDER SEEDS GLOBAL DATA","IMPORTER","Wtcapital Group Food Import Export Industry and Trade Limited Company","Do?un ?? Merkezi Apartman?, No:11-9 Viran?ehir Mahallesi, 34351 Sokak, Mezitli, 33340 Mersin, Turkey","223","0","0","+90 532 184 9952",,"Amjad@wtcapitaltr.com",,,,,"-",,,"0","0","0","4","0","0000-00-00 00:00:00"
"2793","1",,"CORIANDER SEEDS GLOBAL DATA","IMPORTER","Mediterranean Hills Food Import Export Trade Limited Company",,"223","0","0",,,,,,,,"-",,,"0","0","0","4","0","0000-00-00 00:00:00"
"2794","1",,"CORIANDER SEEDS GLOBAL DATA","IMPORTER","MS PORSHI IMPEX","33 Kawran Bazar, Shah Ali Tower (11th Floor), Tejgaon, Dhaka-1215, Bangladesh","18","0","0",,,"contact@porshiimpex.com",,,,,"-",,,"0","0","0","4","0","0000-00-00 00:00:00"
"2795","1",,"CORIANDER SEEDS GLOBAL DATA","IMPORTER","Albadawi CO Import Food Trade Limited Company","Ahmet G?rses Blok, No:63-9 Odaba?? Mahallesi, Atat?rk 10 Bulvar?, Antakya, Hatay, Turkey","223","0","0",,,,,,,,"-",,,"0","0","0","4","0","0000-00-00 00:00:00"
"2796","1",,"CORIANDER SEEDS GLOBAL DATA","IMPORTER","COMMON WEALTH BANK COMMONWEALTH BANK","Tenancy Gd63, 211 La Trobe St, Melbourne VIC 3000, Australia","13","0","0","+61396635900",,,"https://www.commbank.com.au/personal/locate-us/vic/melbourne/063014.html",,,,"-",,,"0","0","0","4","0","0000-00-00 00:00:00"
"2797","1",,"CORIANDER SEEDS GLOBAL DATA","IMPORTER","EURASIAN PROJECT MANAGEMENT SERVICES",,"223","0","0","+90 539 717 26 89",,,,,,,"-",,,"0","0","0","4","0","0000-00-00 00:00:00"
"2798","1",,"CORIANDER SEEDS GLOBAL DATA","IMPORTER","KHYBAR TARBAR INT CO",,"103","0","0",,,,,,,,"-",,,"0","0","0","4","0","0000-00-00 00:00:00"
"2799","1",,"CORIANDER SEEDS GLOBAL DATA","IMPORTER","HAS SPRING FOOD MARKETING ITHALAT IHRACAT INDUSTRY TICARET LTD","5 Yan?, Yan Yol No:20/2 D:167, 34158 Bak?rk?y/?stanbul, T?rkiye","223","0","0","+902129242204",,,,,,,"-",,,"0","0","0","4","0","0000-00-00 00:00:00"
"2800","1",,"CORIANDER SEEDS GLOBAL DATA","IMPORTER","WADI ALAMIN INTERNATIONAL ITHALAT IHRACAT SANAYI VE TICARET LIMITED","No: 5/4 Odaba?? Mahallesi A.Gaffar Okkan Bulvari, Antakya, Hatay, Turkey","223","0","0","+90 533 702 9036",,"abdullah@wadialamin.com","Wadi Alamin International",,,,"-",,,"0","0","0","4","0","0000-00-00 00:00:00"
"2801","1",,"CORIANDER SEEDS GLOBAL DATA","IMPORTER","NOTIFY PARTY1 KHALID DEREA ALDEREA HIS PARTNER CO LIMITED","Al Shabaniyah Street, Al Sulay District, Riyadh, Riyadh, 11342 Saudi Arabia","191","0","0","+966 11 2701031",,"info@kalderea.com",,,,,"-",,,"0","0","0","4","0","0000-00-00 00:00:00"
"2802","1",,"CORIANDER SEEDS GLOBAL DATA","IMPORTER","MAHDI TRADE GIDA SAN VE TIC LTD STI","Mersin, Akdeniz, Turkey","223","0","0","+90-5370247769",,"info@mahdi-trade.com",,,,,"-",,,"0","0","0","4","0","0000-00-00 00:00:00"
"2803","1",,"CORIANDER SEEDS GLOBAL DATA","IMPORTER","BK MASALA UDHYOG","Dharambandh Road, Biratnagar, Nepal","153","0","0","+977 21-415245, +977 9852026020",,"info@bkmasala.com.np, order@bkmasala.com.np",,,,,"-",,,"0","0","0","4","0","0000-00-00 00:00:00"
"2804","1",,"CORIANDER SEEDS GLOBAL DATA","IMPORTER","MOHIT SPICES AND FOOD PRODUCTS PVT LIMITED","Kathmandu Metropolitan City 16, Kathmandu, Bagmati","153","0","0",,,,,,,,"-",,,"0","0","0","4","0","0000-00-00 00:00:00"
"2805","1",,"CORIANDER SEEDS GLOBAL DATA","IMPORTER","BLOOM FOOD TRADING LLC","Office 103, Block C, Alhudaiba Building, 2nd of December Street, Dubai, United Arab Emirates","223","0","0","+971 50 139 000",,"armen@bloomfood.ae",,,,,"-",,,"0","0","0","4","0","0000-00-00 00:00:00"
"2806","1",,"CORIANDER SEEDS GLOBAL DATA","IMPORTER","STEAM LAB STERILIZASYON GIDA SANAYI","No:15 ZAFER SB MAHALLESI KURSAD SOKAK, GAZIEMIR, 35410, Izmir, Turkey","223","0","0","+90 232 252 3452",,,,,,,"-",,,"0","0","0","4","0","0000-00-00 00:00:00"
"2807","1",,"CORIANDER SEEDS GLOBAL DATA","IMPORTER","CANADA S B MODI ENTERPRISES","8 Westmore Dr, Unit #14, Toronto, ON M9V 3Z7, Canada","38","0","0",,,,,,,,"-",,,"0","0","0","4","0","0000-00-00 00:00:00"
"2808","1",,"CORIANDER SEEDS GLOBAL DATA","IMPORTER","GREENSTORM FOODS PTY LTD","296 Noalimba Avenue, Kentucky South, New South Wales 2354, Australia","13","0","0","+61 (02) 6778 7357",,,,,,,"-",,,"0","0","0","4","0","0000-00-00 00:00:00"
"2809","1",,"CORIANDER SEEDS GLOBAL DATA","IMPORTER","CAKIRLA INSAAT LOJISTIK GUMRUKLEME OTOMOTIV GAYRIMENKUL ITH IHR SAN VE TIC LTD STI","Dumlup?nar, Adnan Menderes Blv. no:102/6, 33140 Yeni?ehir/Mersin, T?rkiye","223","0","0","+905312847272",,,,,,,"-",,,"0","0","0","4","0","0000-00-00 00:00:00"
"2810","1",,"CORIANDER SEEDS GLOBAL DATA","IMPORTER","Hamood Ali International Company LL",,"165","0","0",,,,,,,,"-",,,"0","0","0","4","0","0000-00-00 00:00:00"
"2811","1",,"CORIANDER SEEDS GLOBAL DATA","IMPORTER","G A S A DE CV",": Colonia La Esperanza, Final Blvd. Morazan Casa Numero 4506, contiguo a la gasolinera UNO, Tegucigalpa, Morazan, Honduras","97","0","0","+504 2510 6272, +504 2510 6271",,,,,,,"-",,,"0","0","0","4","0","0000-00-00 00:00:00"
"2812","1",,"CORIANDER SEEDS GLOBAL DATA","IMPORTER","WTCAPITAL GROUP GIDA ITHALAT IHRACAT SANAYI VE TICARET LIMITED","Do?un ?? Merkezi Apartman, No:11-9 Viran?ehir Mahallesi 34351 Sokak, Mezitli 33340, Mersin, Turkey","223","0","0","+90 533 184 9952",,"Amjad@wtcapitaltr.com",,,,,"-",,,"0","0","0","4","0","0000-00-00 00:00:00"
"2813","1",,"CORIANDER SEEDS GLOBAL DATA","IMPORTER","EASE COIN PVT LTD",,"133","0","0",,,,,,,,"-",,,"0","0","0","4","0","0000-00-00 00:00:00"
"2814","1",,"CORIANDER SEEDS GLOBAL DATA","IMPORTER","Eterno Tarim Limited Sirketi","?merli, General ??kr? Koralt? Cd. No:12/2, 34555 Arnavutk?y/?stanbul, T?rkiye","223","0","0","+902127714141",,,,,,,"-",,,"0","0","0","4","0","0000-00-00 00:00:00"
"2815","1",,"CORIANDER SEEDS GLOBAL DATA","IMPORTER","LULU MUSCAT HYPER MARKETS LLC","Y Tower Building, Sultan Qaboos Street, Al Khuwair, Muscat, Sultanate of Oman, P.O. Box 436, PC 130","165","0","0","+968 800 88488, +968 22 034000",,"oman@luluhypermarket.com, contactusoman@om.lulumea",,,,,"-",,,"0","0","0","4","0","0000-00-00 00:00:00"
"2816","1",,"CORIANDER SEEDS GLOBAL DATA","IMPORTER","USHA FOOD IMPORTS PTY LIMITED","39 Playford Crescent, Salisbury North, South Australia 5108, Australia","13","0","0","+61 (08) 8285 3336",,"info@ushaimports.com.au",,,,,"-",,,"0","0","0","4","0","0000-00-00 00:00:00"
"2817","1",,"CORIANDER SEEDS GLOBAL DATA","IMPORTER","ALBADAWI CO ITHALAT IHRACAT GIDA TICARET LTD SIRKETI",,"223","0","0",,,,,,,,"-",,,"0","0","0","4","0","0000-00-00 00:00:00"
"2818","1",,"CORIANDER SEEDS GLOBAL DATA","IMPORTER","ALBION OMLET HOUSE LTD","1771 Albion Rd, Unit 3, Etobicoke, ON M9W 5S7, Canada","38","0","0","+1(905) 267-0818",,,,,,,"-",,,"0","0","0","4","0","0000-00-00 00:00:00"
"2819","1",,"CORIANDER SEEDS GLOBAL DATA","IMPORTER","Albadawi Co Ithalat Ihracat Gida Ticaret Ltd",,"223","0","0",,,,,,,,"-",,,"0","0","0","4","0","0000-00-00 00:00:00"
"2820","1",,"CORIANDER SEEDS GLOBAL DATA","IMPORTER","KONEKS LOJISTIK FOOD ITALALAT IHRACAT TICARET LTD","COPUR Apartmani Sitesi, No:10-6 Cami Serif Mahallesi, Semiha Tokatli Sokak (5234), Akdeniz, 33060 Mersin, Turkiye","223","0","0","+90 (216) 592 25 20",,"info@konekslojistik.com (Based on typical company ",,,,,"-",,,"0","0","0","4","0","0000-00-00 00:00:00"
"2821","1",,"CORIANDER SEEDS GLOBAL DATA","IMPORTER","HAS BAHARAT GIDA PAZARLAMA ITHALA IHRACAT SANAYI TICARET LIMITED SIRKETI","U?ak, ?akirpa?a Cd. no:119, 01080 Seyhan/Adana, T?rkiye","223","0","0","+905395808423",,,,,,,"-",,,"0","0","0","4","0","0000-00-00 00:00:00"
"2822","1",,"CORIANDER SEEDS GLOBAL DATA","IMPORTER","Adana Value Food and Agricultural Products Industry and Ticaret Ltd","157 F/F5 Karaduvar Mahallesi Bakliyatcilar Sitesi F Blok Apartmani Cumhuriyet Bulvari, Akdeniz, 33112, Mersin, Turkiye","223","0","0",,,,,,,,"-",,,"0","0","0","4","0","0000-00-00 00:00:00"
"2823","1",,"CORIANDER SEEDS GLOBAL DATA","IMPORTER","GOLDEN FOODS APS","Nyager 4, DK-2605 Br?ndby, Capital Region of Denmark, Denmark","58","0","0","+45 36 96 73 71, +45 36 96 7975",,"info@goldenfoodsaps.com","https://goldenfoodsaps.com/",,,,"-",,,"0","0","0","4","0","0000-00-00 00:00:00"
"2824","1",,"CORIANDER SEEDS GLOBAL DATA","IMPORTER","HIRANGE SPICE",,"13","0","0",,,,,,,,"-",,,"0","0","0","4","0","0000-00-00 00:00:00"
"2825","1",,"CORIANDER SEEDS GLOBAL DATA","IMPORTER","STEAM LAB STERILIZASYON GIDA SANAYI VE TICARET ANONIM","No:15 Zafer SB Mahallesi K?r?ad Sokak, Gaziemir, 35410 Izmir, Turkey","223","0","0","(0232) 252 34 52",,,,,,,"-",,,"0","0","0","4","0","0000-00-00 00:00:00"
"2826","1",,"CORIANDER SEEDS GLOBAL DATA","IMPORTER","HBC Trading","Unit 4-6, Block S, Regents Park Estate, 391 Park Road, Regents Park, New South Wales 2143, Australia","13","0","0","+61 1300 168 428",,"info@hbctrading.com.au",,,,,"-",,,"0","0","0","4","0","0000-00-00 00:00:00"
"2827","1",,"CORIANDER SEEDS GLOBAL DATA","IMPORTER","NUTRIFRESH WEST LIMITED","30-5381 72 Ave SE, Calgary, AB T2C 4X6, Canada","38","0","0","+1(403) 205-4816",,,,,,,"-",,,"0","0","0","4","0","0000-00-00 00:00:00"
"2828","1",,"CORIANDER SEEDS GLOBAL DATA","IMPORTER","MB PLC","61, Dilkusha Commercial Area, Dhaka-1000, Bangladesh","18","0","0","+880 2-223382295 (TNT), +880 96-12955933 (IP)",,"contact@mblbd.com",,,,,"-",,,"0","0","0","4","0","0000-00-00 00:00:00"
"2829","1",,"CORIANDER SEEDS GLOBAL DATA","IMPORTER","VIGALEX LTD"," Zh.k. Mladost 1, Sofia 1784, Bulgaria","223","0","0","+359 2 975 11 85",,,,,,,"-",,,"0","0","0","4","0","0000-00-00 00:00:00"
"2830","1",,"CORIANDER SEEDS GLOBAL DATA","IMPORTER","SHAH TRADING COMPANY","3451 McNicoll Ave, Scarborough, ON M1V 2V3, Canada","38","0","0","+1 (416) 292-6927 / +1 (514) 336-2462",,"info@shahtrading.com",,,,,"-",,,"0","0","0","4","0","0000-00-00 00:00:00"
"2831","1",,"CORIANDER SEEDS GLOBAL DATA","IMPORTER","CHIN HUAT TRADING SDN","Lot 8908, Jalan Telok Gong, Kampung Teluk Gong, Pelabuhan Klang, Selangor, 42000, Malaysia","132","0","0","+603-3134 3261 / +603-3134 3289 / +603-3134 3479","-","CHT.MALAYSIA@GMAIL.COM","-","PETER","-","-","--",,,"0","0","0","4","0","0000-00-00 00:00:00"
"2832","1",,"CORIANDER SEEDS GLOBAL DATA","IMPORTER","JAIN FARM FRESH GIDA SAN VE TIC A S","Zafer SB Mahallesi Zeytin Sokak No:3, Ege Serbest B?lgesi, Gaziemir, 35410 Izmir, Turkiye","223","0","0","+90 232 485 0200-","-","info@jainfarmfresh.com.tr","https://www.jainfarmfresh.com.tr/contact","-","info@jainfarmfresh.com.tr","+90 232 485 0200","-",,,"0","0","0","4","0","0000-00-00 00:00:00"
"2833","1",,"CORIANDER SEEDS GLOBAL DATA","IMPORTER","THE SEVEN EXPRESS LOGISTICS SERVIC","Payne Crescent, Apapa, Lagos, Nigeria","160","0","0",,,,,,,,"-",,,"0","0","0","4","0","0000-00-00 00:00:00"
"2834","1",,"CORIANDER SEEDS GLOBAL DATA","IMPORTER","MAHDI TRADE GIDA SANAYI VE TICARET LIMITED SIRKETI","Mersin, Akdeniz, Turkey","223","0","0","+90-5370247769",,"info@mahdi-trade.com",,,,,"-",,,"0","0","0","4","0","0000-00-00 00:00:00"
"2835","1",,"CORIANDER SEEDS GLOBAL DATA","IMPORTER","ORIENT LOGISTICS ENTERPRISE","5/7 Ben Onyeka Street, Olodi-Apapa, Apapa, Lagos State, Nigeria","160","0","0",,,,,,,,"-",,,"0","0","0","4","0","0000-00-00 00:00:00"
"2836","1",,"CORIANDER SEEDS GLOBAL DATA","IMPORTER","NURHA ASIAN FOOD SPAICY LTD","?enlikk?y Mahallesi Prof. Dr. Haydar Ba? Sk. Villa ?aml? Yayla A Blok No: 24 / 6 Florya / Bak?rk?y / ?stanbul, T?rkiye","223","0","0","+90 212 599 78 91 / +90 212 599 78 31",,"sales@nurafoods.com / export@nurafoods.com / logis",,,,,"-",,,"0","0","0","4","0","0000-00-00 00:00:00"
"2837","1",,"CORIANDER SEEDS GLOBAL DATA","IMPORTER","CA",,"38","0","0",,,,,,,,"-",,,"0","0","0","4","0","0000-00-00 00:00:00"
"2839","1",,"CORIANDER SEEDS GLOBAL DATA","IMPORTER","TMG TRADING LLC",,"151","0","0",,,,,,,,"-",,,"0","0","0","4","0","0000-00-00 00:00:00"
"2840","1",,"CORIANDER SEEDS GLOBAL DATA","IMPORTER","EASY TRADE FZE","Unicon Arushi, Flat No B-14, 3rd Floor, Chakan-Talegaon Road, Nanekarwadi, Chakan, Khed, Pune, Maharashtra 410501","101","0","0","+91 8085 32 1229",,,"info@easy-trade.co.in",,,,"-",,,"0","0","0","4","0","0000-00-00 00:00:00"
"2841","1",,"CORIANDER SEEDS GLOBAL DATA","IMPORTER","ARCHWAY GENERAL TRADING LLC",,"101","0","0",,,,,,,,"-",,,"0","0","0","4","0","0000-00-00 00:00:00"
"2842","1",,"CORIANDER SEEDS GLOBAL DATA","IMPORTER","LLC Kanti","4 Sandro Peteph str., Vake-Saburtalo, K'alak'i T'bilisi, 0190, Georgia","81","0","0","+995 571 90 10 10",,"Info@kanti.ge",,,,,"-",,,"0","0","0","4","0","0000-00-00 00:00:00"
"2843","1",,"CORIANDER SEEDS GLOBAL DATA","IMPORTER","R D INTERNATIONAL","Ground Floor, 1411, Nicholson Road, Kashmere Gate, New Delhi, Delhi 110006","101","0","0","+91 99534 55742","-","-","info@rdrexine.com","-","-","-","--",,,"0","0","86","4","0","0000-00-00 00:00:00"
"2844","1",,"CORIANDER SEEDS GLOBAL DATA","IMPORTER","BASHAN TARIMSAL URN PAZ SAN VE DIS TIC AS","Mersin-Adana Karayolu ?zeri Emek Mah. Ataturk Bulv. No.18 Karacailyas, Mersin, T?rkiye","0","0","0","+90 324 221 4141",,"seda.demir@bashan.com.tr",,,,,"-",,,"0","0","0","4","0","0000-00-00 00:00:00"
"2845","1",,"CORIANDER SEEDS GLOBAL DATA","IMPORTER","SALAH ALDEN FOR EXPORT AND IMPORT",,"64","0","0",,,,,,,,"-",,,"0","0","0","4","0","0000-00-00 00:00:00"
"2846","1",,"CORIANDER SEEDS GLOBAL DATA","IMPORTER","WS TRADE PLUS SP Z O O SP COM","Ul. Gen. Fieldorfa Nila 18-25, 24-100 Pu?awy, Poland","175","0","0","+48 81 881 62 80",,"J.PACHLA@WSTRADE.PL",,,,,"-",,,"0","0","0","4","0","0000-00-00 00:00:00"
"2847","1",,"CORIANDER SEEDS GLOBAL DATA","IMPORTER","ADITYA BIRLA GLOBAL TRADING SINGAPORE PTE LTD",,"101","0","0",,,,,,,,"-",,,"0","0","0","4","0","0000-00-00 00:00:00"
"2848","1",,"CORIANDER SEEDS GLOBAL DATA","IMPORTER","Wadi Alamin International Import Export Industry and Trade Limited Company","Odaba?? Mahallesi, ?smet ?n?n? Cd. No:3, 31001 Antakya/Hatay, Turkey","223","0","0","+90 533 702 9036",,,,,,,"-",,,"0","0","0","4","0","0000-00-00 00:00:00"
"2849","1",,"CORIANDER SEEDS GLOBAL DATA","IMPORTER","BAYGRAIN GIDA ITHALAT VE IHRACAT LTD STI",,"101","0","0",,,,,,,,"-",,,"0","0","0","4","0","0000-00-00 00:00:00"
"2850","1",,"CORIANDER SEEDS GLOBAL DATA","IMPORTER","LLC GEOEXPO","3355 Martin Farm Road Suite 100, Suwanee, GA 30024, United States","81","0","0","Toll-Free: 800-433-9767 Office: 770-447-4339",,"Sales@GeorgiaExpo.com",,,,,"-",,,"0","0","0","4","0","0000-00-00 00:00:00"
"2851","1",,"CORIANDER SEEDS GLOBAL DATA","IMPORTER","BALAJI ENTERPRISES LIMITED CORNER OF CHARLOTTE AND HIGH STREET PRINC",,"221","0","0",,,,,,,,"-",,,"0","0","0","4","0","0000-00-00 00:00:00"
"2852","1",,"CORIANDER SEEDS GLOBAL DATA","IMPORTER","ANAMUL STORE","Sonkhula, Ghatail, Tangail, Bangladesh","18","0","0","+8801779988376",,,,,,,"-",,,"0","0","0","4","0","0000-00-00 00:00:00"
"2853","1",,"CORIANDER SEEDS GLOBAL DATA","IMPORTER","FARUK BROTHERS","623, Shaheen Bugh, Tejgaon, Dhaka 1215, Bangladesh","18","0","0","+880 31-726130 (Chittagong branch)",,,,,,,"-",,,"0","0","0","4","0","0000-00-00 00:00:00"
"2854","1",,"CORIANDER SEEDS GLOBAL DATA","IMPORTER","Sun Traders","House # 61, Flat # B-1, Road # 12, Sector # 10, Uttara, Dhaka-1230, Bangladesh","18","0","0","+88 01799602501, +88 01716940101",,"suntradingbd@gmail.com, info@suntradingcobd.com",,,,,"-",,,"0","0","0","4","0","0000-00-00 00:00:00"
"2855","1",,"CORIANDER SEEDS GLOBAL DATA","IMPORTER","M S ALAMGIR SEED COMPANY","174 Siddique Bazar Rd, Dhaka 1000, Bangladesh","18","0","0","+8801713004670",,,"http://alamgirseed.com/",,,,"-",,,"0","0","0","4","0","0000-00-00 00:00:00"
"2856","1",,"CORIANDER SEEDS GLOBAL DATA","IMPORTER","QUALITY FOODS HOLDING CORP","Calle 56A, Edif. Supreme Storage, Local 515, Paitilla, Panama City, Panama","169","0","0","+507 302-0270",,"info@qualityfoodspty.com",,,,,"-",,,"0","0","0","4","0","0000-00-00 00:00:00"
"2857","1",,"CORIANDER SEEDS GLOBAL DATA","IMPORTER","INDOHARVEST SPICE","Jl. Joko Kendil By Pass Mojokerto, Kel. Kenanten, Kec. Puri, Kabupaten Mojokerto, Jawa Timur, 61363, Indonesia","102","0","0","+62 321 325 513","-","quality@indoharvestspice.com","-","FENCY","-","-","-",,,"0","0","0","4","0","0000-00-00 00:00:00"
"2858","1",,"CORIANDER SEEDS GLOBAL DATA","IMPORTER","PT BISNIS SAUDARA INDONESIA","Jl. Kapuk Kamal Raya No.40, Blok B1 Lantai 3B, RT.001/RW.002, Kel. Kamal Muara, Kec. Penjaringan, Jakarta Utara 14470, Indonesia","102","0","0","+62 21-29323666",,,,,,,"-",,,"0","0","0","4","0","0000-00-00 00:00:00"
"2860","1",,"CORIANDER SEEDS GLOBAL DATA","IMPORTER","India Heights Ltd","Main Road, Montrose, Chaguanas, Trinidad and Tobago","221","0","0","+1 868-473-1741",,,,,,,"-",,,"0","0","0","4","0","0000-00-00 00:00:00"
"2861","1",,"CORIANDER SEEDS GLOBAL DATA","IMPORTER","CENTRAL BANK OF WEST AFRICAN STATES","Rue Abdoulaye Fadiga, Lom?, Togo","218","0","0","+228 22 21 53 84",,,,,,,"-",,,"0","0","0","4","0","0000-00-00 00:00:00"
"2862","1",,"CORIANDER SEEDS GLOBAL DATA","IMPORTER","HARRY AGRO TRADING","29/1, B2F, Section 1, Endhal, Kilnathur, Pallikondapet Road, Tiruvannamalai, Tamil Nadu 606611","101","0","0",,,,,,,,"-",,,"0","0","0","4","0","0000-00-00 00:00:00"
"2863","1",,"CORIANDER SEEDS GLOBAL DATA","IMPORTER","KORE INTERNATIONAL","A-441, West Bank, Ashram Road, Ahmedabad, Gujarat, India - 380009","101","0","0","-","+91‑9662411878","-","koreagro.com","Pratik Jain","vinay@koreagro.com","Vinay-+91 99797 11225","-",,,"0","0","86","4","0","0000-00-00 00:00:00"
"2864","1",,"CORIANDER SEEDS GLOBAL DATA","IMPORTER","SHAMIM LIAQAT FOOD BEVERAGES PVT LTD","Unnamed Road, Peer Colony Multan, Punjab 60000, Pakistan","166","0","0","+92616243464",,,"http://www.babaspices.pk/",,,,"-",,,"0","0","0","4","0","0000-00-00 00:00:00"
"2865","1",,"CORIANDER SEEDS GLOBAL DATA","IMPORTER","General Commodities Ltd","Jl. Diponegoro No.5, Kota Kendari, Sulawesi Tenggara - 93124, Indonesia","102","0","0","+62 8788 8005 6777",,,,,,,"-",,,"0","0","0","4","0","0000-00-00 00:00:00"
"2866","1",,"CORIANDER SEEDS GLOBAL DATA","IMPORTER","PRODUCTOS ALIMENTICIOS DO A ROSA SOCIED","San Isidro de Heredia, San Jos?, Costa Rica","52","0","0","+506 2268-5157",,"ventas@donarosa-cr.com (Sales), info@donarosa-cr.c","https://www.donarosa-cr.com/",,,,"-",,,"0","0","0","4","0","0000-00-00 00:00:00"
"2867","1",,"CORIANDER SEEDS GLOBAL DATA","IMPORTER","SWAMI INDIA GHANA LIMITED",": Ground Floor, Solaris Apartments, Ringway Link, Ringway Estate, Osu, Accra, Ghana ? KIA, P.O Box 9060, Digital Address: GA-031-0522","83","0","0","+233 26 987 0038, +233 53 000 0053",,"enquiry@swamiindiaghanaltd.com, info@swamimindiagh",,,,,"-",,,"0","0","0","4","0","0000-00-00 00:00:00"
"2868","1",,"CORIANDER SEEDS GLOBAL DATA","IMPORTER","ORIENT FOOD KFT","Budapest, Gy?mr?i ?t 156, 1103 Hungary","99","0","0","36709443700","-","-","https://orientfood.hu/","-","""info@orientfood.hu"" <info@orientfood.hu>","-","-",,,"0","0","0","4","0","0000-00-00 00:00:00"
"2869","1",,"CORIANDER SEEDS GLOBAL DATA","IMPORTER","SOGAN FIOVILADJA YAO",,"218","0","0",,,,,,,,"-",,,"0","0","0","4","0","0000-00-00 00:00:00"
"2870","1",,"CORIANDER SEEDS GLOBAL DATA","IMPORTER","EXCLUSIV MARKET SRL",,"144","0","0",,,,,,,,"-",,,"0","0","0","4","0","0000-00-00 00:00:00"
"2871","1",,"CORIANDER SEEDS GLOBAL DATA","IMPORTER","HVS International 8 V Platinastraat 2 8211 Ar Lelystad The Netherlands","Platinastraat 2, 8211 AR Lelystad, The Netherlands","155","0","0","+31 (0) 320-276600",,,,,,,"-",,,"0","0","0","4","0","0000-00-00 00:00:00"
"2872","1",,"CORIANDER SEEDS GLOBAL DATA","IMPORTER","BRUDER UNTERWEGER GMBH","First Tyrolean Pine Oil Distillery","14","0","0","+43485582010/+43 (0)4855 8201",,"office@unterweger-natur.com","http://www.unterweger-wellness.com/",,,,"-",,,"0","0","0","4","0","0000-00-00 00:00:00"
"2873","1",,"CORIANDER SEEDS GLOBAL DATA","IMPORTER","PPHU POLFRUCT SP JKONIECMOSTY","Thal-Aue 13 9911 Assling","175","0","0","+48 606 995 239","-","polfruct.pl@gmail.com","-","DANIEL"," danielskrzela31@gmail.com","+48 602 299 239","--",,,"0","0","0","4","0","0000-00-00 00:00:00"
"2874","1",,"CORIANDER SEEDS GLOBAL DATA","IMPORTER","MDM PRODUCTION PTY LTD",,"13","0","0",,,,,,,,"-",,,"0","0","0","4","0","0000-00-00 00:00:00"
"2875","1",,"CORIANDER SEEDS GLOBAL DATA","IMPORTER","TO THE",,"218","0","0",,,,,,,,"-",,,"0","0","0","4","0","0000-00-00 00:00:00"
"2876","1",,"CORIANDER SEEDS GLOBAL DATA","IMPORTER","IBRAHIM UMARU MOJO",,"218","0","0",,,,,,,,"-",,,"0","0","0","4","0","0000-00-00 00:00:00"
"2877","1",,"CORIANDER SEEDS GLOBAL DATA","IMPORTER","GREENCAMP CO LTD","96 Gajeongbuk-ro Yuseong-gu, Daejeon, 34111, Republic of Korea","0","0","0",,,,,,,,"-",,,"0","0","0","4","0","0000-00-00 00:00:00"
"2878","1",,"CORIANDER SEEDS GLOBAL DATA","IMPORTER","MEHMET ALGAN VE O ULLARI L M TED RKET",,"56","0","0",,,,,,,,"-",,,"0","0","0","4","0","0000-00-00 00:00:00"
"2879","1",,"CORIANDER SEEDS GLOBAL DATA","IMPORTER","M R T C LTD",,"56","0","0",,,,,,,,"-",,,"0","0","0","4","0","0000-00-00 00:00:00"
"2880","1",,"CORIANDER SEEDS GLOBAL DATA","IMPORTER","CAPPADOCIA IMPORT TURKISH FOOD INC","14203 128a Avenue NW, Edmonton, AB T5L 4P5, Canada","38","0","0","+1(780) 453-6239",,,,,,,"-",,,"0","0","0","4","0","0000-00-00 00:00:00"
"2881","1",,"CORIANDER SEEDS GLOBAL DATA","IMPORTER","ASPAVA TRAD NG LTD","194 Mactier Dr, Kleinburg, ON L4H 4L5, Canada","38","0","0",,,,,,,,"-",,,"0","0","0","4","0","0000-00-00 00:00:00"
"2882","1",,"CORIANDER SEEDS GLOBAL DATA","IMPORTER","BANGKOK CRUDE DRUGS IMPORT EXPORTCO LTD"," 127-129 Chakkrawat Road Soi Hua Met, Samphanthawong, Bangkok, 10100, Thailand","217","0","0","+66 2 224 9943",,"info@bcdherbs.com","www.bcdherbs.com",,,,"-",,,"0","0","0","4","0","0000-00-00 00:00:00"
"2883","1",,"CORIANDER SEEDS GLOBAL DATA","IMPORTER","JONGPAO TRADING CO LIMITED","99/8 Moo 9, Khlong Luang, Pathum Thani, 12120, Thailand","217","0","0",,,,,,,,"-",,,"0","0","0","4","0","0000-00-00 00:00:00"
"2884","1",,"CORIANDER SEEDS GLOBAL DATA","IMPORTER","MANIRIHO TOUSSAINT LIONNEL",,"35","0","0",,,,,,,,"-",,,"0","0","0","4","0","0000-00-00 00:00:00"
"2885","1",,"CORIANDER SEEDS GLOBAL DATA","IMPORTER","PACIFIC RESSOURCES LTD",,"35","0","0",,,,,,,,"-",,,"0","0","0","4","0","0000-00-00 00:00:00"
"2886","1",,"CORIANDER SEEDS GLOBAL DATA","IMPORTER","MRPREEDA SIRIDHORNKUL",,"217","0","0",,,,,,,,"-",,,"0","0","0","4","0","0000-00-00 00:00:00"
"2887","1",,"CORIANDER SEEDS GLOBAL DATA","IMPORTER","AGROIMPORT LOBSOL EIRL AGRO LOBSOL","Fray Angelico 146, Surquillo 15038, Peru","172","0","0","+51943204855",,,,,,,"-",,,"0","0","0","4","0","0000-00-00 00:00:00"
"2888","1",,"CORIANDER SEEDS GLOBAL DATA","IMPORTER","GREEN BOTTLE PUB RESTAURANT CO LIMITED","168,170 Phatthanakan Road, Prawet, Bangkok, 10250, Thailand","217","0","0",,,,,,,,"-",,,"0","0","0","4","0","0000-00-00 00:00:00"
"2889","1",,"CORIANDER SEEDS GLOBAL DATA","IMPORTER","THANANAN CHEMICAL CO LTD","36/35 Moo 3, Theparak Road, Bangpla, Bangplee, Samutprakarn, 10540, Thailand","217","0","0","+66 (2) 108 2830",,,,,,,"-",,,"0","0","0","4","0","0000-00-00 00:00:00"
"2890","1",,"CORIANDER SEEDS GLOBAL DATA","IMPORTER","MN FOOD S R O","Ve Sme?k?ch 604/5, Praha 1 - Nov? M?sto, 110 00 Praha, Czech Republic","57","0","0",,,,,,,,"-",,,"0","0","0","4","0","0000-00-00 00:00:00"
"2891","1",,"CORIANDER SEEDS GLOBAL DATA","IMPORTER","GESON SA","Calle Vallejos 3320, C1419GIZ Autonomous City of Buenos Aires, Argentina","10","0","0","+541170790800",,"info@geson.com.ar",,,,,"-",,,"0","0","0","4","0","0000-00-00 00:00:00"
"2892","1",,"CORIANDER SEEDS GLOBAL DATA","IMPORTER","EKOSAN TICARET HAKAN DUZGUN",,"56","0","0",,,,,,,,"-",,,"0","0","0","4","0","0000-00-00 00:00:00"
"2893","1",,"CORIANDER SEEDS GLOBAL DATA","IMPORTER","ALYOSA TRADING LTD STI","?????????? ?????, 3, JULIA HOUSE, 1066, ????????, ?????? (Themistokli Dervi, 3, Julia House, 1066, Nicosia, Cyprus)","56","0","0",,,,"https://panjiva.com/Alyosa-Trading-Ltd-Sti/178196061",,,,"-",,,"0","0","0","4","0","0000-00-00 00:00:00"
"2894","1",,"CORIANDER SEEDS GLOBAL DATA","IMPORTER","SEA LAND IMPORT EXPORT E K ALT FECH","Alt Fechenheim 65, 60386 Frankfurt am Main, Germany","82","0","0","+49 1726 828070, +49 69 24008692",,"fishland@web.de, order@seelandonline.de",,,,,"-",,,"0","0","0","4","0","0000-00-00 00:00:00"
"2895","1",,"CORIANDER SEEDS GLOBAL DATA","IMPORTER","SANABEL ALFARAT CO","HVFH+M59, New Industrial Area, Riyadh 14332, Saudi Arabia","191","0","0","+966114963311",,,,,,,"-",,,"0","0","0","4","0","0000-00-00 00:00:00"
"2896","1",,"CORIANDER SEEDS GLOBAL DATA","IMPORTER","MIANZ PVT LTD","8th Floor, M.Niyandhurumaage Alimas Maagu, Mal?, Republic of Maldives","133","0","0","+960 334-1545",,"info@micollege.edu.mv",,,,,"-",,,"0","0","0","4","0","0000-00-00 00:00:00"
"2897","1",,"CORIANDER SEEDS GLOBAL DATA","IMPORTER","WILDWEST CORPORATION CO LTD","98/1 Soi San Chao Jed, Charoen Krung Road, Si Phraya Subdistrict, Bang Rak District, Bangkok, 10500, Thailand","217","0","0",,,,,,,,"-",,,"0","0","0","4","0","0000-00-00 00:00:00"
"2898","1",,"CORIANDER SEEDS GLOBAL DATA","IMPORTER","SEMILLAS CARLESSI SAC","Jiron Felipe Santiago Crespo 637, Lima, Lima, 15021","172","0","0",,,,,,,,"-",,,"0","0","0","4","0","0000-00-00 00:00:00"
"2899","1",,"CORIANDER SEEDS GLOBAL DATA","IMPORTER","AUSTRALIA 9 16CANTERBURY ROA",,"0","0","0",,,,,,,,"-",,,"0","0","0","4","0","0000-00-00 00:00:00"
"2900","1",,"CORIANDER SEEDS GLOBAL DATA","IMPORTER","GOLDEN ANCHOR BV METAALBEWERKERWEG","Metaalbewerkerweg 19-Unit C, 1032 KW Amsterdam, Netherlands","0","0","0",,,,,,,,"-",,,"0","0","0","4","0","0000-00-00 00:00:00"
"2901","1",,"CORIANDER SEEDS GLOBAL DATA","IMPORTER","Sahajanand Investments Limited","Meru street, Dar es Salaam 14112, Tanzania","216","0","0","+255677151564",,,,,,,"-",,,"0","0","0","4","0","0000-00-00 00:00:00"
"2902","1",,"CORIANDER SEEDS GLOBAL DATA","IMPORTER","LOKAMANA OYAYA EMILE","42 Msasani Rd, Dar es Salaam, Tanzania","216","0","0",,,,,,,,"-",,,"0","0","0","4","0","0000-00-00 00:00:00"
"2903","1",,"CORIANDER SEEDS GLOBAL DATA","IMPORTER","TAHA INTERNATIONAL INC","4351 Rue Garand, Saint-Laurent, QC H4R 2B4, Canada","38","0","0","+1(514) 333-8242",,,,,,,"-",,,"0","0","0","4","0","0000-00-00 00:00:00"
"2904","1",,"CORIANDER SEEDS GLOBAL DATA","IMPORTER","CAHAYA MAKMUR TRADING",,"98","0","0",,,,,,,,"-",,,"0","0","0","4","0","0000-00-00 00:00:00"
"2905","1",,"CORIANDER SEEDS GLOBAL DATA","IMPORTER","FAMILY MART UNIPESSOAL LDA",,"62","0","0",,,,,,,,"-",,,"0","0","0","4","0","0000-00-00 00:00:00"
"2906","1",,"CORIANDER SEEDS GLOBAL DATA","IMPORTER","HASHMI ENTERPRISES LIMITED","Plot No. 17741 Chilimbulu Road, Kamwala, Lusaka, Tanzania","216","0","0","Plot No. 17741 Chilimbulu Road, Kamwala, Lusaka, T","255 97 9259484",,,,,,"-",,,"0","0","0","4","0","0000-00-00 00:00:00"
"2907","1",,"CORIANDER SEEDS GLOBAL DATA","IMPORTER","ABASTECEDORA DE ALIMENTOS Y EMBUTIDOS VALLE HERMANOS SA DE CV","Carretera a Todos Santos, Km. 4.5, Brisas del Pac?fico, Cabo San Lucas, B.C.S., CP 23473, Mexico","142","0","0","+52 624 143 5309 / +52 624 143 1838 / +52 624 143 ",,"info@vallehermanos.com",,,,,"-",,,"0","0","0","4","0","0000-00-00 00:00:00"
"2908","1",,"CORIANDER SEEDS GLOBAL DATA","IMPORTER","MASALAND INVESTMENTS LIMITED","P.o Box - 83004-80100 Mombasa, Kenya","113","0","0","+254 700000034 ",,"Masalandltd@gmail.com",,,,,"-",,,"0","0","0","4","0","0000-00-00 00:00:00"
"2909","1",,"CORIANDER SEEDS GLOBAL DATA","IMPORTER","ADAMS SPICE SHOP","Adams Spice Shop...we are located along Cha Cha Cha road next to Zesco Offices,Kariba House","216","0","0","+255 971056799",,,,,,,"-",,,"0","0","0","4","0","0000-00-00 00:00:00"
"2910","1",,"CORIANDER SEEDS GLOBAL DATA","IMPORTER","AGROPECUARIA PILAR DE PAIER Y ANGIELCZYK","Av. Jos? E. Uriburu 371, B1629 Pilar, Provincia de Buenos Aires, Argentina","10","0","0","+54 23 0 443-0102",,,,,,,"-",,,"0","0","0","4","0","0000-00-00 00:00:00"
"2911","1",,"CORIANDER SEEDS GLOBAL DATA","IMPORTER","NASSOR MAULID KOMBO",,"216","0","0",,,,,,,,"-",,,"0","0","0","4","0","0000-00-00 00:00:00"
"2912","1",,"CORIANDER SEEDS GLOBAL DATA","IMPORTER","KITCHEN AID LIMITED",,"216","0","0",,,,,,,,"-",,,"0","0","0","4","0","0000-00-00 00:00:00"
"2913","1",,"CORIANDER SEEDS GLOBAL DATA","IMPORTER","ZAMHIND FARMS AGRICULTURAL SUPPLIES LTD","Farm No. 1892, Off Great North Road Chisamba ZM, 11001, Zambia","216","0","0","+260962209757",,,,,,,"-",,,"0","0","0","4","0","0000-00-00 00:00:00"
"2914","1",,"CORIANDER SEEDS GLOBAL DATA","IMPORTER","MACOLAT WARD FOOD TRADING","MACOLAT WARD FOOD TRADING EST ? PO BOX 7095 BUILDING NO 4324,36361 HOFUF","191","0","0","+966-500857033",,"RONYMH839@GMAIL.COM",,,,,"-",,,"0","0","0","4","0","0000-00-00 00:00:00"
"2915","1",,"CORIANDER SEEDS GLOBAL DATA","IMPORTER","KACKTUS INTERNATIIONAL PTY LTD","55 Railway Parade, Rocklea, Queensland 4106, Australia","13","0","0","+61 0421 171 900",,"info@kacktus.com.au",,,,,"-",,,"0","0","0","4","0","0000-00-00 00:00:00"
"2916","1",,"CORIANDER SEEDS GLOBAL DATA","IMPORTER","SONAMONI ENTERPRISE INC",,"38","0","0",,,,,,,,"-",,,"0","0","0","4","0","0000-00-00 00:00:00"
"2917","1",,"CORIANDER SEEDS GLOBAL DATA","IMPORTER","YILLUSAKA",,"216","0","0",,,,,,,,"-",,,"0","0","0","4","0","0000-00-00 00:00:00"
"2918","1",,"CORIANDER SEEDS GLOBAL DATA","IMPORTER","ASR ENTERPRISES AUSTRALIA","Unit 16, 71A Milperra Road, Revesby, New South Wales 2212, Australia","13","0","0","+61 0403 684 608",,"info@asraustralia.com.au",,,,,"-",,,"0","0","0","4","0","0000-00-00 00:00:00"
"2919","1",,"CORIANDER SEEDS GLOBAL DATA","IMPORTER","M SSHREEJI INVESTMENT AND GENERAL","C039 Livingstone Avenue, P.O. Box 51018, Limbe, Malawi, Le limbe, Tanzania","216","0","0",,,,,,,,"-",,,"0","0","0","4","0","0000-00-00 00:00:00"
"2920","1",,"CORIANDER SEEDS GLOBAL DATA","IMPORTER","PERSONA NATURAL",,"47","0","0",,,,,,,,"-",,,"0","0","0","4","0","0000-00-00 00:00:00"
"2921","1",,"CORIANDER SEEDS GLOBAL DATA","IMPORTER","BLUE SEAL FREIGHTERS LTD","Plot No. 209/675 Philadelphia House, Tom Mboya Street, Nairobi, Kenya","113","0","0","+254 205 566 621",,"wilfredkingoo16@gmail.com",,,,,"-",,,"0","0","0","4","0","0000-00-00 00:00:00"
"2922","1",,"CORIANDER SEEDS GLOBAL DATA","IMPORTER","Buland Supermarket Ltd","Jamhuri & Aggrey Street, P.O. Box 2048, Dar Es Salaam, Tanzania","216","0","0","+255 715 432 480",,"bulandsmtltd1@gmail.com",,,,,"-",,,"0","0","0","4","0","0000-00-00 00:00:00"
"2923","1",,"CORIANDER SEEDS GLOBAL DATA","IMPORTER","NATURKOST FURCHAT SAKIR RADSCHAPOV GBR","-","82","0","0","+49 7471 1869893","-","-","NATURKOST F&S","-","info@funds-naturkost.de","-","-",,,"0","0","0","4","0","0000-00-00 00:00:00"
"2924","1",,"CORIANDER SEEDS GLOBAL DATA","IMPORTER","TOO Sarvinoz S","31, kv.7a, ulitsa Yqylas Dukenuly, Astana, Kazakhstan","112","0","0",,,,,,,,"-",,,"0","0","0","4","0","0000-00-00 00:00:00"
"2925","1",,"CORIANDER SEEDS GLOBAL DATA","IMPORTER","TO KIRTAN ENTERPRISES",,"216","0","0",,,,,,,,"-",,,"0","0","0","4","0","0000-00-00 00:00:00"
"2926","1",,"CORIANDER SEEDS GLOBAL DATA","IMPORTER","SFCE NEGOCE INTERNATIONAL",,"35","0","0",,,,,,,,"-",,,"0","0","0","4","0","0000-00-00 00:00:00"
"2927","1",,"CORIANDER SEEDS GLOBAL DATA","IMPORTER","MUHAMMAD COMMISSION AGENT","6CH8+HPM, Allah Wala Town, Nawabshah, Shaheed Benazirabad, Sindh, Pakistan","166","0","0","+923022542662",,,,,,,"-",,,"0","0","0","4","0","0000-00-00 00:00:00"
"2928","1",,"CORIANDER SEEDS GLOBAL DATA","IMPORTER","HASHMI ENTERPRISE LIMITED",,"216","0","0",,,,,,,,"-",,,"0","0","0","4","0","0000-00-00 00:00:00"
"2929","1",,"CORIANDER SEEDS GLOBAL DATA","IMPORTER","LAVAL SAS","Carrera 16 #30-55, Bogot?, Distrito Capital de Bogot?, 137, Colombia","47","0","0","+57 601 3204835",,,,,,,"-",,,"0","0","0","4","0","0000-00-00 00:00:00"
"2930","1",,"CORIANDER SEEDS GLOBAL DATA","IMPORTER","MANSA STORE","6666+FRV, Sinza C, Dar es Salaam, Tanzania","216","0","0","+255752827675",,,,,,,"-",,,"0","0","0","4","0","0000-00-00 00:00:00"
"2931","1",,"CORIANDER SEEDS GLOBAL DATA","IMPORTER","AGP SAC","Calle 2 Mz. P-2 Lt. 16 Urb. Nuevo Lur?n, Lur?n, Lima, Peru","172","0","0","+51 01 430 3111",,,,,,,"-",,,"0","0","0","4","0","0000-00-00 00:00:00"
"2932","1",,"CORIANDER SEEDS GLOBAL DATA","IMPORTER","DELFINA COWO",,"22","0","0",,,,,,,,"-",,,"0","0","0","4","0","0000-00-00 00:00:00"
"2933","1",,"CORIANDER SEEDS GLOBAL DATA","IMPORTER","CV SURYA MAS","Jl. Banjar Sugihan Baru No.97, Banjar Sugihan, Kec. Tandes, Surabaya, Jawa Timur 60185, Indonesia","102","0","0","+6285242686876",", 0812-3333-0033,  (","	egasurya_mas@yahoo.co.id","https://cvsuryamas.com/","WINSON","-","+62 811-328-338/ +62 811-328-338","-",,,"0","0","0","4","0","0000-00-00 00:00:00"
"2934","1",,"CORIANDER SEEDS GLOBAL DATA","IMPORTER","TRADE LINKS COMPANY LIMITED","Powercomputers Telecommunication Ltd., Sabodo Car Parking Tower, 10th Floor, India Street, Dar es Salaam, Tanzania","216","0","0","+255 (22) 2111386 / +255 (22) 2124030",,"info@123tanzania.com",,,,,"-",,,"0","0","0","4","0","0000-00-00 00:00:00"
"2935","1",,"CORIANDER SEEDS GLOBAL DATA","IMPORTER","DETOHOME ENTERPRISE LIMITED",,"216","0","0",,,,,,,,"-",,,"0","0","0","4","0","0000-00-00 00:00:00"
"2936","1",,"CORIANDER SEEDS GLOBAL DATA","IMPORTER","YANILA UNIPESSOAL LDA","Av. Pres. Nicolau Lobato Comoro, D?li, Timor-Leste","62","0","0","+67077276995",,,,,,,"-",,,"0","0","0","4","0","0000-00-00 00:00:00"
"2937","1",,"CORIANDER SEEDS GLOBAL DATA","IMPORTER","A S TRADING","111, Hazaribagh, Dhaka, Dhaka 1209, Bangladesh","18","0","0","+8801687483168",,,,,,,"-",,,"0","0","0","4","0","0000-00-00 00:00:00"
"2938","1",,"CORIANDER SEEDS GLOBAL DATA","IMPORTER","RIAF ALIF TRADERS","1 No, Sufia Market, Dakhin Maitka, Hemayetpur 1340, Bangladesh","18","0","0","+880 1913 820230, +880 1613 820230",,"khokonyousuf@gmail.com, info@aliftradersbd.com",,,,,"-",,,"0","0","0","4","0","0000-00-00 00:00:00"
"2939","1",,"CORIANDER SEEDS GLOBAL DATA","IMPORTER","ISSA RAMADHANI ISSA MR",,"216","0","0",,,,,,,,"-",,,"0","0","0","4","0","0000-00-00 00:00:00"
"2940","1",,"CORIANDER SEEDS GLOBAL DATA","IMPORTER","GRANOSA AG INDUSTRIESTRASSE GRANOSA AG MUSTARD TERMINAL",": Industriestrasse 15, 68169 Mannheim, Germany","82","0","0","+49 71 844 9820","+49 621 123456","GRANOSA","https://www.granosa.ch/en/","-","mannheim@granosa.ch","+4917662730432","--",,,"0","0","0","4","0","0000-00-00 00:00:00"
"2941","1",,"CORIANDER SEEDS GLOBAL DATA","IMPORTER","K KONSTANTINIDIS CO EE","D Gounari 2, Peiraias, Peiraias, 18531, Athens, Attica, Greece","85","0","0",,,,,,,,"-",,,"0","0","0","4","0","0000-00-00 00:00:00"
"2942","1",,"CORIANDER SEEDS GLOBAL DATA","IMPORTER","WEBB JAMES SRL VIA DELLE CATERATTE","Via delle Cateratte 84, 57122 Livorno, Italy","107","0","0","+39 0586 884282",,"info@webbjames.com",,,,,"-",,,"0","0","0","4","0","0000-00-00 00:00:00"
"2943","1",,"CORIANDER SEEDS GLOBAL DATA","IMPORTER","GEWURZHAUS ANTIOCHIA","N3 11, 68161 Mannheim, Germany","82","0","0","+4962183599440","-","-","http://gh-antiochia.com/","-","-","-","-",,,"0","0","29","4","0","0000-00-00 00:00:00"
"2944","1",,"CORIANDER SEEDS GLOBAL DATA","IMPORTER","GROUPE JAMBO SARL","Sirari - Mwanza Rd, Mwanza, Tanzania, Mwanza Region","216","0","0","+255 [0] 622 666 692 / +255 [0] 622 666 693",,"info@jambogrouptz.net",,,,,"-",,,"0","0","0","4","0","0000-00-00 00:00:00"
"2945","1",,"CORIANDER SEEDS GLOBAL DATA","IMPORTER","KADIATA NGOY ANDRE- LUBUMBASHI",,"216","0","0",,,,,,,,"-",,,"0","0","0","4","0","0000-00-00 00:00:00"
"2946","1",,"CORIANDER SEEDS GLOBAL DATA","IMPORTER","MIR TIC LTD","No:36 HZ. Omer Caddesi Cengiz Topel Sokak, Girne, Northern Cyprus","56","0","0","+392 81 123456",,,,,,,"-",,,"0","0","0","4","0","0000-00-00 00:00:00"
"2947","1",,"CORIANDER SEEDS GLOBAL DATA","IMPORTER","Firma Handlowa Weltsamen Lukasz Gaworski","Posmykowizna 55, 98-355 Dzia?oszyn","175","0","0","+48 605 84 87 70, +48 695 21 10 29, +48 665 34 89 ",,"biuro@weltsamen.com",,,,,"-",,,"0","0","0","4","0","0000-00-00 00:00:00"
"2948","1",,"CORIANDER SEEDS GLOBAL DATA","IMPORTER","WS TRADE PLUS SP Z","Genera?a Fieldorfa ""Nila"" 18, Pu?awy, Woj Lubelskie, 24-100, Poland","175","0","0","+48 81 881 62 80",,"j.pachla@wstrade.pl",,,,,"-",,,"0","0","0","4","0","0000-00-00 00:00:00"
"2949","1",,"CORIANDER SEEDS GLOBAL DATA","IMPORTER","YASHVI ENTERPRISE SPRL",,"216","0","0",,,,,,,,"-",,,"0","0","0","4","0","0000-00-00 00:00:00"
"2950","1",,"CORIANDER SEEDS GLOBAL DATA","IMPORTER","WEST ASIA NETWORK DMCC","1203 HDS Tower, Cluster F, Jumeirah Lakes Towers, Dubai, UAE","0","0","0","+971 566 3353 64",,"saurabh.agarwal@westasianetwork.com",,,,,"-",,,"0","0","0","4","0","0000-00-00 00:00:00"
"2951","1",,"CORIANDER SEEDS GLOBAL DATA","IMPORTER","BULAND SUPERMARKET LIMITED","Jamhuri & Aggrey Street, P.O. Box 2048, Dar es Salaam, Tanzania","216","0","0","+255 715 432 480",,"bulandsmtltd1@gmail.com",,,,,"-",,,"0","0","0","4","0","0000-00-00 00:00:00"
"2952","1",,"CORIANDER SEEDS GLOBAL DATA","IMPORTER","A H GROCERS",,"28","0","0",,,,,,,,"-",,,"0","0","0","4","0","0000-00-00 00:00:00"
"2953","1",,"CORIANDER SEEDS GLOBAL DATA","IMPORTER","ZAMHIND FARMS AGRICULTURAL SUPPLIES LIMITED","Farm No. 1892, Off Great North Road Chisamba ZM, 11001, Zambia","216","0","0","+260962209757",,,,,,,"-",,,"0","0","0","4","0","0000-00-00 00:00:00"
"2954","1",,"CORIANDER SEEDS GLOBAL DATA","IMPORTER","AL JAMEEL INTERNATIONAL TRADING CO LTD","Dawar AL Nujom, P.O.Box: 19301, Jeddah, Western Province, 22412 Saudi Arabia","191","0","0","+966 12 6363455",,"jeddah@aljameelfood.com",,,,,"-",,,"0","0","0","4","0","0000-00-00 00:00:00"
"2955","1",,"CORIANDER SEEDS GLOBAL DATA","IMPORTER","PT NIAGA ABADI GLOBALINDO","Ruko De Mansion, Blk. E-F Jl. Jalur Sutera, RT.01/RW.01, Central Karang, Karang Tengah, Tangerang City, Banten 15144, Indonesia","102","0","0","+62 812 6683 400","-","-","-","MR. MISBAH","-","+62 853-6378-8669","-",,,"0","0","0","4","0","0000-00-00 00:00:00"
"2957","1",,"CORIANDER SEEDS GLOBAL DATA","IMPORTER","STEPH AND LAM TRADING 09 BP 2321 ABIDJAN CITY 09 Keneya FACE ASTORIA PALACE","BP 2321, Abidjan City 09, Keneya Face Astoria Palace, Ivory Coast","53","0","0",,,,,,,,"-",,,"0","0","0","4","0","0000-00-00 00:00:00"
"2958","1",,"CORIANDER SEEDS GLOBAL DATA","IMPORTER","PT WAHANA BARU SEJAHTERA","Tugurejo, Jl. Raya, Tugurejo, Jawa Tengah, Indonesia","102","0","0","+62 24 866 4562, ","-","wahana@semarang.wasantara.net.id","-","-","-","-+62 24 8646562","-",,,"0","0","0","4","0","0000-00-00 00:00:00"
"2959","1",,"CORIANDER SEEDS GLOBAL DATA","IMPORTER","PT AGRA GARLICA LESTARI","Komp. Merbau Mas ruko No.95, Sekip, Kec. Medan Petisah, Kota Medan, Sumatera Utara 20111, Indonesia","102","0","0","-","+62 899 296 4168","agragarlicalestari@gmail.com","-","Jim","-","-","-","-","-","0","0","0","4","0","0000-00-00 00:00:00"
"2960","1",,"CORIANDER SEEDS GLOBAL DATA","IMPORTER","ALPEF BV","Rue Roger Marchal 3, 5380 Fernelmont, Belgium","21","0","0","+3285314385",,"info@petzlbenelux.com","http://www.alpitec.be/",,,,"-",,,"0","0","0","4","0","0000-00-00 00:00:00"
"2961","1",,"CORIANDER SEEDS GLOBAL DATA","IMPORTER","MAA INVESTMENT Ltd",,"216","0","0",,,,,,,,"-",,,"0","0","0","4","0","0000-00-00 00:00:00"
"2962","1",,"CORIANDER SEEDS GLOBAL DATA","IMPORTER","DIPESHWARI INTERNATIONAL LIMITED",,"216","0","0",,,,,,,,"-",,,"0","0","0","4","0","0000-00-00 00:00:00"
"2963","1",,"CORIANDER SEEDS GLOBAL DATA","IMPORTER","EVERGREEN TRADING VENTURE","Plot No. 2, SB-87, Room No. 02, Mezzanine Floor, Saleem Heights, Block 13/C, Gulshan-e-Iqbal, Karachi, Sindh, Pakistan","166","0","0","+923102449597",,,"info.evergreenventure@evergreen",,,,"-",,,"0","0","0","4","0","0000-00-00 00:00:00"
"2964","1",,"CORIANDER SEEDS GLOBAL DATA","IMPORTER","INDUSTRIA LOS PATITOS S A","Zona Industrial de Barreal de Heredia, La Entrada Principal de Cenada 100 M Norte y 25 M Este, Heredia, Heredia, Costa Rica","52","0","0","+506 2239 2111",,"miguel@lospatitos.com",,,,,"-",,,"0","0","0","4","0","0000-00-00 00:00:00"
"2965","1",,"CORIANDER SEEDS GLOBAL DATA","IMPORTER","ERAA GENERAL TRADING LTD",,"216","0","0",,,"export@era.trade",,,,,"-",,,"0","0","0","4","0","0000-00-00 00:00:00"
"2966","1",,"CORIANDER SEEDS GLOBAL DATA","IMPORTER","MR KELLY TSHIBUABUA",,"216","0","0",,,,,,,,"-",,,"0","0","0","4","0","0000-00-00 00:00:00"
"2967","1",,"CORIANDER SEEDS GLOBAL DATA","IMPORTER","PHO PHONG VIETNAMESE RESTAURANT","7/70 Marangaroo Drive, Girrawheen, WA 6064, Australia","0","0","0","+61 8 9343 3886",,"VietnameseCuisine@hotmail.com",,,,,"-",,,"0","0","0","4","0","0000-00-00 00:00:00"
"2968","1",,"CORIANDER SEEDS GLOBAL DATA","IMPORTER","CLEMENT YUNGE MAHALILA",,"216","0","0",,,,,,,,"-",,,"0","0","0","4","0","0000-00-00 00:00:00"
"2969","1",,"CORIANDER SEEDS GLOBAL DATA","IMPORTER","ABDO LEBENSMITTEL MOHAMAD DAGHMACH","-","82","0","0","-","+49 1523 1038835","-","-","MOHAMAD DAGHMACH - -","=","-","-",,,"0","0","0","4","0","0000-00-00 00:00:00"
"2970","1",,"CORIANDER SEEDS GLOBAL DATA","IMPORTER","LLC GRYNAGRO MD",,"144","0","0",,,,,,,,"-",,,"0","0","0","4","0","0000-00-00 00:00:00"
"2971","1",,"CORIANDER SEEDS GLOBAL DATA","IMPORTER","PRYMAT SPOLKA ZOO UL CHLEBOWA","Chlebowa 14, 44-337 Jastrz?bie-Zdr?j, Poland","175","0","0","+48 32 47 33 222","-","prymat@prymat.pl, export@prymat.pl","-","-","export@prymat.pl","+48 12 252 88 21 ","-",,,"0","0","86","4","0","0000-00-00 00:00:00"
"2973","1",,"CORIANDER SEEDS GLOBAL DATA","IMPORTER","AISHA NAZIR KASSIM",,"216","0","0",,,,,,,,"-",,,"0","0","0","4","0","0000-00-00 00:00:00"
"2974","1",,"CORIANDER SEEDS GLOBAL DATA","IMPORTER","KND INVESTMENT","Near By Genius School, Segerea, Dar Es Salaam, 12105 Tanzania","216","0","0","+255 739 211 171",,,,,,,"-",,,"0","0","0","4","0","0000-00-00 00:00:00"
"2975","1",,"CORIANDER SEEDS GLOBAL DATA","IMPORTER","Highness Impex Rwanda Ltd","Bandari Road, Dar es Salaam, Tanzania","216","0","0","+255 22 211 2491",,,,,,,"-",,,"0","0","0","4","0","0000-00-00 00:00:00"
"2976","1",,"CORIANDER SEEDS GLOBAL DATA","IMPORTER","ISSAKA AWUDU",,"83","0","0",,,,,,,,"-",,,"0","0","0","4","0","0000-00-00 00:00:00"
"2977","1",,"CORIANDER SEEDS GLOBAL DATA","IMPORTER","CECA GADIS STP LDA","Avenida Marginal 12 de Julho, Passadeira do Hospital, P.O. Box 753, S?o Tom?, S?o Tom? e Pr?ncipe","190","0","0","+239 22-22-135",,"superckdostp.dir@cecagadis.com",,,,,"-",,,"0","0","0","4","0","0000-00-00 00:00:00"
"2978","1",,"CORIANDER SEEDS GLOBAL DATA","IMPORTER","Semillas Y Cereales San Juanico S A","Av. del Mercado No. 1113, Mercado de Abastos Centro, 44530 Guadalajara, Jalisco","142","0","0","+52 33 3671 4464",,"sanjuanico44464@hotmail.com",,,,,"-",,,"0","0","0","4","0","0000-00-00 00:00:00"
"2979","1",,"CORIANDER SEEDS GLOBAL DATA","IMPORTER","OUTJO RETAILERS PTY LTD",,"151","0","0",,,,,,,,"-",,,"0","0","0","4","0","0000-00-00 00:00:00"
"2980","1",,"CORIANDER SEEDS GLOBAL DATA","IMPORTER","SHOPRITE GHANA PTY LIMITED","Oxford St, Accra, Greater Accra Region, Ghana","83","0","0","+233 24 165 2947",,,,,,,"-",,,"0","0","0","4","0","0000-00-00 00:00:00"
"2981","1",,"CORIANDER SEEDS GLOBAL DATA","IMPORTER","MOHAMMED ALI OSUMAN ENTERPRISE",,"83","0","0",,,,,,,,"-",,,"0","0","0","4","0","0000-00-00 00:00:00"
"2982","1",,"CORIANDER SEEDS GLOBAL DATA","IMPORTER","COLE JANET ABLOMETI",,"83","0","0",,,,,,,,"-",,,"0","0","0","4","0","0000-00-00 00:00:00"
"2983","1",,"CORIANDER SEEDS GLOBAL DATA","IMPORTER","KAMUGISHA LOUISE",,"182","0","0","+250783182755",,,,,,,"-",,,"0","0","0","4","0","0000-00-00 00:00:00"
"2984","1",,"CORIANDER SEEDS GLOBAL DATA","IMPORTER","AMAKOR NNAMDI","Ohonda Street Ikoku Rivers, Port Harcourt, Nigeria","160","0","0","+2348038509659",,,,,,,"-",,,"0","0","0","4","0","0000-00-00 00:00:00"
"2985","1",,"CORIANDER SEEDS GLOBAL DATA","IMPORTER","KARADAG GMBH",": Max-Reichpietsch-Str. 40, 51147 K?ln, Nordrhein-Westfalen, Germany","82","0","0","+49 22 03 94 73 5250",,"info@karadag-supermarkt.de",,,,,"-",,,"0","0","0","4","0","0000-00-00 00:00:00"
"2986","1",,"CORIANDER SEEDS GLOBAL DATA","IMPORTER","SEK IMPEX","Ahmed Manzil, Daryalal Street, Jodia Bazar, Karachi, Pakistan","166","0","0","+92 21 324 5213",,,,,,,"-",,,"0","0","0","4","0","0000-00-00 00:00:00"
"2987","1",,"CORIANDER SEEDS GLOBAL DATA","IMPORTER","CV PALEMBANG COMMODITY TRADING JL PASAR 16 ILIR BND NO 569RT 008 RW 00216 ILIR ILIR TIMURI KOTA PALEMBENG SUMATERA SELATAR","Jl. Pasar 16 Ilir, Ilir Timur I, Kota Palembang, Sumatera Selatan 30122, Indonesia","102","0","0","+62 711 1234567","+62 813-6430-6284","info@palembangcommodity.co.id","-","-","-","-","-",,,"0","0","86","4","0","0000-00-00 00:00:00"
"2988","1",,"CORIANDER SEEDS GLOBAL DATA","IMPORTER","Kapzz Investment Ltd",,"216","0","0",,,,,,,,"-",,,"0","0","0","4","0","0000-00-00 00:00:00"
"2989","1",,"CORIANDER SEEDS GLOBAL DATA","IMPORTER","NOOR INVESTMENT LTD","Plot No. 101, Block No. D, Kongo Road, Kariakoo, Ilala, Dar-es-salaam, 12101","216","0","0","+255 22 2125870 / +255 754 471427",,"funds@noorinvestment.com / clientportfolios@noorin",,,,,"-",,,"0","0","0","4","0","0000-00-00 00:00:00"
"2990","1",,"CORIANDER SEEDS GLOBAL DATA","IMPORTER","DHIRANI TRADING COMPANY","237 Al Rehman Trade Centre, Shahrah-e-Liaquat, Karachi, Sindh, Pakistan","166","0","0","+92 21 3565581 / +92 21 32443517",,,"dhirani@cyber.net.pk",,,,"-",,,"0","0","0","4","0","0000-00-00 00:00:00"
"2991","1",,"CORIANDER SEEDS GLOBAL DATA","IMPORTER","Asad Mussa Chum MR",,"216","0","0",,,,,,,,"-",,,"0","0","0","4","0","0000-00-00 00:00:00"
"2992","1",,"CORIANDER SEEDS GLOBAL DATA","IMPORTER","CALIX AGRIGENETICS PVT LTD","143, Dr. Rajendra Prasad Nagar, Near 200 Feet Bypass, Prithviraj Nagar, Jaipur, Rajasthan 302020, India","101","0","0","+91 97846 19183","-+91‑77427 07883","brchoudhary@calixagrigenetics.com","-","Mr. Choudhary","-","+91 7023000717","-",,,"0","0","0","4","0","0000-00-00 00:00:00"
"2993","1",,"CORIANDER SEEDS GLOBAL DATA","IMPORTER","Welcome Crop Science Pvt Ltd","No. 48/I, 13th Cross, Veerapura Post, KIADB Industrial Area, Doddaballapura, Bengaluru ? 561203, Karnataka, India","101","0","0","+91 80 2763 0064 / +91 80 2763 0065",,,"adminbl@welcomecrop.com (Bengaluru office), admindl@welcomecrop.com (Delhi office)",,,,"-",,,"0","0","0","4","0","0000-00-00 00:00:00"
"2994","1",,"CORIANDER SEEDS GLOBAL DATA","IMPORTER","KAVITHA DALL CO","28, ABC Avenue, Kaladipet, 2nd Cross Market Lane, Tiruvallur, Tamil Nadu 600019, India","101","0","0","+91 44 4549 3702",,,,,,,"-",,,"0","0","0","4","0","0000-00-00 00:00:00"
"2995","1",,"CORIANDER SEEDS GLOBAL DATA","IMPORTER","UDAY AGRO FOODS","3/1223, Sattur Road, Virudhunagar, Tamil Nadu 626001, India","101","0","0","+91 99425 43405",,,,,,,"-",,,"0","0","0","4","0","0000-00-00 00:00:00"
"2996","1",,"CORIANDER SEEDS GLOBAL DATA","IMPORTER","J J TRADERS","A-3, Ekveera Darshan, Devchand Nagar, Opposite Rajesh Hotel, Station Road, Bhayander West, Mumbai, Maharashtra 401101","101","0","0","+91 98219 31157","-","-","sales@jjtraders.in","-","-","-","-",,,"0","0","0","4","0","0000-00-00 00:00:00"
"2997","1",,"CORIANDER SEEDS GLOBAL DATA","IMPORTER","QIK EXPORTS","R-624 TTC Industrial Area, Rabale MIDC, Thane, Maharashtra 400701","101","0","0","+91 98671 44889","-","-","-","HUZAIFA","-","-","--",,,"0","0","0","4","0","0000-00-00 00:00:00"
"2998","1",,"CORIANDER SEEDS GLOBAL DATA","IMPORTER","SHANKAR INGREDIENTS","SF.NO:996/1, R.JAI Shankar, Ethirkottai Panchayat, Vembakottai, Ethirkottai, Sivakasi, Virudhunagar, Tamil Nadu 626123","101","0","0","+91 8069707460","+91 731 2544839","-","info@shankarnutricon.com","-","-","-","--",,,"0","0","0","4","0","0000-00-00 00:00:00"
"2999","1",,"CORIANDER SEEDS GLOBAL DATA","IMPORTER","KANAKADHAARA SEEDS PRIVATE LIMITED","H.no.11-10-108, Sbi Colony, Road.no.04, Kothapet, Hyderabad, Telangana 500035, India","101","0","0","-","-","kanakadhaaraseeds@gmail.com","-","-","-","-","--",,,"0","0","86","4","0","0000-00-00 00:00:00"
"3000","1",,"CORIANDER SEEDS GLOBAL DATA","IMPORTER","Vardhman Udyog","E-69 B & 70, Riico Industrial Area, Nokha, Bikaner, Rajasthan 334803, India","101","0","0","+91 98289 29975",,,"kanakadhaaraseeds@gmail.com",,,,"-",,,"0","0","0","4","0","0000-00-00 00:00:00"
"3001","1",,"CORIANDER SEEDS GLOBAL DATA","IMPORTER","Foodimentary India Ltd","Plot No 2, Fourth Floor, Chrome Building, Sakore Nagar, Viman Nagar, Pune, Maharashtra 411014","101","0","0","+91 20672 48400",,,"contact@foodimentarygroup.com",,,,"-",,,"0","0","0","4","0","0000-00-00 00:00:00"
"3002","1",,"CORIANDER SEEDS GLOBAL DATA","IMPORTER","PUSHPAM TRADERS 3 1221 SATTUR ROAD","No. 3/1221, Near Bus Stand, Sattur Road, Virudhunagar, Tamil Nadu 626002","101","0","0","+91 98421 43405","-","--","-","SATISH KUMAR","-","-","--",,,"0","0","0","4","0","0000-00-00 00:00:00"
"3003","1",,"CORIANDER SEEDS GLOBAL DATA","IMPORTER","SHRI HARI INDUSTRIES","Mukhedkar Building, Nanded Hyderabad Road, Dhanegaon Chowk, Nanded, Maharashtra 431603","101","0","0","+91 90281 60176","-","-","marketing@krishnaindia.in, shriharimtc@yahoo.co.in","-","-","-","--",,,"0","0","86","4","0","0000-00-00 00:00:00"
"3004","1",,"CORIANDER SEEDS GLOBAL DATA","IMPORTER","SAMURAI TRADEX","HPCL DEPO, Khasra No. 2124, Beawer Road, Saradhana, Ajmer, Rajasthan 305206, India","101","0","0",,,,,,,,"-",,,"0","0","0","4","0","0000-00-00 00:00:00"
"3005","1",,"CORIANDER SEEDS GLOBAL DATA","IMPORTER","Vijayakrishna Spices Pvt Ltd","TF 5, 3rd Floor, Empire Square, Road number 36, Jubilee Hills, Hyderabad - 500033, India","101","0","0","+91 40 23144500, +91 40 67173333",,,"info@vijayakrishnaspices.com",,,,"-",,,"0","0","0","4","0","0000-00-00 00:00:00"
"3006","1",,"CORIANDER SEEDS GLOBAL DATA","IMPORTER","A ONE PROTIENS","G-19, 4th Phase, Riico Industrial Area, Pali, Rajasthan - 306401, India","101","0","0","+91 9414205846, +91 9460019593","-","-","aoneprotiens@gmail.com","-","-","-","-",,,"0","0","86","4","0","0000-00-00 00:00:00"
"3007","1",,"CORIANDER SEEDS GLOBAL DATA","IMPORTER","SALECHA POLYWEAVE PVT LTD","14 Manik Apartments, Bhavani Shankar Road, Mumbai, Maharashtra 400028, India","101","0","0","+91 86000 07004",,,"amit@thesagargroup.in",,,,"-",,,"0","0","0","4","0","0000-00-00 00:00:00"
"3008","1",,"CORIANDER SEEDS GLOBAL DATA","IMPORTER","Taneja Seeds Corporation","1, Maznine Old Sabzi, Indra Market Old Subzi Mandi, Delhi, Delhi 110007, India","101","0","0","+91 98100 61780",,,,,,,"-",,,"0","0","0","4","0","0000-00-00 00:00:00"
"3009","1",,"CORIANDER SEEDS GLOBAL DATA","IMPORTER","LAKSHYA SEEDS CORPORATION","140, GT Road, Near Shri Guru Ravidas Mandir, Kamla Nagar, Delhi, 110007, India","101","0","0","+91 11 2382 2281","+91 98116 70353  +91 93133 56634","lakshyaseed140@gmail.com","lakshyaseed140@gmail.com","09971 882782 ","-","-","-",,,"0","0","86","4","0","0000-00-00 00:00:00"
"3010","1",,"CORIANDER SEEDS GLOBAL DATA","IMPORTER","Hindustan Seeds Pesticides","Shop No-99, Main Bazar Rd, Bagichi Ramchander, Kaseru Walan, Sabzi Mandi Old, New Delhi, Delhi, 110007, India","101","0","0","+91-7011579881 | +91-9811011258",,,"hindustanseeds@hotmail.com",,,,"-",,,"0","0","0","4","0","0000-00-00 00:00:00"
"3011","1",,"CORIANDER SEEDS GLOBAL DATA","IMPORTER","SADA IMPEX","1st Floor, 241/1, Thambu Chetty Street, Mannady, Chennai, Tamil Nadu 600001, India","101","0","0","+91 90031 37386",,,,,,,"-",,,"0","0","0","4","0","0000-00-00 00:00:00"
"3012","1",,"CORIANDER SEEDS GLOBAL DATA","IMPORTER","NAMDEO UMAJI AGRITECH I PVT LTD","161/G7, Shop No. 2, Savta Mali Bhavan, Dr. Ambedkar Road, Byculla, Mumbai, Maharashtra 400027, India","101","0","0","+91 022-2372 2628","-","-","sales@namdeoumaji.com","-","-","-","--",,,"0","0","0","4","0","0000-00-00 00:00:00"
"3013","1",,"CORIANDER SEEDS GLOBAL DATA","IMPORTER","AB Mauri India Pvt Ltd","Corporate Office: Worldmark-1, Village Maidawas, Sector 65, Gurugram District, Haryana 122001, India","101","0","0","Corporate Office: +91 124-6191700 / 701",,,"care.india@abmauri.com",,,,"-",,,"0","0","0","4","0","0000-00-00 00:00:00"
"3014","1",,"CORIANDER SEEDS GLOBAL DATA","IMPORTER","SAKURA SEED CORPORATION","Shed No. 18, Doddaballapur Integrated Textile Park Limited, SW-51, Apparel Park Phase 11, KIADB Industrial Area, Doddaballapur, Bengaluru, Karnataka 561203, India","101","0","0","+91 98800 90364",,,,,,,"-",,,"0","0","0","4","0","0000-00-00 00:00:00"
"3015","1",,"CORIANDER SEEDS GLOBAL DATA","IMPORTER","SHYAM TRADERS","#74, Hanagulu Marg, Kuleshwor, Kathmandu, Nepal","153","0","0","+977-1-5379380, +977-9801148256",,,,,,,"-",,,"0","0","0","4","0","0000-00-00 00:00:00"
"3016","1",,"CORIANDER SEEDS GLOBAL DATA","IMPORTER","BULAND SUPERMARKET LIMITED P O BOX-",,"216","0","0",,,,,,,,"-",,,"0","0","0","4","0","0000-00-00 00:00:00"
"3017","1",,"CORIANDER SEEDS GLOBAL DATA","IMPORTER","Moh d khamis Abdalla",,"216","0","0",,,,,,,,"-",,,"0","0","0","4","0","0000-00-00 00:00:00"
"3018","1",,"CORIANDER SEEDS GLOBAL DATA","IMPORTER","Kiwi Creation",,"157","0","0",,,,,,,,"-",,,"0","0","0","4","0","0000-00-00 00:00:00"
"3019","1",,"CORIANDER SEEDS GLOBAL DATA","IMPORTER","MR ASAD MUSSA CHUM",,"216","0","0",,,,,,,,"-",,,"0","0","0","4","0","0000-00-00 00:00:00"
"3020","1",,"CORIANDER SEEDS GLOBAL DATA","IMPORTER","KIRTAN ENTERPRISES",,"216","0","0",,,,,,,,"-",,,"0","0","0","4","0","0000-00-00 00:00:00"
"3021","1",,"CORIANDER SEEDS GLOBAL DATA","IMPORTER","MAYA FOODS LIMITED","Unit 07, 24th Floor, Lucida Industrial Building, 43-47 Wang Lung Street, Tsuen Wan, New Territories, Hong Kong","98","0","0","+852 6229 3402",,"maya@mayafoods.com.hk",,,,,"-",,,"0","0","0","4","0","0000-00-00 00:00:00"
"3022","1",,"CORIANDER SEEDS GLOBAL DATA","IMPORTER","EXCELLENT EXIM SPRL",,"216","0","0",,,,,,,,"-",,,"0","0","0","4","0","0000-00-00 00:00:00"
"3023","1",,"CORIANDER SEEDS GLOBAL DATA","IMPORTER","Asif International Co Ltd","157-162 Minamikarasuyama, Setagaya-ku, Tokyo B 1, Japan","109","0","0","+81 35 969 8953",,"info@kabir.co.jp",,,,,"-",,,"0","0","0","4","0","0000-00-00 00:00:00"
"3024","1",,"CORIANDER SEEDS GLOBAL DATA","IMPORTER","ADMIRE INVESTMENT LTD","Livingstone/Mahiwa Street, Kariakoo, P.O. Box 7494, Dar es Salaam, Tanzania","216","0","0","+255 22 2184730 / +255 748 087 833",,"info@admireoil.co.tz",,,,,"-",,,"0","0","0","4","0","0000-00-00 00:00:00"
"3025","1",,"CORIANDER SEEDS GLOBAL DATA","IMPORTER","LLC SOLIEV S","Sogdiyskaya Obl., G. Isfara, J. Chorkuh, Str. Muminobod, D. 39, Tajikistan","215","0","0",,,,,,,,"-",,,"0","0","0","4","0","0000-00-00 00:00:00"
"3026","1",,"CORIANDER SEEDS GLOBAL DATA","IMPORTER","MAITRI ADVERTISING WORKS EDEN LUXURY","Eden Luxury Apartments First Floor,","194","0","0",,,"sumitraj@maitri.com",,,,,"-",,,"0","0","0","4","0","0000-00-00 00:00:00"
"3027","1",,"CORIANDER SEEDS GLOBAL DATA","IMPORTER","LLC AHMAD TICHORAT","Tajikistan, Khatlon Region Kulob City, Khujand City Bazar Sahi Tajikistan, Tajikistan","215","0","0",,,,,,,,"-",,,"0","0","0","4","0","0000-00-00 00:00:00"
"3028","1",,"CORIANDER SEEDS GLOBAL DATA","IMPORTER","LIMITED LIABILITY COMPANY REAL TRADING","46b Zardusht str., Dushanbe, 734005, Tajikistan","215","0","0",,,,,,,,"-",,,"0","0","0","4","0","0000-00-00 00:00:00"
"3029","1",,"CORIANDER SEEDS GLOBAL DATA","IMPORTER","LLC SAYKHUNI KHUCHAND","27 50 solgai SSSR str., Khujand, Sugd region, 735700 Tajikistan","215","0","0",,,,,,,,"-",,,"0","0","0","4","0","0000-00-00 00:00:00"
"3030","1",,"CORIANDER SEEDS GLOBAL DATA","IMPORTER","Meraki Foods Suppliers",,"153","0","0",,,,,,,,"-",,,"0","0","0","4","0","0000-00-00 00:00:00"
"3031","1",,"CORIANDER SEEDS GLOBAL DATA","IMPORTER","CHAUDHARY FOOD TRADER GMBH SAATWINKLER DAMM","Saatwinkler Damm 9, 13627 Berlin, Germany","82","0","0","+49 30 217 2347","-","info@cft-berlin.de","-","-","-","-","--",,,"0","0","29","4","0","0000-00-00 00:00:00"
"3032","1",,"CORIANDER SEEDS GLOBAL DATA","IMPORTER","LAXMIBEN PATEL","6491 Mclynn Ave, Montreal, QC H3X 2R5, Canada","38","0","0",,,,,,,,"-",,,"0","0","0","4","0","0000-00-00 00:00:00"
"3033","1",,"CORIANDER SEEDS GLOBAL DATA","IMPORTER","HU KANG TRADE CO LTD","8Fl No.98 Sec.4 Chung Hsin Rd. Sanchung City Taipei","214","0","0","+886-2-29753523",,,,,,,"-",,,"0","0","0","4","0","0000-00-00 00:00:00"
"3034","1",,"CORIANDER SEEDS GLOBAL DATA","IMPORTER","KHEYBAR TARABAR INT TPT CO",,"103","0","0",,,,,,,,"-",,,"0","0","0","4","0","0000-00-00 00:00:00"
"3035","1",,"CORIANDER SEEDS GLOBAL DATA","IMPORTER","CHEZ DEENU PTY LTD","Quincy Street, Victoria, Mahe, Seychelles","194","0","0","+248 432 2639, +248 432 2878",,"deenu@seychelles.net, imports@chezdeenu.com",,,,,"-",,,"0","0","0","4","0","0000-00-00 00:00:00"
"3036","1",,"CORIANDER SEEDS GLOBAL DATA","IMPORTER","Da Nicks International",,"92","0","0",,,,,,,,"-",,,"0","0","0","4","0","0000-00-00 00:00:00"
"3037","1",,"CORIANDER SEEDS GLOBAL DATA","IMPORTER","HSIN KUANG AGAR ENTERPRISES CO LTD","1F, Lane 490, Chung Shan Rd., Tainan City, Tainan, 723023 Taiwan","214","0","0","886 679 59102",,,"hsinkuang.com.tw",,,,"-",,,"0","0","0","4","0","0000-00-00 00:00:00"
"3038","1",,"CORIANDER SEEDS GLOBAL DATA","IMPORTER","HUA NAN COMMERCIAL BANK","123, Songren Rd., Taipei City, Taipei, 110415 Taiwan","214","0","0","+886 2 2702 8888",,,,,,,"-",,,"0","0","0","4","0","0000-00-00 00:00:00"
"3039","1",,"CORIANDER SEEDS GLOBAL DATA","IMPORTER","MSSAFWAN PROVISION STORE SHOP",,"98","0","0","85224437166",,,,,,,"-",,,"0","0","0","4","0","0000-00-00 00:00:00"
"3040","1",,"CORIANDER SEEDS GLOBAL DATA","IMPORTER","HIAP AN TRADING CO LTD","231 1st Floor, 14 Chi An St., Taichung City 420086, Taiwan (R.O.C.)","214","0","0","+886 2 2211 4360",,,,,,,"-",,,"0","0","0","4","0","0000-00-00 00:00:00"
"3041","1",,"CORIANDER SEEDS GLOBAL DATA","IMPORTER","JS GROUP ASIAN COMMODITIES CO LTD","No. 53-1, Ln. 395, Sec. 2, Hezun N. Rd., Zhongli Dist., Taoyuan City 320020, Taiwan (R.O.C.)","214","0","0","+886 3 463 3111",,,,,,,"-",,,"0","0","0","4","0","0000-00-00 00:00:00"
"3042","1",,"CORIANDER SEEDS GLOBAL DATA","IMPORTER","QUALITY SEED COMPANY","PCC6+W2R, 174 Siddique Bazar, Dhaka 1000, Bangladesh","18","0","0","+8801756346741",,,,,,,"-",,,"0","0","0","4","0","0000-00-00 00:00:00"
"3043","1",,"CORIANDER SEEDS GLOBAL DATA","IMPORTER","M S Khan Traders","134/1, Chistia Electric Market, Shop No. 13/A, Nawabpur Road, Dhaka- 1100, Bangladesh","18","0","0","+880-2-7117527, +880-2-9581353, +880-2-9511220, +8",,,,,,,"-",,,"0","0","0","4","0","0000-00-00 00:00:00"
"3044","1",,"CORIANDER SEEDS GLOBAL DATA","IMPORTER","Bancolombia",,"47","0","0",,,,,,,,"-",,,"0","0","0","4","0","0000-00-00 00:00:00"
"3045","1",,"CORIANDER SEEDS GLOBAL DATA","IMPORTER","IMDESADCV MEXICO",,"142","0","0",,,,,,,,"-",,,"0","0","0","4","0","0000-00-00 00:00:00"
"3046","1",,"CORIANDER SEEDS GLOBAL DATA","IMPORTER","KHADAMAT BAR FARABARI KARANEHOGHIANOS ABI INTERNATIONALTRANSPORT",,"1","0","0",,,,,,,,"-",,,"0","0","0","4","0","0000-00-00 00:00:00"
"3047","1",,"CORIANDER SEEDS GLOBAL DATA","IMPORTER","KAZEROON BROTHERS EST","Building 977, Rd No 417, Salmabad, Bahrain","17","0","0","+973 1778 4278","-","info@kazbro.com","-","-","cardin","-","-",,,"0","0","0","4","0","0000-00-00 00:00:00"
"3048","1",,"CORIANDER SEEDS GLOBAL DATA","IMPORTER","GUANGXI TIANQIN INTERNATIONAL","Unit 606, Building A1, Yanxiangzhigu, No.7 Nahong Avenue, Nanning, Guangxi, 530033, China","44","0","0","+86 77 1234 5678",,"tianqin@163.com, yaofeng@163.com, 3160072@qq.com, ","https://www.info-clipper.com/en/company/china",,,,"-",,,"0","0","0","4","0","0000-00-00 00:00:00"
"3049","1",,"CORIANDER SEEDS GLOBAL DATA","IMPORTER","HNIN PWINT THANT ZIN CO LTD","No. 296/298, Opp. Kali Temple, Konzaydan Street Pabedan Tsp, Yangon, Myanmar (Burma)","150","0","0","+951252364",,,,,,,"-",,,"0","0","0","4","0","0000-00-00 00:00:00"
"3050","1",,"CORIANDER SEEDS GLOBAL DATA","IMPORTER","Msavi Arya Enterprises",,"153","0","0",,,,,,,,"-",,,"0","0","0","4","0","0000-00-00 00:00:00"
"3051","1",,"CORIANDER SEEDS GLOBAL DATA","IMPORTER","NOTIFY PARTY SAUD SROOR AGANT BUSINESS KUWAIT IMPORT",,"104","0","0","+96599874074",,,,,,,"-",,,"0","0","0","4","0","0000-00-00 00:00:00"
"3052","1",,"CORIANDER SEEDS GLOBAL DATA","IMPORTER","MOOMING MOON TRADING CO LTD","717 2nd Floor, No. 73 Lane 101, Taizi Rd., Taizi Village, Taichung City 420086, Taiwan (R.O.C.)","214","0","0",,,,,,,,"-",,,"0","0","0","4","0","0000-00-00 00:00:00"
"3053","1",,"CORIANDER SEEDS GLOBAL DATA","IMPORTER","713 AREA TUBLI KINGDOM OF BAHRAIN",,"17","0","0",,,,,,,,"-",,,"0","0","0","4","0","0000-00-00 00:00:00"
"3054","1",,"CORIANDER SEEDS GLOBAL DATA","IMPORTER","SHAH TRADING","3401 Rue Douglas B Floreani, Saint-Laurent, QC H4S 1Y6","38","0","0","+1416-292-6927 / +1514-336-2462",,"info@shahtrading.com",,,,,"-",,,"0","0","0","4","0","0000-00-00 00:00:00"
"3055","1",,"CORIANDER SEEDS GLOBAL DATA","IMPORTER","Hasan Enterprise","(Shop: 20) Z.R Tower, 5 Outer Circular Rd, Rajarbagh, Dhaka-1217, Bangladesh","18","0","0","+88 01715-615191",,,,,,,"-",,,"0","0","0","4","0","0000-00-00 00:00:00"
"3056","1",,"CORIANDER SEEDS GLOBAL DATA","IMPORTER","R S BANGLADESH",,"18","0","0",,,,,,,,"-",,,"0","0","0","4","0","0000-00-00 00:00:00"
"3057","1",,"CORIANDER SEEDS GLOBAL DATA","IMPORTER","J Carl Fridlin Gewurze AG","B?sch 61, 6331 H?nenberg, Switzerland","21","0","0","+41 41 784 11 22",,"info@fridlin.ch",,,,,"-",,,"0","0","0","4","0","0000-00-00 00:00:00"
"3058","1",,"CORIANDER SEEDS GLOBAL DATA","IMPORTER","TSIH CHUANG TRADING CO LIMITED","1F, 403 Min Sheng W. Rd., Taipei City, Taipei, 103001 Taiwan","214","0","0","+886 2 2553 3256",,,,,,,"-",,,"0","0","0","4","0","0000-00-00 00:00:00"
"3059","1",,"CORIANDER SEEDS GLOBAL DATA","IMPORTER","SHUN LI 101 INTERNATIONAL TRADING COMPANY","4F.-4, No. 56, Gongjian Rd., Xizhi Dist., New Taipei City 22159, Taiwan (R.O.C.)","214","0","0","+886 2 869 16006",,,,,,,"-",,,"0","0","0","4","0","0000-00-00 00:00:00"
"3060","1",,"CORIANDER SEEDS GLOBAL DATA","IMPORTER","TORBA STORE DUHAIL VILLA","Villa 26, Street 963, Zone 30, Duhail, Al Rayyan, Qatar","178","0","0","+974 3100 8110",,,,,,,"-",,,"0","0","0","4","0","0000-00-00 00:00:00"
"3061","1",,"CORIANDER SEEDS GLOBAL DATA","IMPORTER","Lumbini Traders","Palpa Road, Butwal, Rupandehi, Nepal","153","0","0",,,,,,,,"-",,,"0","0","0","4","0","0000-00-00 00:00:00"
"3062","1",,"CORIANDER SEEDS GLOBAL DATA","IMPORTER","PORT OF TAICHUNG TAIWAN",,"214","0","0",,,,,,,,"-",,,"0","0","0","4","0","0000-00-00 00:00:00"
"3064","1",,"CORIANDER SEEDS GLOBAL DATA","IMPORTER","Hafsa Seed Company B","House -29(Duplex 1st Floor, ???-??, Dhaka, Bangladesh","18","0","0","+8801677071050",,,,,,,"-",,,"0","0","0","4","0","0000-00-00 00:00:00"
"3065","1",,"CORIANDER SEEDS GLOBAL DATA","IMPORTER","CHIA HUI SPICES CO LTD","6F, No. 957, Sec. 2 Chung Shan Rd., Tai Shan Hsiang, Taipei Hsien, Taiwan","214","0","0","-","-","-","-","-","-"," 03-377-6389","-","-","-","0","0","0","4","0","0000-00-00 00:00:00"
"3066","1",,"CORIANDER SEEDS GLOBAL DATA","IMPORTER","SAMAA AL SHAHEEN COAL MESHRAQ AL JADEED BASRAH",,"104","0","0"," +964 751 474 0599",,,,,,,"-",,,"0","0","0","4","0","0000-00-00 00:00:00"
"3067","1",,"CORIANDER SEEDS GLOBAL DATA","IMPORTER","ANAMALAI FOODS PTY LTD","14/684-700 Frankston-Dandenong Road, Carrum Downs, Victoria 3201, Australia","13","0","0","+61 (03) 9782 1990",,,,,,,"-",,,"0","0","0","4","0","0000-00-00 00:00:00"
"3068","1",,"CORIANDER SEEDS GLOBAL DATA","IMPORTER","SR India Marketing Inc","24 Highbrook Dr, Scarborough, Ontario, M1P 3L3, Canada","38","0","0","+1(416) 925-6339",,,,,,,"-",,,"0","0","0","4","0","0000-00-00 00:00:00"
"3069","1",,"CORIANDER SEEDS GLOBAL DATA","IMPORTER","KONSARI ENTERPRISE CO LTD","3F, No. 9, Tung Hu Road, Nei-Hu District, Taipei City 114, Taiwan","214","0","0","+886 2 2632 5024",,"konsari@ms34.hinet.net",,,,,"-",,,"0","0","0","4","0","0000-00-00 00:00:00"
"3070","1",,"CORIANDER SEEDS GLOBAL DATA","IMPORTER","ANAMUL STORE KARATOA MARKET RAJA BAZAR","Karatoa Market, Raja Bazar, Bogra, Sadar PS, Bogra-5800, Bangladesh","18","0","0",,,,,,,,"-",,,"0","0","0","4","0","0000-00-00 00:00:00"
"3071","1",,"CORIANDER SEEDS GLOBAL DATA","IMPORTER","Arsa Foods","Bervoetsbos Pr, 2134 PR Hoofddorp, Netherlands","155","0","0",,,,,,,,"-",,,"0","0","0","4","0","0000-00-00 00:00:00"
"3072","1",,"CORIANDER SEEDS GLOBAL DATA","IMPORTER","MS Abbynaya Exotique","23 Boulevard Henri Bergson, 95200 Sarcelles, ?le-de-France, France","75","0","0","+33 6 52 47 55 59",,,"https://abbynaya-exotique.business.site",,,,"-",,,"0","0","0","4","0","0000-00-00 00:00:00"
"3073","1",,"CORIANDER SEEDS GLOBAL DATA","IMPORTER","BISWAS AGRO NOWDAPARA DASHURIA ISHWARDI PABNA BANGLADESH",,"18","0","0",,,,,,,,"-",,,"0","0","0","4","0","0000-00-00 00:00:00"
"3074","1",,"CORIANDER SEEDS GLOBAL DATA","IMPORTER","MONTREALCANADA",,"38","0","0",,,,,,,,"-",,,"0","0","0","4","0","0000-00-00 00:00:00"
"3075","1",,"CORIANDER SEEDS GLOBAL DATA","IMPORTER","BANCO DE COSTA RICA GERENCIA","Avenida Central, 10101 San Jos?, Costa Rica","52","0","0","+506 2211-1111",,"CentroAsistenciaBCR@bancobcr.com",,,,,"-",,,"0","0","0","4","0","0000-00-00 00:00:00"
"3076","1",,"CORIANDER SEEDS GLOBAL DATA","IMPORTER","SHREE ANMOL SPICES AND FOOD PRODUCT BIRGUNJ","Gahawa 8, Birgunj, Parsa-44300, Nepal","153","0","0","+977 985-5022082 / +91 9525140255",,"asafp744@gmail.com / anmolhaihum74@gmail.com / shr",,,,,"-",,,"0","0","0","4","0","0000-00-00 00:00:00"
"3077","1",,"CORIANDER SEEDS GLOBAL DATA","IMPORTER","GREAT FOOD TRADING",,"178","0","0",,,,,,,,"-",,,"0","0","0","4","0","0000-00-00 00:00:00"
"3078","1",,"CORIANDER SEEDS GLOBAL DATA","IMPORTER","Living Colors of India","c/o Patrick Grosclaude, Route de Planige 10, 3972 Mi?ge, Valais, Switzerland","212","0","0","+41 27 323 34 94",,,,,,,"-",,,"0","0","0","4","0","0000-00-00 00:00:00"
"3079","1",,"CORIANDER SEEDS GLOBAL DATA","IMPORTER","BAK SAN GMBH","Querstrasse 24, 8105 Regensdorf, Z?rich, Switzerland","212","0","0","+41 43 931 5222",,,,,,,"-",,,"0","0","0","4","0","0000-00-00 00:00:00"
"3080","1",,"CORIANDER SEEDS GLOBAL DATA","IMPORTER","KALEMAT INT","Zawiya Complex, Plot No. 1, Ibn Khaldoon Street, Hawalli, Kuwait","117","0","0","+961-70-689947",,"info@kalemat-translation.com",,,,,"-",,,"0","0","0","4","0","0000-00-00 00:00:00"
"3081","1",,"CORIANDER SEEDS GLOBAL DATA","IMPORTER","ONEND ENTERPRISES UGANDA LTD","Kikubo Line Office No 12, P.O. Box 1571, Kampala, Uganda","113","0","0",,,,,,,,"-",,,"0","0","0","4","0","0000-00-00 00:00:00"
"3082","1",,"CORIANDER SEEDS GLOBAL DATA","IMPORTER","UBS SWITZERLAND AG","Bahnhofplatz 1, 6060 Sarnen, Switzerland","212","0","0","+41 41 666 72 72",,,,,,,"-",,,"0","0","0","4","0","0000-00-00 00:00:00"
"3083","1",,"CORIANDER SEEDS GLOBAL DATA","IMPORTER","NEW MALA","60 Rue Louis Blanc, 75010 Paris, ?le-de-France, France","75","0","0","+33 1 40 34 42 49","+33 1 42 62 01 23","-","-","-","-","-","-",,,"0","0","0","4","0","0000-00-00 00:00:00"
"3084","1",,"CORIANDER SEEDS GLOBAL DATA","IMPORTER","M S ANAMUL STORE KARATOA MARKET RAJA BAZAR BOGURA","Karatoa Market, Raja Bazar, Bogra, Sadar PS, Bogra-5800, Bangladesh","18","0","0","+880 19-40-782295",,,,,,,"-",,,"0","0","0","4","0","0000-00-00 00:00:00"
"3085","1",,"CORIANDER SEEDS GLOBAL DATA","IMPORTER","SK TRADING GMBH","Gasometerstrasse 31, 8005 Z?rich, Z?rich, Switzerland","212","0","0","+41 44 400 5238",,,,,,,"-",,,"0","0","0","4","0","0000-00-00 00:00:00"
"3086","1",,"CORIANDER SEEDS GLOBAL DATA","IMPORTER","ASIL FRESCH AND FOOD AG","Aarauerstrasse 50, 5102 Rupperswil, Switzerland","212","0","0","+41 445 594 371",,"info@asilfrisch.ch",,,,,"-",,,"0","0","0","4","0","0000-00-00 00:00:00"
"3087","1",,"CORIANDER SEEDS GLOBAL DATA","IMPORTER","Brothers Choice Foods","3932 101 St NW, Edmonton, AB T6E 0A5, Canada","38","0","0","+1(780) 437-9400",,,"https://foodpages.ca/",,,,"-",,,"0","0","0","4","0","0000-00-00 00:00:00"
"3088","1",,"CORIANDER SEEDS GLOBAL DATA","IMPORTER","Moonstruck Global Services",,"160","0","0",,,,,,,,"-",,,"0","0","0","4","0","0000-00-00 00:00:00"
"3089","1",,"CORIANDER SEEDS GLOBAL DATA","IMPORTER","MASKAN GIDA GMBH","Bernstrasse 24, 4852 Rothrist, Aargau, Switzerland","212","0","0","+41 62 794 55 66",,"info@maskan.ch",,,,,"-",,,"0","0","0","4","0","0000-00-00 00:00:00"
"3090","1",,"CORIANDER SEEDS GLOBAL DATA","IMPORTER","VIBRANT BRANDS LTD","East End House, Kenrick Way, West Bromwich, West Midlands, B71 4EA","105","0","0","+441215531999",,,,,,,"-",,,"0","0","0","4","0","0000-00-00 00:00:00"
"3091","1",,"CORIANDER SEEDS GLOBAL DATA","IMPORTER","AGDAG KLG",,"212","0","0",,,,,,,,"-",,,"0","0","0","4","0","0000-00-00 00:00:00"
"3092","1",,"CORIANDER SEEDS GLOBAL DATA","IMPORTER","Au Petit Paradis Indien","Grand Rue-3, 1304 Cossonay, Switzerland","212","0","0","+41 79 358 70 57",,,,,,,"-",,,"0","0","0","4","0","0000-00-00 00:00:00"
"3093","1",,"CORIANDER SEEDS GLOBAL DATA","IMPORTER","ANTEP HANDELS AG INDUSTRIEWEG","Industrieweg 32, 4852 Rothrist, Aargau, Switzerland","212","0","0","+41 62 794 55 66",,,,,,,"-",,,"0","0","0","4","0","0000-00-00 00:00:00"
"3094","1",,"CORIANDER SEEDS GLOBAL DATA","IMPORTER","SABI FOOD INDUSTRIES","88 Jalan i-Park 1/9, Kawasan Perindustrian i-Park, Bandar Indahpura, 81000 Kulai, Johor, Malaysia","132","0","0","+60 7 6606152 / +60 7 6606155","-","sabifood@singnet.com.sg","-","-","sales.sg@sabifood.net","-","-","-","-","0","0","0","4","0","0000-00-00 00:00:00"
"3095","1",,"CORIANDER SEEDS GLOBAL DATA","IMPORTER","NOTIFY PARTY EOS",,"3","0","0",,,,,,,,"-",,,"0","0","0","4","0","0000-00-00 00:00:00"
"3096","1",,"CORIANDER SEEDS GLOBAL DATA","IMPORTER","SHREE SUBH LAXMI TRADERS BIRGUNJ","Nagwa 16, Birgunj, Parsa, Nepal","153","0","0",,,,,,,,"-",,,"0","0","0","4","0","0000-00-00 00:00:00"
"3097","1",,"CORIANDER SEEDS GLOBAL DATA","IMPORTER","DUNYA IMPORT AB","L?rje?gatan 9B, 415 25 G?teborg, V?stra G?taland, Sweden","211","0","0","+46 70 447 3640",,,,,,,"-",,,"0","0","0","4","0","0000-00-00 00:00:00"
"3098","1",,"CORIANDER SEEDS GLOBAL DATA","IMPORTER","Sharin Inc","Canada Please let me know Email Id, Contact No and Address along with website","38","0","0","+1 403-874-9383",,,,,,,"-",,,"0","0","0","4","0","0000-00-00 00:00:00"
"3099","1",,"CORIANDER SEEDS GLOBAL DATA","IMPORTER","MARK IND SPICES LIMITED","Unit 2, Chancerygate Business Centre, Stonefield Way, Ruislip HA4 0JA, United Kingdom","211","0","0","+442088457628",,,,,,,"-",,,"0","0","0","4","0","0000-00-00 00:00:00"
"3100","1",,"CORIANDER SEEDS GLOBAL DATA","IMPORTER","EXIMCAN CANADA",,"94","0","0",,,,,,,,"-",,,"0","0","0","4","0","0000-00-00 00:00:00"
"3101","1",,"CORIANDER SEEDS GLOBAL DATA","IMPORTER","BHAKTI BUILDERS",,"194","0","0",,,,,,,,"-",,,"0","0","0","4","0","0000-00-00 00:00:00"
"3102","1",,"CORIANDER SEEDS GLOBAL DATA","IMPORTER","Neha And Riya Trading",,"153","0","0",,,,,,,,"-",,,"0","0","0","4","0","0000-00-00 00:00:00"
"3103","1",,"CORIANDER SEEDS GLOBAL DATA","IMPORTER","Midyat Imp ab","Pontonj?rgatan 9, 151 66 S?dert?lje, Stockholm, Sweden","211","0","0","+46 70 447 3640",,,,,,,"-",,,"0","0","0","4","0","0000-00-00 00:00:00"
"3104","1",,"CORIANDER SEEDS GLOBAL DATA","IMPORTER","MPR IMPORTS EXPORTS LTD",,"105","0","0",,,,,,,,"-",,,"0","0","0","4","0","0000-00-00 00:00:00"
"3105","1",,"CORIANDER SEEDS GLOBAL DATA","IMPORTER","M M Imports PTY Ltd","37 Amax Ave, Girraween NSW 2145, Australia","13","0","0","+61404392497",,,"https://mandmimports.com.au/",,,,"-",,,"0","0","0","4","0","0000-00-00 00:00:00"
"3106","1",,"CORIANDER SEEDS GLOBAL DATA","IMPORTER","SMAK GRUPPEN AB",,"211","0","0",,,,,,,,"-",,,"0","0","0","4","0","0000-00-00 00:00:00"
"3107","1",,"CORIANDER SEEDS GLOBAL DATA","IMPORTER","NATIONAL BANK",,"6","0","0",,,,,,,,"-",,,"0","0","0","4","0","0000-00-00 00:00:00"
"3108","1",,"CORIANDER SEEDS GLOBAL DATA","IMPORTER","SKY FOOD TRADING AB","Emilstorpsgatan 11, 213 68 Malm?, Sk?ne County, Sweden","211","0","0","+46 70 447 3640",,,,,,,"-",,,"0","0","0","4","0","0000-00-00 00:00:00"
"3109","1",,"CORIANDER SEEDS GLOBAL DATA","IMPORTER","SHREE NIWASH TRADING",,"153","0","0",,,,,,,,"-",,,"0","0","0","4","0","0000-00-00 00:00:00"
"3110","1",,"CORIANDER SEEDS GLOBAL DATA","IMPORTER","AB GLOBAL ENTERPRISE","Marknadsv?gen 14, 120 44 ?rsta, Stockholm, Sweden","211","0","0","+46 19 10 65 06",,,,,,,"-",,,"0","0","0","4","0","0000-00-00 00:00:00"
"3111","1",,"CORIANDER SEEDS GLOBAL DATA","IMPORTER","ABCD Dreamz Pty Ltd","335 Clayton Rd, Clayton VIC 3168, Australia","13","0","0","+61 (03) 9544 6766",,,,,,,"-",,,"0","0","0","4","0","0000-00-00 00:00:00"
"3112","1",,"CORIANDER SEEDS GLOBAL DATA","IMPORTER","Mayil Spices Ltd","School Lane, Dagotiere, Moka, Mauritius","140","0","0","+230 433 9788",,,,,,,"-",,,"0","0","0","4","0","0000-00-00 00:00:00"
"3113","1",,"CORIANDER SEEDS GLOBAL DATA","IMPORTER","GREEN STORE GMBH","Ottostra?e 28, 63150 Heusenstamm, Germany","155","0","0","+4961048084272",,,"https://www.greenstore.de/",,,,"-",,,"0","0","0","4","0","0000-00-00 00:00:00"
"3114","1",,"CORIANDER SEEDS GLOBAL DATA","IMPORTER","NOBLE FRESH FOODS INC","2945 Sandalwood Pkwy E, Brampton, ON L6R 3J6","38","0","0","+1(289) 801-0566",,"noblefreshfoods@gmail.com","https://noblefreshfoods.com",,,,"-",,,"0","0","0","4","0","0000-00-00 00:00:00"
"3115","1",,"CORIANDER SEEDS GLOBAL DATA","IMPORTER","AMAY STAR LIMITED","Room 803, 8/F., Cambridge House, 26-28 Cameron Road, Tsim Sha Tsui, Kowloon, Hong Kong","98","0","0",,,,,,,,"-",,,"0","0","0","4","0","0000-00-00 00:00:00"
"3116","1",,"CORIANDER SEEDS GLOBAL DATA","IMPORTER","HEALTHY U TWO THOUSAND LIMITED","Abacus House, 2nd Floor, Baba Dogo Road, Ruaraka, Nairobi, Kenya","113","0","0","+254 709 694000 or +254 719 200000",,"info@healthy-u2000.com or sales@healthy-u2000.com",,,,,"-",,,"0","0","0","4","0","0000-00-00 00:00:00"
"3117","1",,"CORIANDER SEEDS GLOBAL DATA","IMPORTER","Datar and Sons Ltd L L C","Rd-123 Street - 66 Sheikh Salem Bin Sultan Al Qasimi St - Ajman Industrial 2 - Ajman - United Arab Emirates","17","0","0","+97167435240",,"datarsm@eim.ae","http://www.datarspices.ae/",,,,"-",,,"0","0","0","4","0","0000-00-00 00:00:00"
"3118","1",,"CORIANDER SEEDS GLOBAL DATA","IMPORTER","A A Ecosafe","8901 Airport Rd, Brampton, Ontario, L6T 5T2","38","0","0","+1 647-565-1000",,"info@aaecosafe.ca",,,,,"-",,,"0","0","0","4","0","0000-00-00 00:00:00"
"3119","1",,"CORIANDER SEEDS GLOBAL DATA","IMPORTER","LAZZAT FOODS AB","Fagerstagatan 17, 163 53 Sp?nga, Stockholm, Sweden","211","0","0","+46 8 36 36 40",,"amit@lazzatfoods.se",,,,,"-",,,"0","0","0","4","0","0000-00-00 00:00:00"
"3120","1",,"CORIANDER SEEDS GLOBAL DATA","IMPORTER","GENESHA IMPEX LLC","1 Abastumani St, Tbilisi, Georgia 0112","81","0","0","+995 597 74 19 31",,,,,,,"-",,,"0","0","0","4","0","0000-00-00 00:00:00"
"3121","1",,"CORIANDER SEEDS GLOBAL DATA","IMPORTER","Manning Super Market","3 Mallard Way, Cannington, Western Australia 6107","13","0","0","+61 (08) 9451 7640",,"manningsupermarket@gmail.com",,,,,"-",,,"0","0","0","4","0","0000-00-00 00:00:00"
"3122","1",,"CORIANDER SEEDS GLOBAL DATA","IMPORTER","BIKASH MASALA UDYOG","Dharambandh Road, Biratnagar, Nepal","153","0","0","+977 - 21-415245 / +977 9852026020",,"info@bkmasala.com.np / order@bkmasala.com.np",,,,,"-",,,"0","0","0","4","0","0000-00-00 00:00:00"
"3123","1",,"CORIANDER SEEDS GLOBAL DATA","IMPORTER","PUNJAB FLOUR MILL LTD","108-13030 76 Ave, Surrey, BC V3W 2V6","38","0","0","+1(604) 503-4030",,,,,,,"-",,,"0","0","0","4","0","0000-00-00 00:00:00"
"3124","1",,"CORIANDER SEEDS GLOBAL DATA","IMPORTER","LEBSAN FOOD AB","Import?rv?gen 4-44, 120 44 Stockholm, Sweden","211","0","0","+46 8 508 654 22",,"info@lebsan.se, order@lebsan.se",,,,,"-",,,"0","0","0","4","0","0000-00-00 00:00:00"
"3125","1",,"CORIANDER SEEDS GLOBAL DATA","IMPORTER","VARIETY TRADING","Ibn Tufail St, Doha, Qatar","178","0","0","+97444113811",,,"http://www.varietyqa.com/",,,,"-",,,"0","0","0","4","0","0000-00-00 00:00:00"
"3126","1",,"CORIANDER SEEDS GLOBAL DATA","IMPORTER","TAN KRYDDOR","Stenv?gen 11, 147 50 Tumba, Stockholm, Sweden","211","0","0",,,,,,,,"-",,,"0","0","0","4","0","0000-00-00 00:00:00"
"3127","1",,"CORIANDER SEEDS GLOBAL DATA","IMPORTER","INDIA ENTERPRISES INC","105-12885 80 Ave, Surrey, BC V3W 0E6","38","0","0","+1(604) 593-6474",,,,,,,"-",,,"0","0","0","4","0","0000-00-00 00:00:00"
"3128","1",,"CORIANDER SEEDS GLOBAL DATA","IMPORTER","TAJ MAHAL TRADERS","Filonos 5, 18531 Piraeus, Attica, Greece","85","0","0","Filonos 5, 18531 Piraeus, Attica, Greece",,,,,,,"-",,,"0","0","0","4","0","0000-00-00 00:00:00"
"3129","1",,"CORIANDER SEEDS GLOBAL DATA","IMPORTER","MS RAMPAH RATUS SDN","NO: 869 UNIT NO: 1,2 & 3, GROUND FLOOR, LOT NO: 28901, KAMPONG PARIT, Jalan Mulaut - Limau Manis, BH1223, Brunei","32","0","0","+6732611991",,,,,,,"-",,,"0","0","0","4","0","0000-00-00 00:00:00"
"3130","1",,"CORIANDER SEEDS GLOBAL DATA","IMPORTER","SKY FOOD TRADING AB VAT REGISTRATION NUMBER SE55","Emilstorpsgatan 11, 213 68 Malm?, Sweden","211","0","0","+46 70 447 3640",,,,,,,"-",,,"0","0","0","4","0","0000-00-00 00:00:00"
"3131","1",,"CORIANDER SEEDS GLOBAL DATA","IMPORTER","GIL",,"113","0","0",,,,,,,,"-",,,"0","0","0","4","0","0000-00-00 00:00:00"
"3132","1",,"CORIANDER SEEDS GLOBAL DATA","IMPORTER","Chaka Bros Pty Ltd","Chaka Brothers Building, Francis Rachel Street, Victoria, Mahe, Seychelles","194","0","0","+248 422 4337, +248 422 4413",,"chaka@seychelles.net",,,,,"-",,,"0","0","0","4","0","0000-00-00 00:00:00"
"3133","1",,"CORIANDER SEEDS GLOBAL DATA","IMPORTER","G D GENERAL",,"25","0","0",,,,,,,,"-",,,"0","0","0","4","0","0000-00-00 00:00:00"
"3134","1",,"CORIANDER SEEDS GLOBAL DATA","IMPORTER","PRDTNGLA SKYE BANK PLC","Plot 708/709 Adeola Hopewell, Lagos, Lagos State, Nigeria","160","0","0","+234 1-262 7760-9",,,,,,,"-",,,"0","0","0","4","0","0000-00-00 00:00:00"
"3135","1",,"CORIANDER SEEDS GLOBAL DATA","IMPORTER","RAM S THE SPIRIT OF INDIA S RAAMB ALI",,"208","0","0",,,,,,,,"-",,,"0","0","0","4","0","0000-00-00 00:00:00"
"3136","1",,"CORIANDER SEEDS GLOBAL DATA","IMPORTER","FICO FOODS NV",,"208","0","0",,,,,,,,"-",,,"0","0","0","4","0","0000-00-00 00:00:00"
"3137","1",,"CORIANDER SEEDS GLOBAL DATA","IMPORTER","RAMS THE SPIRIT OF INIDA S RAMBA",,"208","0","0",,,,,,,,"-",,,"0","0","0","4","0","0000-00-00 00:00:00"
"3138","1",,"CORIANDER SEEDS GLOBAL DATA","IMPORTER","NEW BENSON TRADING PVT LTD","186 Bankshall Street, Colombo 11, Sri Lanka","206","0","0","+94 112 332 475",,,,,,,"-",,,"0","0","0","4","0","0000-00-00 00:00:00"
"3139","1",,"CORIANDER SEEDS GLOBAL DATA","IMPORTER","KANDY TRADE CENTRE PVT LTD","No. 39, Old Moor Street, Colombo 12, Sri Lanka","206","0","0","+94 112 441 277 / +94 77 296 3900",,,,,,,"-",,,"0","0","0","4","0","0000-00-00 00:00:00"
"3140","1",,"CORIANDER SEEDS GLOBAL DATA","IMPORTER","STEMO PVT LTD","No. 175A, 5th Cross Street, Colombo 11, Sri Lanka","206","0","0","+94 112 334 454",,,,,,,"-",,,"0","0","0","4","0","0000-00-00 00:00:00"
"3141","1",,"CORIANDER SEEDS GLOBAL DATA","IMPORTER","JA AS CO","Marka Airport Street, Marka North Area, Amman, Jordan 11134","111","0","0","+96265851809",,,,,,,"-",,,"0","0","0","4","0","0000-00-00 00:00:00"
"3142","1",,"CORIANDER SEEDS GLOBAL DATA","IMPORTER","RADMEHR SHARGH INETRNATIONAL TRANSP",,"103","0","0",,,,,,,,"-",,,"0","0","0","4","0","0000-00-00 00:00:00"
"3143","1",,"CORIANDER SEEDS GLOBAL DATA","IMPORTER","TAPAN ENTERPRISES PVT LTD","Ward No. 20, Kathmandu, Bagmati, Nepal","153","0","0",,,,,,,,"-",,,"0","0","0","4","0","0000-00-00 00:00:00"
"3144","1",,"CORIANDER SEEDS GLOBAL DATA","IMPORTER","M SBYZID TRADERS RAZA BAZAR","Maluchi 1850, Bangladesh","18","0","0","+8801724248505",,,,,,,"-",,,"0","0","0","4","0","0000-00-00 00:00:00"
"3145","1",,"CORIANDER SEEDS GLOBAL DATA","IMPORTER","Yaquby International CIF","6H3V+M4J, Rd No 3703, Manama, Bahrain","17","0","0","+97317740600",,"mail@yaquby-international.com","http://www.yaquby-international.com/",,,,"-",,,"0","0","0","4","0","0000-00-00 00:00:00"
"3146","1",,"CORIANDER SEEDS GLOBAL DATA","IMPORTER","Veer Fine Foods Pty Ltd","unit 8a/561 Great Western Hwy, Werrington NSW 2747, Australia","13","0","0","+61433975438",,,,,,,"-",,,"0","0","0","4","0","0000-00-00 00:00:00"
"3147","1",,"CORIANDER SEEDS GLOBAL DATA","IMPORTER","DHOLISATI TRADERS",,"153","0","0",,,,,,,,"-",,,"0","0","0","4","0","0000-00-00 00:00:00"
"3148","1",,"CORIANDER SEEDS GLOBAL DATA","IMPORTER","Modern Food Centre","5FQ3+C2R, Industrial Area, Ar-Rayyan, Qatar","178","0","0","+974 4460 2007",,,,,,,"-",,,"0","0","0","4","0","0000-00-00 00:00:00"
"3149","1",,"CORIANDER SEEDS GLOBAL DATA","IMPORTER","SENORA PRIVATE LIMITED","No. 121, 5th Cross Street, Colombo 11, Sri Lanka","206","0","0",,,,,,,,"-",,,"0","0","0","4","0","0000-00-00 00:00:00"
"3150","1",,"CORIANDER SEEDS GLOBAL DATA","IMPORTER","PUNJAS MANUFACTURING PTE LTD","PO Box 125, 63 Vitogo Parade, Lautoka, Fiji","73","0","0","+679 666 1633",,"enquiry@punjas.com","https://punjas.com/",,,,"-",,,"0","0","0","4","0","0000-00-00 00:00:00"
"3151","1",,"CORIANDER SEEDS GLOBAL DATA","IMPORTER","R G BROTHERS","No. 228, Canal Road, Elakanda, Wattala, Sri Lanka","206","0","0","+94 11 293 7102 / +94 77 858 2323",,"info@rgbrothers.com",,,,,"-",,,"0","0","0","4","0","0000-00-00 00:00:00"
"3152","1",,"CORIANDER SEEDS GLOBAL DATA","IMPORTER","Amro Sugars","No. 187/2, 5th Cross Street, Colombo 11, Sri Lanka","206","0","0","+94 112 424 062",,"amrosugars64@gmail.com",,,,,"-",,,"0","0","0","4","0","0000-00-00 00:00:00"
"3153","1",,"CORIANDER SEEDS GLOBAL DATA","IMPORTER","FALCON GLOBAL ARABIAN TRADING COMPA","Al Mahjar District - Petromin, Jeddah, Makkah Al Mukkaramah, Saudi Arabia","191","0","0","+966 50 0000000",,,,,,,"-",,,"0","0","0","4","0","0000-00-00 00:00:00"
"3154","1",,"CORIANDER SEEDS GLOBAL DATA","IMPORTER","AHMED A R BIN AFIF TRADING CO LTD AL SUHAILI BUILDING 4TH FLOOR RM","Al Suhaili Bldg#2, 4th Floor, Room#403 Al Andalus Street, Behind Arab National Bank, Jeddah, Saudi Arabia, Sa, Saudi Arabia ","191","0","0",,,,,,,,"-",,,"0","0","0","4","0","0000-00-00 00:00:00"
"3155","1",,"CORIANDER SEEDS GLOBAL DATA","IMPORTER","Megha Engineering Infrastructures",,"146","0","0",,,,,,,,"-",,,"0","0","0","4","0","0000-00-00 00:00:00"
"3156","1",,"CORIANDER SEEDS GLOBAL DATA","IMPORTER","BP FRUIT STORES",,"153","0","0",,,,,,,,"-",,,"0","0","0","4","0","0000-00-00 00:00:00"
"3157","1",,"CORIANDER SEEDS GLOBAL DATA","IMPORTER","SWASTIK IMPORTS EXPORTS PTY LTD","Unit 11/49-55 Riverside Ave, Werribee VIC 3030, Australia","13","0","0","+61425855832",,,,,,,"-",,,"0","0","0","4","0","0000-00-00 00:00:00"
"3158","1",,"CORIANDER SEEDS GLOBAL DATA","IMPORTER","HOUSE OF SPICE UNIT","Unit 73 Broomhill Road, Tallaght, Dublin 24, D24 AX7, Ireland","105","0","0","+353 89 9446491",,"sales@houseofspice.ie",,,,,"-",,,"0","0","0","4","0","0000-00-00 00:00:00"
"3159","1",,"CORIANDER SEEDS GLOBAL DATA","IMPORTER","KJP TRADERS",,"206","0","0",,,,,,,,"-",,,"0","0","0","4","0","0000-00-00 00:00:00"
"3160","1",,"CORIANDER SEEDS GLOBAL DATA","IMPORTER","SS",,"38","0","0",,,,,,,,"-",,,"0","0","0","4","0","0000-00-00 00:00:00"
"3161","1",,"CORIANDER SEEDS GLOBAL DATA","IMPORTER","OPTIMUM GLOBAL LANKA PVT LTD","No-377 Galle Road, Colombo 03, Sri Lanka","206","0","0","+94 11 429 2828",,,,,,,"-",,,"0","0","0","4","0","0000-00-00 00:00:00"
"3162","1",,"CORIANDER SEEDS GLOBAL DATA","IMPORTER","BOMBAY IMPEX LTD","1645 Sismet Rd UNIT 11, Mississauga, ON L4W 1Z3, Canada","38","0","0","+13069992181",,,"http://bombayimpexltd.ca/",,,,"-",,,"0","0","0","4","0","0000-00-00 00:00:00"
"3163","1",,"CORIANDER SEEDS GLOBAL DATA","IMPORTER","OMEGA TRADERS","No. 62A, Old Moor Street, Colombo 12, Sri Lanka","206","0","0","+94 11 243 2350 / +94 11 234 1747",,,,,,,"-",,,"0","0","0","4","0","0000-00-00 00:00:00"
"3164","1",,"CORIANDER SEEDS GLOBAL DATA","IMPORTER","MESTIKA TRADE SERVICES LOGIST ICS SDN BHD",": L2-3-4C Pelangi Promenade Jln Pekan Baru 36, Klang, Selangor Darul Ehsan, 41050","132","0","0",,,,,,,,"-",,,"0","0","0","4","0","0000-00-00 00:00:00"
"3165","1",,"CORIANDER SEEDS GLOBAL DATA","IMPORTER","Glidwell Trading",,"149","0","0","+26377323546 / 2637104725",,,,,,,"-",,,"0","0","0","4","0","0000-00-00 00:00:00"
"3166","1",,"CORIANDER SEEDS GLOBAL DATA","IMPORTER","NIDHI TRADE IMPEX",,"153","0","0",,,,,,,,"-",,,"0","0","0","4","0","0000-00-00 00:00:00"
"3167","1",,"CORIANDER SEEDS GLOBAL DATA","IMPORTER","Pan Natcho Concerns Venture",,"160","0","0",,,,,,,,"-",,,"0","0","0","4","0","0000-00-00 00:00:00"
"3168","1",,"CORIANDER SEEDS GLOBAL DATA","IMPORTER","AATISH INTERNATIONAL",,"153","0","0",,,,,,,,"-",,,"0","0","0","4","0","0000-00-00 00:00:00"
"3169","1",,"CORIANDER SEEDS GLOBAL DATA","IMPORTER","Well Care Trades Ltd","Suite 3, 583 Manukau Road, Epsom, Auckland 1023","157","0","0","+64 21 131 8132",,"wellcare786@gmail.com",,,,,"-",,,"0","0","0","4","0","0000-00-00 00:00:00"
"3170","1",,"CORIANDER SEEDS GLOBAL DATA","IMPORTER","New Paschimanchal Traders",,"153","0","0",,,,,,,,"-",,,"0","0","0","4","0","0000-00-00 00:00:00"
"3171","1",,"CORIANDER SEEDS GLOBAL DATA","IMPORTER","SIDDHIVINAYAK EXIM PVT LIMITED","Prahari Tole, Butwal, Rupandehi, Nepal","153","0","0",,,,,,,,"-",,,"0","0","0","4","0","0000-00-00 00:00:00"
"3172","1",,"CORIANDER SEEDS GLOBAL DATA","IMPORTER","Global Ime Bank Ltd","Kamaladi 28, Kathmandu, Nepal","153","0","0","+977-1-5970600",,"info@gibl.com.np",,,,,"-",,,"0","0","0","4","0","0000-00-00 00:00:00"
"3173","1",,"CORIANDER SEEDS GLOBAL DATA","IMPORTER","GNANAM IMPORTS PVT LTD","229 Dutugamunu Mawatha, Wattala, Sri Lanka","206","0","0",,,"info@gnanamimports.lk",,,,,"-",,,"0","0","0","4","0","0000-00-00 00:00:00"
"3174","1",,"CORIANDER SEEDS GLOBAL DATA","IMPORTER","BLUE MOUNTAIN EXIM INC","7400 Keele Street, Concord, Ontario, Canada L4K 1Z9","38","0","0",,,,,,,,"-",,,"0","0","0","4","0","0000-00-00 00:00:00"
"3175","1",,"CORIANDER SEEDS GLOBAL DATA","IMPORTER","D JARO CONSUMERS GOODS TRADING","RCH Building, McArthur Highway Cor. Magalang St., Ibayo, Marilao, Bulacan, Region Central Luzon (Region III), Philippines","173","0","0",,,,,,,,"-",,,"0","0","0","4","0","0000-00-00 00:00:00"
"3176","1",,"CORIANDER SEEDS GLOBAL DATA","IMPORTER","BIDUR BHANDAR","Near Nepal Telecom Office, Meena Bazar, Birgunj, Parsa-44300, Nepal","153","0","0","+977-51-521274",,,,,,,"-",,,"0","0","0","4","0","0000-00-00 00:00:00"
"3177","1",,"CORIANDER SEEDS GLOBAL DATA","IMPORTER","FRUITICANA","7676 Anvil Way, Surrey, BC V3W 4H7","38","0","0","+1(604) 502-0005",,"info@fruiticana.com","https://www.fruiticana.com/",,,,"-",,,"0","0","0","4","0","0000-00-00 00:00:00"
"3178","1",,"CORIANDER SEEDS GLOBAL DATA","IMPORTER","J M F LIMITED","3/F, Block B, SuWu Industrial Park, 1st Xian Huang Road, Wanjiang District, Dongguan City, Guangdong Province, China 523000","44","0","0","+86 755 25573325",,"sales@jm-machines.com, michelle.fei@yahoo.com",,"https://www.jm-machines.com",,,"-",,,"0","0","0","4","0","0000-00-00 00:00:00"
"3179","1",,"CORIANDER SEEDS GLOBAL DATA","IMPORTER","GLOBAL TRADING COMPANY PVT LTD","No. 136/F, Dam Street, Colombo - 12, Sri Lanka","206","0","0","94 11 2487024",,,"gtm.lk",,,,"-",,,"0","0","0","4","0","0000-00-00 00:00:00"
"3180","1",,"CORIANDER SEEDS GLOBAL DATA","IMPORTER","OM Canpacific International Inc","105 Select Ave, Scarborough, ON M1V 4A8, Canada","38","0","0","+19005900452",,,,,,,"-",,,"0","0","0","4","0","0000-00-00 00:00:00"
"3181","1",,"Machine & Equipment","IMPORTER","MS ALPATTHA MAJU SDN","No. 40-B, Level 2, Jalan Lumut Damai, Kompleks Kuala Lumpur, 50400 Kuala Lumpur, Malaysia","132","0","0","--","-","-","-","-","-","-","--",,,"0","1","29","4","0","0000-00-00 00:00:00"
"3182","1",,"CORIANDER SEEDS GLOBAL DATA","IMPORTER","ERAS LIMITED","220 Great South Road, Manurewa, Auckland 2102, New Zealand","157","0","0","+64 27 535 2321",,,,,,,"-",,,"0","0","0","4","0","0000-00-00 00:00:00"
"3183","1",,"CORIANDER SEEDS GLOBAL DATA","IMPORTER","SONYANG GROCERY STORE",,"25","0","0",,,,,,,,"-",,,"0","0","0","4","0","0000-00-00 00:00:00"
"3184","1",,"CORIANDER SEEDS GLOBAL DATA","IMPORTER","VADHIYA FOODS INC","1601 Matheson Blvd Unit#4, Mississauga, ON L4W 1Y4, Canada","38","0","0","+19056029554",,,,,,,"-",,,"0","0","0","4","0","0000-00-00 00:00:00"
"3185","1",,"CORIANDER SEEDS GLOBAL DATA","IMPORTER","ANYO HONG KONG CO LIMITED","Room 1502, Easys Commercial Building, 253-261 Hennessy Road, Wan Chai, Hong Kong","44","0","0","+852 2893 8888",,,,,,,"-",,,"0","0","0","4","0","0000-00-00 00:00:00"
"3186","1",,"CORIANDER SEEDS GLOBAL DATA","IMPORTER","India Grocer Pty","Unit 1B, 489 Nicholson Road, Canning Vale, Western Australia 6155, Australia","13","0","0","+61 (08) 9451 7640",,,,,,,"-",,,"0","0","0","4","0","0000-00-00 00:00:00"
"3187","1",,"CORIANDER SEEDS GLOBAL DATA","IMPORTER","MAHADEV SPICES AND DRY FRUITS",,"153","0","0",,,,,,,,"-",,,"0","0","0","4","0","0000-00-00 00:00:00"
"3188","1",,"CORIANDER SEEDS GLOBAL DATA","IMPORTER","NANKI STAR PTY LIMITED",,"13","0","0",,,,,,,,"-",,,"0","0","0","4","0","0000-00-00 00:00:00"
"3189","1",,"CORIANDER SEEDS GLOBAL DATA","IMPORTER","Nations Trust Bank",,"13","0","0",,,,,,,,"-",,,"0","0","0","4","0","0000-00-00 00:00:00"
"3190","1",,"CORIANDER SEEDS GLOBAL DATA","IMPORTER","Harsh Trading HK Ltd","F, Room No. 305, 3, 8 Wang Kwun Rd, Kowloon Bay, Hong Kong","98","0","0","85261529495",,,,,,,"-",,,"0","0","0","4","0","0000-00-00 00:00:00"
"3191","1",,"CORIANDER SEEDS GLOBAL DATA","IMPORTER","GLOBAL CHOICE FOODS LIMITED","150 Rainbow Creek Dr, Vaughan, ON L4H 4M6, Canada","38","0","0","+19052646050",,,"http://www.globalchoicefoods.com/",,,,"-",,,"0","0","0","4","0","0000-00-00 00:00:00"
"3192","1",,"CORIANDER SEEDS GLOBAL DATA","IMPORTER","FG",,"178","0","0",,,,,,,,"-",,,"0","0","0","4","0","0000-00-00 00:00:00"
"3193","1",,"CORIANDER SEEDS GLOBAL DATA","IMPORTER","SAUDI ARABIA 1 AL SALWA BROTHERS TRADING COLIMITED","Al Deera Dist Sibala Street Al Tameer Market, Riyadh.k.s.a. Cr No. 101 0766583. Vat No. 311130415200003, Saudi Arabia ","191","0","0",,,,,,,,"-",,,"0","0","0","4","0","0000-00-00 00:00:00"
"3194","1",,"CORIANDER SEEDS GLOBAL DATA","IMPORTER","THE CONSIGNEE IN RI",,"191","0","0",,,,,,,,"-",,,"0","0","0","4","0","0000-00-00 00:00:00"
"3195","1",,"CORIANDER SEEDS GLOBAL DATA","IMPORTER","JORDAN ISLAMIC BANK HEAD OFFICE","XVG3+6F3, Abdallah Ghosheh St., Amman, Jordan","111","0","0","+96265857520",,,"http://www.jordanislamicbank.com/",,,,"-",,,"0","0","0","4","0","0000-00-00 00:00:00"
"3196","1",,"CORIANDER SEEDS GLOBAL DATA","IMPORTER","HARI TRADERS","256 2nd Cross Street, Colombo 01100, Sri Lanka","206","0","0","94 112 391505",,,,"Hari Traders",,,"-",,,"0","0","0","4","0","0000-00-00 00:00:00"
"3197","1",,"CORIANDER SEEDS GLOBAL DATA","IMPORTER","SUNDAR TRADERS PVT LTD","72/A, 4th Cross Street, Colombo 11, Sri Lanka","206","0","0","94 112 391470",,"vijeysundartraders@gmail.com",,,,,"-",,,"0","0","0","4","0","0000-00-00 00:00:00"
"3198","1",,"CORIANDER SEEDS GLOBAL DATA","IMPORTER","INDIAN SPICES LLC","10875 Jones Bridge Road, Suite 5, Alpharetta, GA 30022, United States","81","0","0",,,,,,,,"-",,,"0","0","0","4","0","0000-00-00 00:00:00"
"3199","1",,"CORIANDER SEEDS GLOBAL DATA","IMPORTER","PCL","1 Ichigayasanaicho, Shinjuku City, Tokyo 162-0846, Japan","109","0","0",,,,"https://www.pcljapan.co.jp/corporate/summary.html",,,,"-",,,"0","0","0","4","0","0000-00-00 00:00:00"
"3200","1",,"CORIANDER SEEDS GLOBAL DATA","IMPORTER","ABHISHEK EXIM PVT LTD",": Kathmandu-14, Kuleshwor, Kathmandu, Nepal","153","0","0",,,,,,,,"-",,,"0","0","0","4","0","0000-00-00 00:00:00"
"3201","1",,"CORIANDER SEEDS GLOBAL DATA","IMPORTER","Lulu Bahrain Hypermarket W L L","Bldg 134 Rd 20, Manama, Bahrain","17","0","0","+97317172727",,"customerservicebh@luluhypermarket.com","https://www.luluhypermarket.com/en-bh",,,,"-",,,"0","0","0","4","0","0000-00-00 00:00:00"
"3202","1",,"CORIANDER SEEDS GLOBAL DATA","IMPORTER","Mosam Mart Ltd",,"83","0","0",,,,,,,,"-",,,"0","0","0","4","0","0000-00-00 00:00:00"
"3203","1",,"CORIANDER SEEDS GLOBAL DATA","IMPORTER","RANJITHA FOODS PVT LTD",": No-68A, 4th Cross Street, Colombo 11, Sri Lanka","206","0","0","94 112 431 803",,,"Ranjitha Pulses",,,,"-",,,"0","0","0","4","0","0000-00-00 00:00:00"
"3204","1",,"CORIANDER SEEDS GLOBAL DATA","IMPORTER","A A F FOR EXPORT","Amman, Jordan","111","0","0",,,,,,,,"-",,,"0","0","0","4","0","0000-00-00 00:00:00"
"3205","1",,"CORIANDER SEEDS GLOBAL DATA","IMPORTER","ADVANTIS EXPRESS PVT LTD","235/12 Old Avissawella Road, Orugodawatte, Wellampitiya, Colombo 00900, Sri Lanka","206","0","0","94 11 452 2222",,"info@fedexlk.com","Advantis Express",,,,"-",,,"0","0","0","4","0","0000-00-00 00:00:00"
"3206","1",,"CORIANDER SEEDS GLOBAL DATA","IMPORTER","KA PURCHASE MANAGER PURE HERBS AND SPICES TRADING PVT LIMITED","6/1 Thalpitiya South, Mada Wadduwa, Kaluthara, Sri Lanka","206","0","0","+94 32-2257999",,"info@pureherbslk.com",,,,,"-",,,"0","0","0","4","0","0000-00-00 00:00:00"
"3207","1",,"CORIANDER SEEDS GLOBAL DATA","IMPORTER","PREMI FOODS LTD","1530 Birchmount Rd, Scarborough, ON M1P 2H2, Canada","38","0","0","+16478121536",,,,,,,"-",,,"0","0","0","4","0","0000-00-00 00:00:00"
"3208","1",,"CORIANDER SEEDS GLOBAL DATA","IMPORTER","YASH ENTERPRISE N V","Mr. Treublaan 7, 1097 DP Amsterdam, Netherlands","155","0","0","+31 20 205 0104",,,,,,,"-",,,"0","0","0","4","0","0000-00-00 00:00:00"
"3209","1",,"CORIANDER SEEDS GLOBAL DATA","IMPORTER","SUN TARA TRADERS","Debsi, Phuentsholing, Bhutan","25","0","0","+975-5-77654846",,,,,,,"-",,,"0","0","0","4","0","0000-00-00 00:00:00"
"3210","1",,"CORIANDER SEEDS GLOBAL DATA","IMPORTER","National Bank of Belgium","14 Boulevard de Berlaimont, 1000 Brussels, Belgium","21","0","0","+32 2 221 21 11",,"info@nbb.be",,,,,"-",,,"0","0","0","4","0","0000-00-00 00:00:00"
"3211","1",,"CORIANDER SEEDS GLOBAL DATA","IMPORTER","IMBASJAYA SDN","BDC Light, Lot 17, Lorong Mangga 2, Kolombong, Kota Kinabalu, Sabah, 88450","132","0","0","+6088-422 262 / +6088-423 848","-","imbasjayamy@gmail.com","-","KHOR","KKHOR778@GMAIL.COM","-","-",,,"0","0","0","4","0","0000-00-00 00:00:00"
"3212","1",,"CORIANDER SEEDS GLOBAL DATA","IMPORTER","Sana Lanka Trading","No. 228, Keyzer Street, Colombo 11, Sri Lanka","206","0","0","+94-777666593",,,,,,,"-",,,"0","0","0","4","0","0000-00-00 00:00:00"
"3213","1",,"CORIANDER SEEDS GLOBAL DATA","IMPORTER","IM FOODS PTY LTD","187-189 Fulham Rd, Alphington VIC 3078, Australia","13","0","0","+61 1300 096 414",,,,,,,"-",,,"0","0","0","4","0","0000-00-00 00:00:00"
"3214","1",,"CORIANDER SEEDS GLOBAL DATA","IMPORTER","RA FILMS",,"206","0","0",,,,,,,,"-",,,"0","0","0","4","0","0000-00-00 00:00:00"
"3215","1",,"CORIANDER SEEDS GLOBAL DATA","IMPORTER","PKB KIRANA STORES",,"153","0","0",,,,,,,,"-",,,"0","0","0","4","0","0000-00-00 00:00:00"
"3216","1",,"CORIANDER SEEDS GLOBAL DATA","IMPORTER","G L YUENS PTY LIMITED","917 Beaudesert Road, Archerfield, Queensland 4108, Australia","13","0","0","+61 (07) 3344 3526",,,,,,,"-",,,"0","0","0","4","0","0000-00-00 00:00:00"
"3217","1",,"CORIANDER SEEDS GLOBAL DATA","IMPORTER","SALIA DOUMBIA",,"192","0","0",,,,,,,,"-",,,"0","0","0","4","0","0000-00-00 00:00:00"
"3218","1",,"CORIANDER SEEDS GLOBAL DATA","IMPORTER","VDA DIAMONDS LLC 0069",,"11","0","0",,,,,,,,"-",,,"0","0","0","4","0","0000-00-00 00:00:00"
"3219","1",,"CORIANDER SEEDS GLOBAL DATA","IMPORTER","ONE CAPITAL GLOBAL PVT LTD","185/6, Havelock Road, Colombo 05, Sri Lanka","206","0","0","+94 (0) 112440786/7",,"info@capitalone.lk",,,,,"-",,,"0","0","0","4","0","0000-00-00 00:00:00"
"3220","1",,"CORIANDER SEEDS GLOBAL DATA","IMPORTER","THANOOM AIMAN",,"14","0","0",,,,,,,,"-",,,"0","0","0","4","0","0000-00-00 00:00:00"
"3221","1",,"CORIANDER SEEDS GLOBAL DATA","IMPORTER","AL POLAT TRADING SRL",,"144","0","0",,,,,,,,"-",,,"0","0","0","4","0","0000-00-00 00:00:00"
"3222","1",,"CORIANDER SEEDS GLOBAL DATA","IMPORTER","SHREE RAM IMPEX","No. 214, Keyser Street, Colombo 11, Sri Lanka","206","0","0","+94 112421693",,,,,,,"-",,,"0","0","0","4","0","0000-00-00 00:00:00"
"3223","1",,"CORIANDER SEEDS GLOBAL DATA","IMPORTER","Woodlands Co","192 4th Cross St, Colombo 01100, Sri Lanka","206","0","0","+94112422426",,,,,,,"-",,,"0","0","0","4","0","0000-00-00 00:00:00"
"3224","1",,"CORIANDER SEEDS GLOBAL DATA","IMPORTER","HYCO LABORATORIES CO INC","1195-1199, Jose Abad Santos Avenue, Barangay 240, Tondo, Manila, Metro Manila, 1013 Philippines","173","0","0","+63 (2) 8253 3442",,"hycolab@eyp.ph",,,,,"-",,,"0","0","0","4","0","0000-00-00 00:00:00"
"3225","1",,"CORIANDER SEEDS GLOBAL DATA","IMPORTER","STEMO PRIVATE LIMITED","No. 175A, 5th Cross Street, Colombo 11, Sri Lanka","206","0","0",,,,,,,,"-",,,"0","0","0","4","0","0000-00-00 00:00:00"
"3226","1",,"CORIANDER SEEDS GLOBAL DATA","IMPORTER","SAP INC","5 Pl. Ville-Marie Suite 1700, Ville-Marie, QC H3B 0B3, Canada","38","0","0","+15148797200",,,,,,,"-",,,"0","0","0","4","0","0000-00-00 00:00:00"
"3227","1",,"CORIANDER SEEDS GLOBAL DATA","IMPORTER","MAS TROPICAL FOOD PROCESSING PVT LTD","30 Gothami Road, Colombo 08, Sri Lanka","206","0","0","+94 11 7602200",,"info@mas.kitchen",,,,,"-",,,"0","0","0","4","0","0000-00-00 00:00:00"
"3228","1",,"CORIANDER SEEDS GLOBAL DATA","IMPORTER","AJAJ TASTY FOODS LIMITED",,"83","0","0",,,,,,,,"-",,,"0","0","0","4","0","0000-00-00 00:00:00"
"3229","1",,"CORIANDER SEEDS GLOBAL DATA","IMPORTER","D H L KEELS PVT LTD",,"206","0","0",,,,,,,,"-",,,"0","0","0","4","0","0000-00-00 00:00:00"
"3230","1",,"CORIANDER SEEDS GLOBAL DATA","IMPORTER","LLP NIL NIL",,"112","0","0",,,,,,,,"-",,,"0","0","0","4","0","0000-00-00 00:00:00"
"3231","1",,"CORIANDER SEEDS GLOBAL DATA","IMPORTER","EMPRESA CL202310 002640",,"43","0","0",,,,,,,,"-",,,"0","0","0","4","0","0000-00-00 00:00:00"
"3232","1",,"CORIANDER SEEDS GLOBAL DATA","IMPORTER","RC ABASTO Y SEMILLAS SA DE CV",,"142","0","0",,,,,,,,"-",,,"0","0","0","4","0","0000-00-00 00:00:00"
"3233","1",,"CORIANDER SEEDS GLOBAL DATA","IMPORTER","ORGANIC BLINGGREEN TECH LIMITED","Eir code, Garter Ln, Collegeland, Saggart, Co. Dublin, D24 PKF1, Ireland","105","0","0",,,,,,,,"-",,,"0","0","0","4","0","0000-00-00 00:00:00"
"3234","1",,"CORIANDER SEEDS GLOBAL DATA","IMPORTER","A V R S ENTERPRISES","No .211/A, kotuwila, Wellampitiya 10600, Sri Lanka","206","0","0","+94714047148",,,,,,,"-",,,"0","0","0","4","0","0000-00-00 00:00:00"
"3235","1",,"CORIANDER SEEDS GLOBAL DATA","IMPORTER","IP BUVACHALOV AKRAMJAN PAZILOVICH",,"118","0","0",,,,,,,,"-",,,"0","0","0","4","0","0000-00-00 00:00:00"
"3236","1",,"CORIANDER SEEDS GLOBAL DATA","IMPORTER","OKAVANGO BREWERS AND DISTILLERS PROPRIETARY LTD","Plot 16732, Corner Moeti Rd and Mathiba Rd, Ngamiland East, North West District, Botswana","28","0","0","+267 686 0069",,"sales@okavangocraftbrewery.com",,,,,"-",,,"0","0","0","4","0","0000-00-00 00:00:00"
"3237","1",,"CORIANDER SEEDS GLOBAL DATA","IMPORTER","RUVUGWAHO R JOHN",,"35","0","0",,,,,,,,"-",,,"0","0","0","4","0","0000-00-00 00:00:00"
"3238","1",,"CORIANDER SEEDS GLOBAL DATA","IMPORTER","AA IMPEX","11 Khadim Ali Rd, Model Town, Sialkot, Punjab 51310, Pakistan","166","0","0","+923000343469",,,,,,,"-",,,"0","0","0","4","0","0000-00-00 00:00:00"
"3239","1",,"CORIANDER SEEDS GLOBAL DATA","IMPORTER","NOOR ENTERPRISES","CP-40 Sector 6-D North Karachi, Industrial Area, Karachi, Pakistan","166","0","0","+92 334 2171002",,,"info@noorenterprises.com.pk",,,,"-",,,"0","0","0","4","0","0000-00-00 00:00:00"
"3240","1",,"CORIANDER SEEDS GLOBAL DATA","IMPORTER","ISHAKOV ORA MAADANIYA TAMARA 71203 LOD RABI AKIVA ST 7 Israel","7 Rabbi Akiva Street, Lod, 71203, Israel.","106","0","0",,,,,,,,"-",,,"0","0","0","4","0","0000-00-00 00:00:00"
"3241","1",,"CORIANDER SEEDS GLOBAL DATA","IMPORTER","TCM GRAINS TRADING LLC","House No. 28/2917, 'Aiswarya', Ponneth Temple Road, Shanthi Nagar, Kadavanthra, Cochin - 682 020, Kerala, India","101","0","0","+91 484 2316771",,,"info@tcmlimited.in",,,,"-",,,"0","0","0","4","0","0000-00-00 00:00:00"
"3242","1",,"CORIANDER SEEDS GLOBAL DATA","IMPORTER","M S GNANAM IMPORTS PVT LTD","79 5th Cross St, Colombo, Sri Lanka","206","0","0","+94112441944",,,,,,,"-",,,"0","0","0","4","0","0000-00-00 00:00:00"
"3243","1",,"CORIANDER SEEDS GLOBAL DATA","IMPORTER","NUTS AND LEGUMES CO","90-91 Muzamil Town, Chung, Multan Road, Lahore, Punjab, Pakistan","166","0","0","+92 423 597 1423 / +92 324 844 8444",,,"info@nuts-legumes.pk",,,,"-",,,"0","0","0","4","0","0000-00-00 00:00:00"
"3244","1",,"CORIANDER SEEDS GLOBAL DATA","IMPORTER","SIA AUSTRUMU GARSVIELAS ON ORDER OF SIA AUSTRUMU GARSA","Lv-2015, , Jurmala, Nometnu 7-24, Latvia","120","0","0",,,,,,,,"-",,,"0","0","0","4","0","0000-00-00 00:00:00"
"3245","1",,"CORIANDER SEEDS GLOBAL DATA","IMPORTER","PLANT LIPIDS LANKA PVT LTD 60 DRIMATH ANAGARIKA DHARMAPALA MAWATHA COLOMBO 3 SRI LANKA Tel","Plot 37, Mirigama Export Processing Zone, Mirigama, Sri Lanka","206","0","0","+94 33 227 4939",,"info@plantlipidslanka.com",,,,,"-",,,"0","0","0","4","0","0000-00-00 00:00:00"
"3246","1",,"CORIANDER SEEDS GLOBAL DATA","IMPORTER","JKT FOODS EUROPE DMCC","Plot No. A-787/2/2 TTC, Industrial Area, Khairane, Navi Mumbai-400 703, Maharashtra, India","101","0","0","+91 22 41028800",,,"frontdesk@jktenterprises.com",,,,"-",,,"0","0","0","4","0","0000-00-00 00:00:00"
"3247","1",,"CORIANDER SEEDS GLOBAL DATA","IMPORTER","MEDITERRANEAN HILLS GIDA ITHALAT IHRACAT TICARET LIMITED",,"64","0","0",,,,,,,,"-",,,"0","0","0","4","0","0000-00-00 00:00:00"
"3248","1",,"CORIANDER SEEDS GLOBAL DATA","IMPORTER","IKON EXIM PVT LTD","340/35 K Cyril C Perera Mawatha, Colombo 13, Sri Lanka","206","0","0","+94 11 472 910",,,,,,,"-",,,"0","0","0","4","0","0000-00-00 00:00:00"
"3249","1",,"CORIANDER SEEDS GLOBAL DATA","IMPORTER","LLC HUNTER FOOD","507-DREAM RISE, SCIENCE CITY, SOLA ROAD, AHMEDABAD, INDIA","101","0","0","+91 800486837823",,,"info@hunterfoods.com",,,,"-",,,"0","0","0","4","0","0000-00-00 00:00:00"
"3250","1",,"CORIANDER SEEDS GLOBAL DATA","IMPORTER","M S DHIRANI TRADING COMPANY","237 Al Rehman Trade Centre, Shahrah-e-Liaquat, Karachi, Sindh, 75230","166","0","0","+92 21 35655881, +92 21 2443516",,,"dhirani@cyber.net.pk",,,,"-",,,"0","0","0","4","0","0000-00-00 00:00:00"
"3251","1",,"CORIANDER SEEDS GLOBAL DATA","IMPORTER","AZUAN NATURAL","F-391 SITE Industrial Area, Karachi, Pakistan","166","0","0",,,,,,,,"-",,,"0","0","0","4","0","0000-00-00 00:00:00"
"3252","1",,"CORIANDER SEEDS GLOBAL DATA","IMPORTER","MAS TROPICAL FOOD PROCESSING PVT LIMITED","30 Gothami Road, Colombo 08, Sri Lanka","206","0","0","+94 11 7602200",,"info@mas.kitchen",,,,,"-",,,"0","0","0","4","0","0000-00-00 00:00:00"
"3253","1",,"CORIANDER SEEDS GLOBAL DATA","IMPORTER","MOHAMMED ALI OSUMAN",,"83","0","0",,,,,,,,"-",,,"0","0","0","4","0","0000-00-00 00:00:00"
"3254","1",,"CORIANDER SEEDS GLOBAL DATA","IMPORTER","D P ENTERPRISE",,"18","0","0",,,,,,,,"-",,,"0","0","0","4","0","0000-00-00 00:00:00"
"3255","1",,"CORIANDER SEEDS GLOBAL DATA","IMPORTER","Bondhon Genetics Ltd","House # 69/2, Islambag, R.K Road, Rangpur-5400, Bangladesh","18","0","0","+88 0521 56789",,"info@bondhonseeds.com",,,,,"-",,,"0","0","0","4","0","0000-00-00 00:00:00"
"3256","1",,"CORIANDER SEEDS GLOBAL DATA","IMPORTER","HUZAFATU KASSIM",,"83","0","0",,,,,,,,"-",,,"0","0","0","4","0","0000-00-00 00:00:00"
"3257","1",,"CORIANDER SEEDS GLOBAL DATA","IMPORTER","BROTHERS SEEDS","Chuadanga-Meherpur Highway, Hatikata, Chuadanga-7200, Bangladesh","18","0","0","+880 17-63685437 (Hotline), +880 17-63686510 (Sale",,"info@brothersseeds.com",,,,,"-",,,"0","0","0","4","0","0000-00-00 00:00:00"
"3258","1",,"CORIANDER SEEDS GLOBAL DATA","IMPORTER","BESTWAY TRADING CO KING ABDUL AZIZ","???????, Riyadh 14714, Saudi Arabia","191","0","0","+966552001961",,,,,,,"-",,,"0","0","0","4","0","0000-00-00 00:00:00"
"3259","1",,"CORIANDER SEEDS GLOBAL DATA","IMPORTER","FREELAN ENTERPRISES PVT LTD","No. 38, Gunawardana Mawatha, Navimana South, Matara, Sri Lanka","206","0","0","+94 41 2222237, +94 41 4390171",,"info@freelanmatara.com",,,,,"-",,,"0","0","0","4","0","0000-00-00 00:00:00"
"3260","1",,"CORIANDER SEEDS GLOBAL DATA","IMPORTER","EZOGELIN GMBH","-","82","0","0","-","-","-","-","-","-","-","-",,,"0","0","29","4","0","0000-00-00 00:00:00"
"3261","1",,"CORIANDER SEEDS GLOBAL DATA","IMPORTER","HALIM TMI MARMARIS MARKET","Puuvalonaukio 1, 04200 Kerava","74","0","0","+358 44 971 8336",,"marmarismarket@hotmail.com",,,,,"-",,,"0","0","0","4","0","0000-00-00 00:00:00"
"3262","1",,"CORIANDER SEEDS GLOBAL DATA","IMPORTER","SRI LANKA BARIK ENTERPRISES PVT LTD","570/21, Negombo Road, Mabola, Wattala, Sri Lanka","206","0","0","+94 11 2930650, +94 11 2930659",,"info@barikent.com",,,,,"-",,,"0","0","0","4","0","0000-00-00 00:00:00"
"3263","1",,"CORIANDER SEEDS GLOBAL DATA","IMPORTER","VENUS COMMODITIES",": No. 20/2, Templar's Road, Mount Laveniya, Sri Lanka","206","0","0","+94 77 759 1799",,"info@venuscommodities.lk",,,,,"-",,,"0","0","0","4","0","0000-00-00 00:00:00"
"3264","1",,"CORIANDER SEEDS GLOBAL DATA","IMPORTER","HELA SPICE MEXICO S A DE C V","Av. el Retiro 1295, Renca, Santiago, Regi?n Metropolitana, Chile","142","0","0","56225380377",,,"http://www.helaspice.cl/",,,,"-",,,"0","0","0","4","0","0000-00-00 00:00:00"
"3265","1",,"CORIANDER SEEDS GLOBAL DATA","IMPORTER","WIJAYA PRODUCTS PVT LTD DODANGODA KALUTHARA SRI LANKA","Bellapitiya Road, Thudugala, Dodangoda, Kaluthara, Sri Lanka","206","0","0","+94 34 2280092, +94 34 2280093, +94 34 2280286",,"wijayaproducts@sltnet.lk",,,,,"-",,,"0","0","0","4","0","0000-00-00 00:00:00"
"3266","1",,"CORIANDER SEEDS GLOBAL DATA","IMPORTER","SURIYAN 6 4 1 BETHESDA PLACE COLOMBO 05 TSO MP OWNER 2 EREG COMP LTD",,"206","0","0",,,,,,,,"-",,,"0","0","0","4","0","0000-00-00 00:00:00"
"3267","1",,"CORIANDER SEEDS GLOBAL DATA","IMPORTER","ETHIOPIAN AIRLINES GROUP","Airport Enterprise Building, Ground Floor, Addis Ababa, Ethiopia","69","0","0","+251 11 517 4422",,"CustomerRelations@ethiopianairlines.com","https://www.ethiopianairlines.com/",,,,"-",,,"0","0","0","4","0","0000-00-00 00:00:00"
"3268","1",,"CORIANDER SEEDS GLOBAL DATA","IMPORTER","AMIRAN KENYA LTD","Airport North Road, Embakasi, Nairobi, Kenya","113","0","0","+254 719 095 000",,"pr@amirankenya.com",,,,,"-",,,"0","0","0","4","0","0000-00-00 00:00:00"
"3269","1",,"CORIANDER SEEDS GLOBAL DATA","IMPORTER","Best Marketing",,"206","0","0",,,,,,,,"-",,,"0","0","0","4","0","0000-00-00 00:00:00"
"3270","1",,"CORIANDER SEEDS GLOBAL DATA","IMPORTER","A S P SIVANPILLAI","No. 214 Keyzer Street, Colombo 11, Sri Lanka","206","0","0","+94 11 2323461",,,,,,,"-",,,"0","0","0","4","0","0000-00-00 00:00:00"
"3271","1",,"Hardware company","IMPORTER","LEAN BEE CO","No. 248, Lebuh Carnarvon, 10100 Georgetown, Pulau Pinang, Malaysia","132","0","0","+604-261 6311","-","-","-","-","-","-","-",,,"0","1","29","4","0","0000-00-00 00:00:00"
"3272","1",,"CORIANDER SEEDS GLOBAL DATA","IMPORTER","MEI SAHA ENTERPRISES",,"83","0","0",,,,,,,,"-",,,"0","0","0","4","0","0000-00-00 00:00:00"
"3273","1",,"CORIANDER SEEDS GLOBAL DATA","IMPORTER","MOHAMMED ISHAQ",,"83","0","0",,,,,,,,"-",,,"0","0","0","4","0","0000-00-00 00:00:00"
"3274","1",,"CORIANDER SEEDS GLOBAL DATA","IMPORTER","HAWA IBRAHIM GADO",,"83","0","0",,,,,,,,"-",,,"0","0","0","4","0","0000-00-00 00:00:00"
"3275","1",,"CORIANDER SEEDS GLOBAL DATA","IMPORTER","BIOSEMILLAS SA","San Diego en Ofic de Seracsa, Cartago, Cartago, Costa Rica","52","0","0","+506 2279 6994",,,,,,,"-",,,"0","0","0","4","0","0000-00-00 00:00:00"
"3276","1",,"CORIANDER SEEDS GLOBAL DATA","IMPORTER","DISTRIBUIDORA AGRO COMERCIAL S A","Zona Franca BES, 6 Km Oeste del Aeropuerto, 100m Este de Lanco, sobre El Coyol, Alajuela, Costa Rica","52","0","0","+506 2494 9800",,,"https://agrodac.com/",,,,"-",,,"0","0","0","4","0","0000-00-00 00:00:00"
"3277","1",,"CORIANDER SEEDS GLOBAL DATA","IMPORTER","BARIK ENTERPRISES PVT LTD","570/21, Negombo Road, Mabola, Wattala, Sri Lanka","206","0","0","+94 11 2930650, +94 11 2930659",,"info@barikent.com",,,,,"-",,,"0","0","0","4","0","0000-00-00 00:00:00"
"3278","1",,"CORIANDER SEEDS GLOBAL DATA","IMPORTER","GLOBAL TRADING COMPANY","No. 27/1 Kalyani Gangarama Road, Colombo 15, Sri Lanka","206","0","0","+94 11 2487024, +94 77 3746774",,"info@gtm.lk",,,,,"-",,,"0","0","0","4","0","0000-00-00 00:00:00"
"3279","1",,"CORIANDER SEEDS GLOBAL DATA","IMPORTER","S C A Lanka Pvt Ltd","36/29/1/1, Sethsiri Uyana, Kristuraja Mawatha, Hendala, Wattala, Sri Lanka","206","0","0",,,,,,,,"-",,,"0","0","0","4","0","0000-00-00 00:00:00"
"3280","1",,"CORIANDER SEEDS GLOBAL DATA","IMPORTER","MA S TROPICAL FOOD PROCESSING PVT LTD","30 Gothami Road, Colombo 08, Sri Lanka","206","0","0","+94 11 7602200",,"info@mas.kitchen",,,,,"-",,,"0","0","0","4","0","0000-00-00 00:00:00"
"3281","1",,"CORIANDER SEEDS GLOBAL DATA","IMPORTER","XXARLXXMPEXXA GXXERAXXTRAXXNG XXC",,"206","0","0",,,,,,,,"-",,,"0","0","0","4","0","0000-00-00 00:00:00"
"3282","1",,"CORIANDER SEEDS GLOBAL DATA","IMPORTER","IMP COMERCIAL STARFOOD LTDA","Bernardo O'Higgins 150, Parque Industrial Los Libertadores, Colina, Santiago, 9360000, Chile","43","0","0","+56 2 2820 7500",,"contacto@starfood.cl","https://starfood.cl/",,,,"-",,,"0","0","0","4","0","0000-00-00 00:00:00"
"3283","1",,"CORIANDER SEEDS GLOBAL DATA","IMPORTER","CONDIMENTOS NATURALES TRES VILLAS","Tlapaleros 10, Colonia Paseos de Churubusco, Del. Iztapalapa, 09819 Ciudad de M?xico, Mexico","142","0","0","+52 55 5600 1305",,"ventas@condimentosnaturales.com",,,,,"-",,,"0","0","0","4","0","0000-00-00 00:00:00"
"3284","1",,"CORIANDER SEEDS GLOBAL DATA","IMPORTER","CORNEJO MIGNONE CARMEN ELENA",,"63","0","0",,,,,,,,"-",,,"0","0","0","4","0","0000-00-00 00:00:00"
"3285","1",,"CORIANDER SEEDS GLOBAL DATA","IMPORTER","LLC Supermarket Sukhum",,"0","0","0",,,,,,,,"-",,,"0","0","0","4","0","0000-00-00 00:00:00"
"3286","1",,"CORIANDER SEEDS GLOBAL DATA","IMPORTER","MERCANCIA CONTINENTAL DMCC","Unit 4308, Platinum Tower, Cluster I, Jumeirah Lakes Towers, Dubai, UAE","0","0","0","+971 4 558 7181",,,,,,,"-",,,"0","0","0","4","0","0000-00-00 00:00:00"
"3287","1",,"CORIANDER SEEDS GLOBAL DATA","IMPORTER","FS TRADERS PVT LTD","No. C-2-7, Dedicated Economic Centre, Dambulla, Sri Lanka","206","0","0","+94 662 284203",,,,,,,"-",,,"0","0","0","4","0","0000-00-00 00:00:00"
"3288","1",,"CORIANDER SEEDS GLOBAL DATA","IMPORTER","SHREENATHJI AGRI EXPORT LLP","Porbandar National Highway, At. Upleta, Dist. Rajkot, Upleta - 360 490, Gujarat, India","101","0","0","+91 94269 77466 / +91 96241 41360",,,"info@shreenathjiagriexport.com / sales@shreenathjiagriexport.com",,,,"-",,,"0","0","0","4","0","0000-00-00 00:00:00"
"3289","1",,"CORIANDER SEEDS GLOBAL DATA","IMPORTER","KANDY TRADE CENTRE PVT LIMITED","No. 39, Old Moor Street, Colombo 12, Sri Lanka","206","0","0","+94 11 243 265",,,,,,,"-",,,"0","0","0","4","0","0000-00-00 00:00:00"
"3290","1",,"CORIANDER SEEDS GLOBAL DATA","IMPORTER","LLC AGROIMPORT 2023",,"81","0","0",,,"info@agroimport-foods.ru",,,,,"-",,,"0","0","0","4","0","0000-00-00 00:00:00"
"3291","1",,"CORIANDER SEEDS GLOBAL DATA","IMPORTER","GINCRESPO FACTORY GCF S A S","Via Duran Tambo Km 4.5, Edif. Plaza Sai Baba III, Eloy Alfaro, Guayas, Ecuador","63","0","0","+593 4 605-2435",,,,,,,"-",,,"0","0","0","4","0","0000-00-00 00:00:00"
"3292","1",,"CORIANDER SEEDS GLOBAL DATA","IMPORTER","AGROSAD PRODUCTOS AGROPECUARIOS C LTDA","Av. De Las Americas S/N y Agust?n Cuesta esquina, Edif. Agrosad Sector El Arenal, Cuenca, Azuay, Ecuador","63","0","0","+593 7 2856 129 / +593 7 2856 130",,"secretaria@agrosad.com.ec","https://www.agrosad.com.ec/",,,,"-",,,"0","0","0","4","0","0000-00-00 00:00:00"
"3293","1",,"CORIANDER SEEDS GLOBAL DATA","IMPORTER","MEER BROTHERS","2nd Floor, Saleem Chambers, 114 McLeod Road, Lahore, Pakistan","166","0","0","+92-42-37211282, +92-42-37211284, +92-42-37211285",,,,,,,"-",,,"0","0","0","4","0","0000-00-00 00:00:00"
"3294","1",,"CORIANDER SEEDS GLOBAL DATA","IMPORTER","GRAINS BIZ INDUSTRIES","Chak No 68 Jb Sadhar Bypass Jhang Road, Faisalabad, Punjab, Pakistan","166","0","0",,,,,,,,"-",,,"0","0","0","4","0","0000-00-00 00:00:00"
"3295","1",,"CORIANDER SEEDS GLOBAL DATA","IMPORTER","Bashar Agha S O Sayed Shir Mohammad",,"166","0","0",,,,,,,,"-",,,"0","0","0","4","0","0000-00-00 00:00:00"
"3296","1",,"CORIANDER SEEDS GLOBAL DATA","IMPORTER","KERALA FOOD CENTRE W L L","PO Box 2867, Street 37, Gate 52, Industrial Area, Doha, Qatar","178","0","0","+974 4460 3103 / +974 4460 6044",,"Sales: sales@kfcdoha.com / Purchase: purchase@kfcd",,,,,"-",,,"0","0","0","4","0","0000-00-00 00:00:00"
"3297","1",,"CORIANDER SEEDS GLOBAL DATA","IMPORTER","PAREN RAMJI HADHA SHAH","90393 - 80100 Jomo Kenyatta, Mombasa, Kenya","113","0","0","+254 722 553 988",,"parenshah@africaonline.co.ke",,,,,"-",,,"0","0","0","4","0","0000-00-00 00:00:00"
"3298","1",,"CORIANDER SEEDS GLOBAL DATA","IMPORTER","RELIANCE TRADING","350A, Old Moor Street, Colombo 12, Sri Lanka","206","0","0","+94 11 543 435",,"sales@reliancetrading.lk",,,,,"-",,,"0","0","0","4","0","0000-00-00 00:00:00"
"3299","1",,"CORIANDER SEEDS GLOBAL DATA","IMPORTER","RATHNAEXIM UG63 PEOPLES PARK COMPLEX BODHIRAJA MW COL","63, Peoples Park Complex, Bodhiraja Mawatha, Colombo 11, Sri Lanka","206","0","0","+94 11 243 265",,,,,,,"-",,,"0","0","0","4","0","0000-00-00 00:00:00"
"3300","1",,"CORIANDER SEEDS GLOBAL DATA","IMPORTER","SNEHAN FOOD PRODUCTS LIMITED","No241 Perera Road, Batuwita, Gonapala, Horana 12400, Sri Lanka","206","0","0","+94343740870",,,,,,,"-",,,"0","0","0","4","0","0000-00-00 00:00:00"
"3301","1",,"CORIANDER SEEDS GLOBAL DATA","IMPORTER","SOLINA ROMANIA SRL","Calea Ciugudului Nr. 7, 510005 Alba Iulia, Alba, Romania","180","0","0","+40 258 842 299","+40 258 842 200","-","-","-","-","-","-",,,"0","0","0","4","0","0000-00-00 00:00:00"
"3302","1",,"CORIANDER SEEDS GLOBAL DATA","IMPORTER","KINGS FOODS PVT LTD","146, Uda Industrial Estate, Katuwana Road, Homagama, Colombo 10200, Sri Lanka","206","0","0","+94 11 2580321, +94 11 2582392, +94 11 2508378",,,,,,,"-",,,"0","0","0","4","0","0000-00-00 00:00:00"
"3303","1",,"CORIANDER SEEDS GLOBAL DATA","IMPORTER","SANMIK FOOD PVT LTD","1D, Nalapaha, Divulapitiya, Western Province, Sri Lanka","206","0","0","+94 33 223 3020",,"info@sanmikfood.com",,,,,"-",,,"0","0","0","4","0","0000-00-00 00:00:00"
"3304","1",,"CORIANDER SEEDS GLOBAL DATA","IMPORTER","LOMAN BV","Koelerweg 12, 7217 SR Harfsen, Netherlands","21","0","0","+31 6 16 68 00 00",,"info@loman.nl",,,,,"-",,,"0","0","0","4","0","0000-00-00 00:00:00"
"3305","1",,"CORIANDER SEEDS GLOBAL DATA","IMPORTER","K A PURCHASE MANAGER ELLAWALA HORTICULTURE PVT LIMITED","Rajarata Farm, Dambewatana, Galkiriyagama, Sri Lanka","206","0","0","+94 252 225 221",,"ellawala.horticulture@gmail.com",,,,,"-",,,"0","0","0","4","0","0000-00-00 00:00:00"
"3306","1",,"CORIANDER SEEDS GLOBAL DATA","IMPORTER","LLC City Supermarket","Michurinskiy Prospekt, 16, Moscow, Russia, 119192","181","0","0","+79032129710",,,,,,,"-",,,"0","0","0","4","0","0000-00-00 00:00:00"
"3307","1",,"CORIANDER SEEDS GLOBAL DATA","IMPORTER","K A PURCHASE MANAGER ESWARAN BROTHERS EXPORTS PVT LIMITED","No. 104/11, Grandpass Road, Colombo 14, Sri Lanka","206","0","0","+94 11 249 796",,"prasad@eswaran.com",,,,,"-",,,"0","0","0","4","0","0000-00-00 00:00:00"
"3308","1",,"CORIANDER SEEDS GLOBAL DATA","IMPORTER","TOMA SEED CO","Savar Nama Bazar, Savar, Dhaka-1340, Bangladesh","18","0","0","+88 01845878384, +88 01834917931",,"dorlovtushar@gmail.com",,,,,"-",,,"0","0","0","4","0","0000-00-00 00:00:00"
"3309","1",,"CORIANDER SEEDS GLOBAL DATA","IMPORTER","HIMU SEED CO",,"18","0","0",,,,,,,,"-",,,"0","0","0","4","0","0000-00-00 00:00:00"
"3310","1",,"CORIANDER SEEDS GLOBAL DATA","IMPORTER","P C SEED IMPORT EIRL","Jr. Aymaras Coo. los Chancas de Andahuayla No. 274, Lima, Lima, Peru","172","0","0","+51 980 409 132",,,,,,,"-",,,"0","0","0","4","0","0000-00-00 00:00:00"
"3311","1",,"CORIANDER SEEDS GLOBAL DATA","IMPORTER","KALOSPICE NIGERIA LIMITED","9 Patrick Agbo Close, Trans Amadi Industrial Layout, Port Harcourt, Rivers State, Nigeria","160","0","0","+234 808 778 7133",,"info@kalospice.com",,,,,"-",,,"0","0","0","4","0","0000-00-00 00:00:00"
"3312","1",,"CORIANDER SEEDS GLOBAL DATA","IMPORTER","SHOPRITE GHANA PTY LTD",,"83","0","0",,,,,,,,"-",,,"0","0","0","4","0","0000-00-00 00:00:00"
"3313","1",,"CORIANDER SEEDS GLOBAL DATA","IMPORTER","ABDUL RAHIM MUNIRA",,"83","0","0",,,,,,,,"-",,,"0","0","0","4","0","0000-00-00 00:00:00"
"3314","1",,"CORIANDER SEEDS GLOBAL DATA","IMPORTER","BOYSEN J B WHOLESALES AND RETAIL CC","ERF 863, 14 Brucken St, Swakopmund, Erongo, 9000, Namibia","151","0","0","+264 81 607 0674",,,,,,,"-",,,"0","0","0","4","0","0000-00-00 00:00:00"
"3315","1",,"CORIANDER SEEDS GLOBAL DATA","IMPORTER","TM KASSIM Ltd","Kigali City, Nyarugenge, Nyarugenge, Rwanda","182","0","0",,,,,,,,"-",,,"0","0","0","4","0","0000-00-00 00:00:00"
"3316","1",,"CORIANDER SEEDS GLOBAL DATA","IMPORTER","BIZIMANA SHEMA",,"182","0","0",,,,,,,,"-",,,"0","0","0","4","0","0000-00-00 00:00:00"
"3317","1",,"CORIANDER SEEDS GLOBAL DATA","IMPORTER","SKT TRADERS PVT LTD","Colombo Road, Wanduragala, Kurunegala, Sri Lanka","206","0","0","+94 37 222 6220",,,,,,,"-",,,"0","0","0","4","0","0000-00-00 00:00:00"
"3318","1",,"CORIANDER SEEDS GLOBAL DATA","IMPORTER","SURTIDORA ABARROTERA S A DE C V","Zona No.1, Bodega No. 5, Nave No. 2, BGA E-33, 09040 Mexico, CIUDAD DE MEXICO","142","0","0","+52 55 5694 4943",,,,,,,"-",,,"0","0","0","4","0","0000-00-00 00:00:00"
"3319","1",,"CORIANDER SEEDS GLOBAL DATA","IMPORTER","PT INDO BISNIS INTERNATIONAL","Citicon Tower 11E, Jl. Letjen S. Parman No.Kav 72, RT.4/RW.3, Slipi, Jakarta, Kota Jakarta Barat, Daerah Khusus Ibukota Jakarta 11410, Indonesia","102","0","0","+622156944931","+62 851 8600 8988","bisnis.exports@gmail.com","http://desiccatedcoconut.id/","-","-","-","--",,,"0","0","86","4","0","0000-00-00 00:00:00"
"3320","1",,"CORIANDER SEEDS GLOBAL DATA","IMPORTER","LIMANN ONE LLC FZ",,"166","0","0",,,,,,,,"-",,,"0","0","0","4","0","0000-00-00 00:00:00"
"3321","1",,"CORIANDER SEEDS GLOBAL DATA","IMPORTER","SUPA SURYA NIAGA","Pergudangan Sinar Gedangan C8-9, Gemurung, Gedangan, Sidoarjo 61254, East Java, Indonesia","102","0","0","+62 31 8014648",,"info@supasurya.com",,,,,"-",,,"0","0","0","4","0","0000-00-00 00:00:00"
"3322","1",,"CORIANDER SEEDS GLOBAL DATA","IMPORTER","LUCKY INTERCOCO","Komp. Emerald Garden A-6, Silalas, Medan Barat, Kota Medan, Sumatera Utara 20235, Indonesia","102","0","0","+62 811 630 932",,"info@luckyintercoco.com",,,,,"-",,,"0","0","0","4","0","0000-00-00 00:00:00"
"3323","1",,"CORIANDER SEEDS GLOBAL DATA","IMPORTER","AGRINDO ANUGRAH ALAMRAYA","Jl. Letkol Martinus Lubis No. 17-D, Medan, Sumatera Utara 20212, Indonesia","102","0","0","+62 61 456 3046","-","agrindoanugrahalamraya@gmail.com","-","MARIO","-","+62 895-2881-8216","--",,,"0","0","0","4","0","0000-00-00 00:00:00"
"3324","1",,"CORIANDER SEEDS GLOBAL DATA","IMPORTER","PT BINTANG TSURAYYA SAKTI","Jl. KL Yos Sudarso No.989 A, Medan, Sumatera Utara 20212, Indonesia","102","0","0","-","-","-","-","-","-","-","-",,,"0","0","32","4","0","0000-00-00 00:00:00"
"3325","1",,"CORIANDER SEEDS GLOBAL DATA","IMPORTER","UMER ENTERPRISES","1st Floor, Walayat Plaza, Near Rehmanabad Metro Bus Station, Block A, Satellite Town, 6th Road, Rawalpindi, 46000, Pakistan","166","0","0","+92332-5031099 (Primary), +92345-5187254 (Secondar",,,"m.umerenterprises@yahoo.com",,,,"-",,,"0","0","0","4","0","0000-00-00 00:00:00"
"3326","1",,"CORIANDER SEEDS GLOBAL DATA","IMPORTER","IMTIAZ GROUP SMC PRIVATE LIMITED","7th Floor, Prestige Trade Center, Main Shaheed-e-Millat Road, Karachi, Sindh, 75600, Pakistan","166","0","0","+92 021-111-468-429",,"hello@imtiaz.com.pk",,,,,"-",,,"0","0","0","4","0","0000-00-00 00:00:00"
"3327","1",,"CORIANDER SEEDS GLOBAL DATA","IMPORTER","AGT FOODS INDIA PRIVATE LIMITED","Santosh Pulse Mill, G1, GR, Dabhoi, Vadodara, Gujarat 391110, India","101","0","0","+91 22 61 470 470","-","info@alliancegrain.in","-","Ajay Jain( Director)","-","+91 98700 14440","-",,,"0","0","86","4","0","0000-00-00 00:00:00"
"3328","1",,"CORIANDER SEEDS GLOBAL DATA","IMPORTER","DIN DAYAL AND SONS","143/3, Gadodia Market, Khari Baoli, Delhi - 110006, India","101","0","0","+91 11 4343 4088","-","-","info@dindayalandsons.com, accounts@dindayalandsons.com","-","-","-","-",,,"0","0","0","4","0","0000-00-00 00:00:00"
"3329","1",,"CORIANDER SEEDS GLOBAL DATA","IMPORTER","Farmer Vegetable Seeds Co","Relve Kvar?ar, 1 Dinanath Road, Central Delhi, Delhi 110007","101","0","0","096503 91860",,,,,,,"-",,,"0","0","0","4","0","0000-00-00 00:00:00"
"3330","1",,"CORIANDER SEEDS GLOBAL DATA","IMPORTER","Suman Exports","Krishna Mill Compound, Opposite Golai Gate, Unjha - 384170, Gujarat, India","101","0","0","+91 7897188308",,,"spices@sumanexport.in",,,,"-",,,"0","0","0","4","0","0000-00-00 00:00:00"
"3331","1",,"CORIANDER SEEDS GLOBAL DATA","IMPORTER","SHRI SHYAM OVERSEAS","O-36, Industrial Area, Behind Old Court, Panipat, Haryana 132103, India","101","0","0","+91 8221900045","-","-","office@shyamoverseas.in","-","-","-","--",,,"0","0","86","4","0","0000-00-00 00:00:00"
"3332","1",,"CORIANDER SEEDS GLOBAL DATA","IMPORTER","DHARTI AGRO INDUSTRIES","Dharti Gate, Survey No. 35, Plot No. 6, N.H. 8B Rajkot-Gondal Highway, Shapar (Veraval), Rajkot - 360024, Gujarat, India","101","0","0","+91-8046057905, 0712‑272 6148","-","-","info@dhartiagro.net","-","-","-","-",,,"0","0","0","4","0","0000-00-00 00:00:00"
"3333","1",,"CORIANDER SEEDS GLOBAL DATA","IMPORTER","SIDDHARTH OVERSEAS","D-215, 2nd Floor, Abhishek Estate - 1, Haripur, Asarwa, Ahmedabad, Gujarat - 380016, India","101","0","0","+91 94260 87415","-","-","siddhdhariwal@gmail.com","-","-","-","--",,,"0","0","86","4","0","0000-00-00 00:00:00"
"3334","1",,"CORIANDER SEEDS GLOBAL DATA","IMPORTER","GS EXPORTS","Plot No. C-167, MIDC TTC Industrial Area, Pawane, Navi Mumbai, Maharashtra 400703, India","101","0","0","+91 22 20879212, +91 22 879212","+91‑22‑2087 9212, +91‑22‑2087 8211","admin@gsexpo.in","info@gsexports.net","-","-","-","-",,,"0","0","86","4","0","0000-00-00 00:00:00"
"3335","1",,"CORIANDER SEEDS GLOBAL DATA","IMPORTER","ADANI FOOD PRODUCTS PVT LTD","Plot No E 6&7, B Road, Kalawad Road, Rajkot, Gujarat 360021, India","101","0","0","+91 281 246 4365","-","-","kapil.rathore@adanispices.com","-","-","-","-",,,"0","0","86","4","0","0000-00-00 00:00:00"
"3336","1",,"CORIANDER SEEDS GLOBAL DATA","IMPORTER","KRD AGRO TRADING COMPANY","A-1/125, First Floor, Hastsal Road, Uttam Nagar, New Delhi, Delhi 110059, India","101","0","0","+91 80622 45424",,,"info@krdagrotrading.com (based on similar company patterns)",,,,"-",,,"0","0","0","4","0","0000-00-00 00:00:00"
"3337","1",,"CORIANDER SEEDS GLOBAL DATA","IMPORTER","GAJANAND FOODS PVT LTD","Plot No: 814, Near Prima 2, Kothari Cross Road, Santej, Tal. Kalol, Dist. Gandhinagar, Gujarat - 382721, India","101","0","0","+91-2764-286021/22/23"," + 91 93167 21634 • + 91 98250 25405 ","-","info@gajanand.com, sales@gajanand.com, exports@gajanand.com, hr@gajanand.com","-","export@gajanand.com, sales@gajanand.com","-","-",,,"0","0","86","4","0","0000-00-00 00:00:00"
"3338","1",,"CORIANDER SEEDS GLOBAL DATA","IMPORTER","DHESI PRODUCTS INDIA","Kapurthala, Punjab, India","101","0","0","+91 7762 225002","-","-","info@dhesi.com","-","-","-","-",,,"0","0","86","4","0","0000-00-00 00:00:00"
"3339","1",,"CORIANDER SEEDS GLOBAL DATA","IMPORTER","Sheetal Seeds","Infront of Siddh Baba Mandir, Girwai Naka A.B. Road, Gwalior-474001, Madhya Pradesh, India","101","0","0","+91 75129 20681, +91 98264 192128, +91 88711 54609",,,"info@sheetalindustries.in, customercare@sheetalindustries.in",,,,"-",,,"0","0","0","4","0","0000-00-00 00:00:00"
"3340","1",,"CORIANDER SEEDS GLOBAL DATA","IMPORTER","SWISS SINGAPORE INDIA PRIVATE LIMIT","A-1, Aditya Birla Centre, S. K. Ahire Marg, Worli, Mumbai, Maharashtra 400025, India","101","0","0","+91 22 6610 3173, 91‑22‑6652‑5000","-","-","ajayraj.acharya@ssiplglobal.com","-","-","-","-",,,"0","0","0","4","0","0000-00-00 00:00:00"
"3341","1",,"CORIANDER SEEDS GLOBAL DATA","IMPORTER","AMBIKA SEED COMPANY","Shop No 3, Indra Market, Old Subzi Mandi, Delhi 110007, India","101","0","0","011‑2382 5050, 011‑2382 0147","+91 9313740707","--","-","Mr. Som Nath Taneja","tanejaseed@yahoo.com","-","--",,,"0","0","0","4","0","0000-00-00 00:00:00"
"3342","1",,"CORIANDER SEEDS GLOBAL DATA","IMPORTER","Team Seeds Pvt Ltd","Dabwali Road, Sirsa, Haryana 125055, India","101","0","0","+91 90176-30088",,,"teamseeds@teamseeds.com",,,,"-",,,"0","0","0","4","0","0000-00-00 00:00:00"
"3343","1",,"CORIANDER SEEDS GLOBAL DATA","IMPORTER","MSN AGRO SEEDS PVT LTD","UG-7, Lusa Tower, Commercial Complex, Azadpur, Delhi - 110033, India","101","0","0","+91-11-27681458, +91-11-32981458","-","msn_agroseeds@hotmail.com , msn_agroseeds@mail.com","msn_agroseeds@hotmail.com","-","-","-","--",,,"0","0","0","4","0","0000-00-00 00:00:00"
"3344","1",,"CORIANDER SEEDS GLOBAL DATA","IMPORTER","Ozias Industries Pvt Ltd","I-401, Orchide Ventura, Near L.P. Savani School, Surat, Gujarat 395009, India","101","0","0","+91 87993 14745",,,"info@oziasindustries.com",,,,"-",,,"0","0","0","4","0","0000-00-00 00:00:00"
"3345","1",,"CORIANDER SEEDS GLOBAL DATA","IMPORTER","Thakker Mercantile Pvt Ltd","H-20, A.P.M.C. Market-I, Mudi-Bazar Sector-19, Vashi, Navi Mumbai, Maharashtra, India - 400703","101","0","0","+91 9137 664756",,,"info@thakkermercantile.in",,,,"-",,,"0","0","0","4","0","0000-00-00 00:00:00"
"3346","1",,"CORIANDER SEEDS GLOBAL DATA","IMPORTER","STEINWEG SHARAF INDIA PVT LTD","106, Technopolis Knowledge Park, Mahakali Caves Road, Chakala, Andheri (E), Mumbai, Maharashtra 400093, India","101","0","0","+91 22 66775000","-","-","mumbai@in.steinweg.com","-","-","-","--",,,"0","0","86","4","0","0000-00-00 00:00:00"
"3347","1",,"CORIANDER SEEDS GLOBAL DATA","IMPORTER","ABEYGUNASEKERA HOLDINGS PVT LTD",,"206","0","0",,,,,,,,"-",,,"0","0","0","4","0","0000-00-00 00:00:00"
"3348","1",,"CORIANDER SEEDS GLOBAL DATA","IMPORTER","WMK FOOD TRADING LIMITED","Unit 6, 9 Raupo Street, Christchurch 8062, New Zealand","157","0","0",,,,,,,,"-",,,"0","0","0","4","0","0000-00-00 00:00:00"
"3349","1",,"CORIANDER SEEDS GLOBAL DATA","IMPORTER","JAY MA BHUWANESHWARI TRADING",,"153","0","0",,,,,,,,"-",,,"0","0","0","4","0","0000-00-00 00:00:00"
"3350","1",,"CORIANDER SEEDS GLOBAL DATA","IMPORTER","R K Stars Ltd","11 Twickenham Place, Nawton, Hamilton 3200, New Zealand","157","0","0",,,,,,,,"-",,,"0","0","0","4","0","0000-00-00 00:00:00"
"3351","1",,"CORIANDER SEEDS GLOBAL DATA","IMPORTER","WOODLANDS COMPANY","11 4th Cross St, Colombo 01100, Sri Lanka","206","0","0","+94 11 123 2578",,,,,,,"-",,,"0","0","0","4","0","0000-00-00 00:00:00"
"3352","1",,"CORIANDER SEEDS GLOBAL DATA","IMPORTER","SHREE MATANGI LTD",,"113","0","0",,,,,,,,"-",,,"0","0","0","4","0","0000-00-00 00:00:00"
"3353","1",,"CORIANDER SEEDS GLOBAL DATA","IMPORTER","RAHUT TSHONGKANG CHANGMARIBHUTAN","Changmari, Bhutan","25","0","0","+975-5-77654846",,,,,,,"-",,,"0","0","0","4","0","0000-00-00 00:00:00"
"3354","1",,"CORIANDER SEEDS GLOBAL DATA","IMPORTER","JAY PRAKASH PRASAD","RING ROAD, Samtse, Bhutan","25","0","0","+975-77-35-93-33",,,,,,,"-",,,"0","0","0","4","0","0000-00-00 00:00:00"
"3355","1",,"CORIANDER SEEDS GLOBAL DATA","IMPORTER","H E S BHD",,"132","0","0",,,,,,,,"-",,,"0","0","0","4","0","0000-00-00 00:00:00"
"3356","1",,"CORIANDER SEEDS GLOBAL DATA","IMPORTER","LAL SONS","No. 41, Edward Lane, R. A. De Mel Mawatha, Colombo-03, Sri Lanka","206","0","0","+94 11 2502532, +94 11 2590404, +94 11 2592163",,"mktinfo@lal.lk",,,,,"-",,,"0","0","0","4","0","0000-00-00 00:00:00"
"3357","1",,"CORIANDER SEEDS GLOBAL DATA","IMPORTER","EQUICS PVT LTD","H. Meedhoo, Finihiyaa Goalhi, Henveiru, Male, North Central Province","133","0","0","+960 3314651",,"hr@equics.mv or business@equics.mv",,,,,"-",,,"0","0","0","4","0","0000-00-00 00:00:00"
"3358","1",,"CORIANDER SEEDS GLOBAL DATA","IMPORTER","NBCL JAPAN","3-10-43, Minami-Aoyama, Minato-Ku, Tokyo, 107-0062, Japan","109","0","0","+81 90 1479 4175",,"cv@nbcjapan.com",,,,,"-",,,"0","0","0","4","0","0000-00-00 00:00:00"
"3359","1",,"CORIANDER SEEDS GLOBAL DATA","IMPORTER","S K T TRADERS PRIVATE LIMITED","Colombo Road, Wanduragala, Kurunegala, Sri Lanka","206","0","0","+94 37 222 6220",,,,,,,"-",,,"0","0","0","4","0","0000-00-00 00:00:00"
"3360","1",,"CORIANDER SEEDS GLOBAL DATA","IMPORTER","Hi Brite Enterprises Pvt Ltd","H.Aage Building Boduthakurufaanu Magu, Mal?, Maldives","133","0","0","+960 332-4281 / +960 776-3467",,"admin@hi-brite.com.mv",,,,,"-",,,"0","0","0","4","0","0000-00-00 00:00:00"
"3361","1",,"CORIANDER SEEDS GLOBAL DATA","IMPORTER","SL JAPAN COMPANY LIMITED","3-66-7 Sakae, Misato, Saitama JAPAN 341-0043","109","0","0","+81-48-949-3939",,"info@sljapan.co.jp",,,,,"-",,,"0","0","0","4","0","0000-00-00 00:00:00"
"3362","1",,"CORIANDER SEEDS GLOBAL DATA","IMPORTER","MOHIT SPICES AND FOOD PRODUCT PVT LTD","Kathmandu Metropolitan City 16, Kathmandu, Bagmati, Nepal","153","0","0",,,,,,,,"-",,,"0","0","0","4","0","0000-00-00 00:00:00"
"3363","1",,"CORIANDER SEEDS GLOBAL DATA","IMPORTER","MJ MART NZ LTD","372 Redoubt Road, Totara Park, Auckland 2019, New Zealand","157","0","0",,,,,,,,"-",,,"0","0","0","4","0","0000-00-00 00:00:00"
"3364","1",,"CORIANDER SEEDS GLOBAL DATA","IMPORTER","PRIME HARVEST PVT LTD","Ma. Ma.Maliku View, MALE, Male, 20194","133","0","0","+960 300-1878",,"info@primemaldives.com",,,,,"-",,,"0","0","0","4","0","0000-00-00 00:00:00"
"3365","1",,"CORIANDER SEEDS GLOBAL DATA","IMPORTER","ERRA",,"38","0","0",,,,,,,,"-",,,"0","0","0","4","0","0000-00-00 00:00:00"
"3366","1",,"CORIANDER SEEDS GLOBAL DATA","IMPORTER","F K FOODS PVT LTD",": 89 4th Cross Street, Colombo 11, Sri Lanka","206","0","0","+94 11 258 2392",,,,,,,"-",,,"0","0","0","4","0","0000-00-00 00:00:00"
"3367","1",,"CORIANDER SEEDS GLOBAL DATA","IMPORTER","AKASH INTERNATIONAL CO LTD","3-2-18 Shizunai Yamate-cho, Shinhidaka-cho, Hidaka-gun, Hokkaido, 0560024, Japan","109","0","0",,,,,,,,"-",,,"0","0","0","4","0","0000-00-00 00:00:00"
"3368","1",,"CORIANDER SEEDS GLOBAL DATA","IMPORTER","F S TRADERS PVT LTD","No. C-2-7, Dedicated Economic Centre, Dambulla, Sri Lanka","206","0","0","+94 662 284203",,,,,,,"-",,,"0","0","0","4","0","0000-00-00 00:00:00"
"3369","1",,"CORIANDER SEEDS GLOBAL DATA","IMPORTER","BRAMPTON CASH AND CARRY","100 Kennedy Rd S, Brampton, ON L6W 3E7, Canada","38","0","0","+19052304800",,,,,,,"-",,,"0","0","0","4","0","0000-00-00 00:00:00"
"3370","1",,"CORIANDER SEEDS GLOBAL DATA","IMPORTER","KS",,"132","0","0",,,,,,,,"-",,,"0","0","0","4","0","0000-00-00 00:00:00"
"3371","1",,"CORIANDER SEEDS GLOBAL DATA","IMPORTER","MS SUN TRADERS KALUPUR SHIBGANJCHAPAINAWABGANJ","Kalupur, Shibganj, Chapainawabganj, Bangladesh","18","0","0",,,,,,,,"-",,,"0","0","0","4","0","0000-00-00 00:00:00"
"3372","1",,"CORIANDER SEEDS GLOBAL DATA","IMPORTER","QUALITY INTERNATIONAL FOODS LTD","218 Wilkinson Rd #3, Brampton, ON L6T 4M4, Canada","38","0","0","+19054573600",,,"http://qif.ca/",,,,"-",,,"0","0","0","4","0","0000-00-00 00:00:00"
"3373","1",,"CORIANDER SEEDS GLOBAL DATA","IMPORTER","Sampath Bank Ltd","No. 117 Barnes Ratwatta Mawatha, Balangoda, Sri Lanka","206","0","0","+94 23 222 2222",,"info@sampath.lk",,,,,"-",,,"0","0","0","4","0","0000-00-00 00:00:00"
"3374","1",,"CORIANDER SEEDS GLOBAL DATA","IMPORTER","ALM TRADING PVT LTD","H. Aage, Boduthakurufaanu Magu, Male, Maldives","133","0","0","+960 333-9992",,,,,,,"-",,,"0","0","0","4","0","0000-00-00 00:00:00"
"3375","1",,"CORIANDER SEEDS GLOBAL DATA","IMPORTER","SENORA PVT LTD","No. 121, 5th Cross Street, Colombo 11, Sri Lanka","206","0","0",,,,,,,,"-",,,"0","0","0","4","0","0000-00-00 00:00:00"
"3376","1",,"CORIANDER SEEDS GLOBAL DATA","IMPORTER","KALPATARU PROJECTS INTERNATION AL LTD","6th Floor, Maldives Post Building, 20026, Boduthakurufaanu Magu, Mal?, Republic of Maldives","133","0","0","+960 331 3244",,"info@fdc.mv",,,,,"-",,,"0","0","0","4","0","0000-00-00 00:00:00"
"3377","1",,"CORIANDER SEEDS GLOBAL DATA","IMPORTER","M SONSHORE CONSTRUCTION FZE","Lekki 105101, Lagos, Nigeria","160","0","0","+2348157357895",,,,,,,"-",,,"0","0","0","4","0","0000-00-00 00:00:00"
"3378","1",,"CORIANDER SEEDS GLOBAL DATA","IMPORTER","SCA LANKA PVT LTD","36/29/1/1, Sethsiri Uyana, Kristuraja Mawatha, Hendala, Wattala, Sri Lanka","206","0","0",,,,,,,,"-",,,"0","0","0","4","0","0000-00-00 00:00:00"
"3379","1",,"CORIANDER SEEDS GLOBAL DATA","IMPORTER","1153927 B C LIMITED","New Westminster, British Columbia, V3M 7A7","38","0","0",,,,,,,,"-",,,"0","0","0","4","0","0000-00-00 00:00:00"
"3380","1",,"CORIANDER SEEDS GLOBAL DATA","IMPORTER","GOLD STAR IMPEX PVT LTD","No. 117/C, Airport Road, Kandana, Sri Lanka","206","0","0","+94 712 282 845",,,,,,,"-",,,"0","0","0","4","0","0000-00-00 00:00:00"
"3381","1",,"CORIANDER SEEDS GLOBAL DATA","IMPORTER","PALLIGODA TRADING COMPANY PVT LTD","No. 57, Old Moor Street, Colombo 12, Sri Lanka","206","0","0","+94 11 293 0962",,,,,,,"-",,,"0","0","0","4","0","0000-00-00 00:00:00"
"3382","1",,"CORIANDER SEEDS GLOBAL DATA","IMPORTER","The Hong Kong and Shanghai Banking Corporation Ltd",,"98","0","0",,,,,,,,"-",,,"0","0","0","4","0","0000-00-00 00:00:00"
"3383","1",,"CORIANDER SEEDS GLOBAL DATA","IMPORTER","Fais Mart","Daisy Magu Street, Addu City, Maldives","133","0","0","+960 779-1715",,,,,,,"-",,,"0","0","0","4","0","0000-00-00 00:00:00"
"3384","1",,"CORIANDER SEEDS GLOBAL DATA","IMPORTER","Amizhdam Trading","765 Block 318 Street 1809, Manama, Al Asimah, Bahrain","17","0","0","+973 3343 0808 / +973 7794 0808",,"amizhdamtrading@gmail.com",,,,,"-",,,"0","0","0","4","0","0000-00-00 00:00:00"
"3385","1",,"CORIANDER SEEDS GLOBAL DATA","IMPORTER","SRRI EASWARI MILLS SDN","No 15, Jalan Anggerik Mokara, 31/62, Kota Kemuning, 40460 Shah Alam, Selangor, Malaysia","132","0","0","+603-5122 1505",,,,,,,"-",,,"0","0","0","4","0","0000-00-00 00:00:00"
"3386","1",,"CORIANDER SEEDS GLOBAL DATA","IMPORTER","SHUWAIKH",,"117","0","0",,,,,,,,"-",,,"0","0","0","4","0","0000-00-00 00:00:00"
"3387","1",,"CORIANDER SEEDS GLOBAL DATA","IMPORTER","FG QATAR","Al Jazeera Tower, Doha, Qatar","178","0","0","+974 3045 1451",,"csr@fgrealty.qa",,,,,"-",,,"0","0","0","4","0","0000-00-00 00:00:00"
"3388","1",,"CORIANDER SEEDS GLOBAL DATA","IMPORTER","S M A AZEEZ BROTHERS PVT LTD 15 MAIN STREET BANDARAWELLA SRI LANKA Tel Fax Email","No. 15 Main Street, Bandarawela, Sri Lanka","206","0","0","+94 11 5741924, +94 11 57 2222134, +94 11 57 22326",,,,,,,"-",,,"0","0","0","4","0","0000-00-00 00:00:00"
"3389","1",,"CORIANDER SEEDS GLOBAL DATA","IMPORTER","ORIENT FROZEN FOOD","Calle Telers 12, 46870 Ontinyent, Valencia, Spain","205","0","0","-","-","-","https://orientalfoodandveg.wixsite.com/my-site","-","-","-","-",,,"0","0","0","4","0","0000-00-00 00:00:00"
"3390","1",,"CORIANDER SEEDS GLOBAL DATA","IMPORTER","VINITA CASH CARRY SL","-","205","0","0","-","-","-","-","-","-","-","-",,,"0","0","86","4","0","0000-00-00 00:00:00"
"3391","1",,"CORIANDER SEEDS GLOBAL DATA","IMPORTER","ELEPHANT TRADE SERVICES LIMITED","Flat 3, 16 Wentworth Avenue, Papatoetoe, Auckland 2025, New Zealand","157","0","0",,,,,,,,"-",,,"0","0","0","4","0","0000-00-00 00:00:00"
"3392","1",,"CORIANDER SEEDS GLOBAL DATA","IMPORTER","Nesto Hypermarket Company WLL","Radi Mutlaq Al Aweed Building No. 28, Block 1, Farwaniya, Kuwait","117","0","0","+965 2 4718025 or +965 2 4718028",,"nestokuwait@gmail.com",,,,,"-",,,"0","0","0","4","0","0000-00-00 00:00:00"
"3393","1",,"CORIANDER SEEDS GLOBAL DATA","IMPORTER","OM SHRI GANESH TRADING","Adarshnagar, Birgunj, Nepal","153","0","0","+977-51-418533 / 977-51-418534",,,,,,,"-",,,"0","0","0","4","0","0000-00-00 00:00:00"
"3394","1",,"CORIANDER SEEDS GLOBAL DATA","IMPORTER","PURCHASE LOGISTICS DEPARTMENT FOOD TRAVELLERS BVOUDE HOUTLEI",,"21","0","0",,,,,,,,"-",,,"0","0","0","4","0","0000-00-00 00:00:00"
"3395","1",,"CORIANDER SEEDS GLOBAL DATA","IMPORTER","MUDUVAALI M RANKA ORCHID MAGUMAAFANNU","Orchid Magu, Mal?, 20255, Maldives","133","0","0","+960 330-2923",,,,,,,"-",,,"0","0","0","4","0","0000-00-00 00:00:00"
"3396","1",,"CORIANDER SEEDS GLOBAL DATA","IMPORTER","BIKASH MASALA UDYOG BIRGUNJ PARSA BIRJUNJ","Dharambandh Road, Birgunj, Parsa, Nepal","153","0","0","+977 - 21-415245 / +977 9852026020",,"info@bkmasala.com.np / order@bkmasala.com.np",,,,,"-",,,"0","0","0","4","0","0000-00-00 00:00:00"
"3397","1",,"CORIANDER SEEDS GLOBAL DATA","IMPORTER","5 CONTINENTES DELICATESSN SL","Calle Laura Grote De La Puerta (1 Transversal), 38110 Santa Cruz de Tenerife, Tenerife, Spain","205","0","0","+34922246464","-","info@5continentes.net","-","-","-","-","-",,,"0","0","86","4","0","0000-00-00 00:00:00"
"3398","1",,"CORIANDER SEEDS GLOBAL DATA","IMPORTER","TO - ORDER COLOMBO",,"133","0","0",,,,,,,,"-",,,"0","0","0","4","0","0000-00-00 00:00:00"
"3399","1",,"CORIANDER SEEDS GLOBAL DATA","IMPORTER","MAISON THIERCELIN SL","Rambla del Soton, 22280 Gurrea de Gallego, Huesca, Spain","205","0","0","+34 637 711 782","`","contact@thiercelin.com","-","`","`","`","-",,,"0","0","86","4","0","0000-00-00 00:00:00"
"3400","1",,"CORIANDER SEEDS GLOBAL DATA","IMPORTER","RELIANCE S SOLUTIONS LIMITED","Building No 58, Kololo Road, Bowker Blvd, Juba, South Sudan","204","0","0","+211 911 080 823 / +211 911 336 464 / +211 911 060",,"info@rbsbev.com",,,,,"-",,,"0","0","0","4","0","0000-00-00 00:00:00"
"3401","1",,"CORIANDER SEEDS GLOBAL DATA","IMPORTER","MSAhmed Ar Bin Afif Trading Co Ltd","Al Suhaili Building, 4th Floor, Room 403, Al Andalus Street, Behind Arab National Bank, PO Box 3632, Jeddah, Makkah Al Mukkaramah, 21481 Saudi Arabia","191","0","0","+966 12 6369240",,,,,,,"-",,,"0","0","0","4","0","0000-00-00 00:00:00"
"3402","1",,"CORIANDER SEEDS GLOBAL DATA","IMPORTER","B P BANGLADESH",,"18","0","0","+8801935516741",,,,,,,"-",,,"0","0","0","4","0","0000-00-00 00:00:00"
"3403","1",,"CORIANDER SEEDS GLOBAL DATA","IMPORTER","LEE GAIK KHUAN COFFEE POWDER FLOUR MILL SDN BHD","No. 1261, Permatang Pauh, Seberang Perai, 13500 Permatang Pauh, Penang, Malaysia","132","0","0","+604-390 1121","-","-","-","-","-","-","--",,,"0","0","29","4","0","0000-00-00 00:00:00"
"3404","1",,"CORIANDER SEEDS GLOBAL DATA","IMPORTER","THE FIRST INTERNATIONAL BANK","Rothschild Blvd. 42, Tel Aviv, 6305021, Israel","106","0","0","+972 351 961 111",,,,,,,"-",,,"0","0","0","4","0","0000-00-00 00:00:00"
"3405","1",,"CORIANDER SEEDS GLOBAL DATA","IMPORTER","PORT KLANG-MALAYSIA","Mail Bag Service 202, Jalan Pelabuhan Utara, 42005 Port Klang, Selangor, Malaysia","132","0","0","+60 3168 8211",,,,,,,"-",,,"0","0","0","4","0","0000-00-00 00:00:00"
"3407","1",,"CORIANDER SEEDS GLOBAL DATA","IMPORTER","MMK Spices Sdn Bhd","Plot 130B, Lorong Perindustrian Bukit Minyak 11, Kawasan Perindustrian Bukit Minyak, 14100 Simpang Ampat, Pulau Pinang, Malaysia","132","0","0","+604-501 6500",,"mmkspices@hotmail.com",,,,,"-",,,"0","0","0","4","0","0000-00-00 00:00:00"
"3408","1",,"CORIANDER SEEDS GLOBAL DATA","IMPORTER","Linea Verde Alimentos Ltda","Rodovia, BR-116, 4590 - Bacacheri, Curitiba - PR, 82590-200, Brazil","30","0","0","+554130295478",,,"https://lineaverde.com.br/",,,,"-",,,"0","0","0","4","0","0000-00-00 00:00:00"
"3409","1",,"CORIANDER SEEDS GLOBAL DATA","IMPORTER","Al Salwa Brothers Trading Co Ltd","Al Suhaili Bldg#2, 4th Floor, Room#403 Al Andalus Street, Behind Arab National Bank, Jeddah, Saudi Arabia, Sa, Saudi Arabia ","191","0","0",,,,,,,,"-",,,"0","0","0","4","0","0000-00-00 00:00:00"
"3410","1",,"CORIANDER SEEDS GLOBAL DATA","IMPORTER","ENGINEERING CONSULTANCY AND SURVEY ACTIVITIES",,"204","0","0",,,,,,,,"-",,,"0","0","0","4","0","0000-00-00 00:00:00"
"3411","1",,"CORIANDER SEEDS GLOBAL DATA","IMPORTER","SANTHA STORE FLOUR MILL SDN BHD","Lot 1564, Batu 6, Jalan Jelebu, P. O. Box 229, 70720 Seremban, Negeri Sembilan, Malaysia","132","0","0","+606-762 0123, +606-763 6399, +606-763 9816","-"," ssfm@santha-store.com.my, sfsm@santha-store.com.m","-","SAROJINI","-","-","--",,,"0","0","0","4","0","0000-00-00 00:00:00"
"3412","1",,"CORIANDER SEEDS GLOBAL DATA","IMPORTER","SOREX LIMITED",,"204","0","0",,,,,,,,"-",,,"0","0","0","4","0","0000-00-00 00:00:00"
"3413","1",,"CORIANDER SEEDS GLOBAL DATA","IMPORTER","MUKASE FRANCOISE",,"204","0","0",,,,,,,,"-",,,"0","0","0","4","0","0000-00-00 00:00:00"
"3414","1",,"CORIANDER SEEDS GLOBAL DATA","IMPORTER","OOO IN-IMPORT ATTENTION MR ALEX SAPEGAOFFICE","127273, Moscow, Proezd Signalnyi, 16 str. 20, Moscow, Russia","181","0","0",,,,,,,,"-",,,"0","0","0","4","0","0000-00-00 00:00:00"
"3415","1",,"CORIANDER SEEDS GLOBAL DATA","IMPORTER","NIYONSENGA ALBERT","6F5Q+42J, Turalei, Annet Gok, Mana Road, Turalei, South Sudan","204","0","0","+211928621256",,"albert-ngabo.niyonsenga@mail.mcgill.ca.",,,,,"-",,,"0","0","0","4","0","0000-00-00 00:00:00"
"3416","1",,"CORIANDER SEEDS GLOBAL DATA","IMPORTER","PROSPERITY GENERAL SUPPLY LIMITED","Opp American Embassy, along Pope Francis Road, Juba, South Sudan","204","0","0",,,,,,,,"-",,,"0","0","0","4","0","0000-00-00 00:00:00"
"3417","1",,"CORIANDER SEEDS GLOBAL DATA","IMPORTER","B2B FOOD STUFF CO WLL",,"117","0","0","(+965) 94062060, (+965) 94062072, (+965) 99315265,",,"info@b2bfoods.com",,,,,"-",,,"0","0","0","4","0","0000-00-00 00:00:00"
"3418","1",,"CORIANDER SEEDS GLOBAL DATA","IMPORTER","SL TRADERS INC","Opp American Embassy, along Pope Francis Road, Juba, South Sudan","38","0","0","+12538749534",,,,,,,"-",,,"0","0","0","4","0","0000-00-00 00:00:00"
"3419","1",,"CORIANDER SEEDS GLOBAL DATA","IMPORTER","CENTRE D ACCUEIL ET DE FORMATION P MARIE",,"204","0","0",,,,,,,,"-",,,"0","0","0","4","0","0000-00-00 00:00:00"
"3420","1",,"CORIANDER SEEDS GLOBAL DATA","IMPORTER","GANESH SWEETS CANADA PVT LIMITED","2336 23 Ave NW, Edmonton, AB T6T 0R1, Canada","38","0","0","+1(780) 504-3444",,"info@ganeshsweets.ca","https://ganeshsweets.ca/",,,,"-",,,"0","0","0","4","0","0000-00-00 00:00:00"
"3421","1",,"CORIANDER SEEDS GLOBAL DATA","IMPORTER","HAN SUPPLY AND CONSULTING LIMITED","South Sudan Hotel HQs Buluk, Ministries Road, South Sudan","204","0","0","+211 927 492 995",,,,,,,"-",,,"0","0","0","4","0","0000-00-00 00:00:00"
"3422","1",,"CORIANDER SEEDS GLOBAL DATA","IMPORTER","BUSINESS AND ENTREPRENEURSHIP ANCHOR TECHNOLOGY LIMITED",,"204","0","0",,,,,,,,"-",,,"0","0","0","4","0","0000-00-00 00:00:00"
"3423","1",,"CORIANDER SEEDS GLOBAL DATA","IMPORTER","SUSWANI TRADING CO PVT LTD","Zahada Road, Biratnagar, Koshi, Nepal","153","0","0",,,,,,,,"-",,,"0","0","0","4","0","0000-00-00 00:00:00"
"3424","1",,"CORIANDER SEEDS GLOBAL DATA","IMPORTER","RUDRA FOODS PVT LIMITED",,"153","0","0",,,,,,,,"-",,,"0","0","0","4","0","0000-00-00 00:00:00"
"3425","1",,"CORIANDER SEEDS GLOBAL DATA","IMPORTER","SUNRISE SUPER FOOD INC","306 Queen St #200, Saskatoon, SK S7K 0M2, Canada","38","0","0","+13069314576",,,"http://www.sunrisefoods.com/",,,,"-",,,"0","0","0","4","0","0000-00-00 00:00:00"
"3426","1",,"CORIANDER SEEDS GLOBAL DATA","IMPORTER","AMCCMA CONSUMER GOODS WHOLESALING","Blk 29 Lot 13 Verde Heights Subdivision, San Jose del Monte City, 3023 Bulacan, Philippines","173","0","0","+639669012051",,,,,,,"-",,,"0","0","0","4","0","0000-00-00 00:00:00"
"3427","1",,"CORIANDER SEEDS GLOBAL DATA","IMPORTER","UNIVERSUM GMBH","Ul. Ks. Piotra Sciegiennego 255a, 25-116 Kielce, Poland","175","0","0","+49 40 780 890 50","-","universum@universum-blc.com.pl, info@universumgmbh","https://www.universumgmbh.com/en/","-","-","-","--",,,"0","0","86","4","0","0000-00-00 00:00:00"
"3428","1",,"CORIANDER SEEDS GLOBAL DATA","IMPORTER","LACHA COMMUNITY AND ECONOMIC DEVELOPMENT","Munuuki Block B, Plot 80 (near Saint Kizito Hospital), Juba, South Sudan","204","0","0","211 (0)955 159347",,"driuni@lachalced.org (Executive Director)",,,,,"-",,,"0","0","0","4","0","0000-00-00 00:00:00"
"3429","1",,"CORIANDER SEEDS GLOBAL DATA","IMPORTER","MS EPICES DE CRU","2222 Avenue Letourneux, Montr?al, Qu?bec, H1V 2N6","38","0","0","+1(514) 739-7071",,"info@epicesdecru.com","https://epicesdecru.com/",,,,"-",,,"0","0","0","4","0","0000-00-00 00:00:00"
"3430","1",,"CORIANDER SEEDS GLOBAL DATA","IMPORTER","TUMUSIIME HOPE",,"113","0","0",,,,,,,,"-",,,"0","0","0","4","0","0000-00-00 00:00:00"
"3431","1",,"CORIANDER SEEDS GLOBAL DATA","IMPORTER","WFAU38",,"13","0","0",,,,,,,,"-",,,"0","0","0","4","0","0000-00-00 00:00:00"
"3432","1",,"CORIANDER SEEDS GLOBAL DATA","IMPORTER","BATAMULIZA MARGRET",,"204","0","0",,,,,,,,"-",,,"0","0","0","4","0","0000-00-00 00:00:00"
"3433","1",,"CORIANDER SEEDS GLOBAL DATA","IMPORTER","BI LIMITED",,"113","0","0",,,,,,,,"-",,,"0","0","0","4","0","0000-00-00 00:00:00"
"3434","1",,"CORIANDER SEEDS GLOBAL DATA","IMPORTER","SAFFRON GRILL LTD","Mont Choisy Le Mall, Grand Baie & Parkside, Sodnac Link Road, Phoenix, Mauritius","140","0","0","+230 263 1122",,"saffrongrillmu@gmail.com",,,,,"-",,,"0","0","0","4","0","0000-00-00 00:00:00"
"3435","1",,"CORIANDER SEEDS GLOBAL DATA","IMPORTER","ISLAND SEED PVT LTD",,"133","0","0","+960777546",,,,,,,"-",,,"0","0","0","4","0","0000-00-00 00:00:00"
"3436","1",,"CORIANDER SEEDS GLOBAL DATA","IMPORTER","MONSIEUR YOUSSOUF ABCO",,"48","0","0","+269 3311322",,,,,,,"-",,,"0","0","0","4","0","0000-00-00 00:00:00"
"3437","1",,"CORIANDER SEEDS GLOBAL DATA","IMPORTER","GLOBAL SERVICE CO LTD","Skyrex 103-320, Samsan-ro 303, Nam-Gu, Ulsan, Korea. 44713","116","0","0","+82 52 710 5006",,"sales@koglos.com",,,,,"-",,,"0","0","0","4","0","0000-00-00 00:00:00"
"3438","1",,"CORIANDER SEEDS GLOBAL DATA","IMPORTER","A J IMPORT WHOLESALE ROAD OPP SUN","Road Opp Sun Resortbeau Vallon Mahe Seychelles, Seychelles","194","0","0",,,,,,,,"-",,,"0","0","0","4","0","0000-00-00 00:00:00"
"3439","1",,"CORIANDER SEEDS GLOBAL DATA","IMPORTER","INDIAN IMPORTS","132 Bis Rte de Bois de Nefles, Saint-Denis 97490, R?union","179","0","0","+262262117443",,,,,,,"-",,,"0","0","0","4","0","0000-00-00 00:00:00"
"3440","1",,"CORIANDER SEEDS GLOBAL DATA","IMPORTER","AFOO CO LTD","436HO Jungang-ro 1542, Ilsanseo-gu, Goyang-si, Gyeonggi-do, South Korea","116","0","0","82 36-676690",,"siriruk@greenspot.co.th",,,,,"-",,,"0","0","0","4","0","0000-00-00 00:00:00"
"3441","1",,"CORIANDER SEEDS GLOBAL DATA","IMPORTER","DEPEN ENTERPRISE",,"25","0","0",,,,,,,,"-",,,"0","0","0","4","0","0000-00-00 00:00:00"
"3442","1",,"CORIANDER SEEDS GLOBAL DATA","IMPORTER","IMDESADCV",,"142","0","0",,,,,,,,"-",,,"0","0","0","4","0","0000-00-00 00:00:00"
"3443","1",,"CORIANDER SEEDS GLOBAL DATA","IMPORTER","JIANGMEN BELT-ROAD FOOD AND SPICE MANUFACTORY LIMITED","The first floor (No. 1 building), No. 7 Gangxing Road, Xinhui District, Jiangmen, Guangdong, 529100, China","44","0","0",,,,,,,,"-",,,"0","0","0","4","0","0000-00-00 00:00:00"
"3444","1",,"CORIANDER SEEDS GLOBAL DATA","IMPORTER","SHARONFOOD CO LTD","2729, Nambusunhwan-ro, Gangnam-gu, Seoul, 06274","116","0","0","82 70 8803 3609",,,,,,,"-",,,"0","0","0","4","0","0000-00-00 00:00:00"
"3445","1",,"CORIANDER SEEDS GLOBAL DATA","IMPORTER","Pran Agro Ltd","PRAN-RFL Center, 105 Middle Badda, Dhaka - 1212, Bangladesh","18","0","0","+880 2222-281792, +880 96-13-737777",,"crd@prangroup.com",,,,,"-",,,"0","0","0","4","0","0000-00-00 00:00:00"
"3446","1",,"CORIANDER SEEDS GLOBAL DATA","IMPORTER","MS JIHYUN C C",,"116","0","0",,,,,,,,"-",,,"0","0","0","4","0","0000-00-00 00:00:00"
"3447","1",,"CORIANDER SEEDS GLOBAL DATA","IMPORTER","DOBE IND COLIMITED","6 Sanbon-ro 77beonan-gil, Gunpo-si, Gyeonggi-do, 15849","116","0","0","+82-31-477-8524",,,,,,,"-",,,"0","0","0","4","0","0000-00-00 00:00:00"
"3448","1",,"CORIANDER SEEDS GLOBAL DATA","IMPORTER","Wing Hing Spices Grinding Factory L","Block C-D, 9/F, Wah Hing Industrial Building, 2-6 Ma Kok Street, Tsuen Wan, Kowloon, Hong Kong","98","0","0","+852 2408 7872, +852 2408 9817, +852 2548 2470, +8",,"spices@netvigator.com, kkhwh@netvigator.com",,,,,"-",,,"0","0","0","4","0","0000-00-00 00:00:00"
"3449","1",,"CORIANDER SEEDS GLOBAL DATA","IMPORTER","SAMSONG FOOD","202-37,DOCHEONG-DAERO,HONGBUK-EUP,HONGSEAONG-GUN,CHUNGCHEONGNAM-DO,REPUBLIC OF KOREA","116","0","0",,,"kky478@naver.com",,,,,"-",,,"0","0","0","4","0","0000-00-00 00:00:00"
"3450","1",,"CORIANDER SEEDS GLOBAL DATA","IMPORTER","SAUDI AREBIA BR NAZEER AHMED GHULAM AND PARTNER TRADING CO LIMITED","P.o.box No : 22316 Jeddah 21495, Saudi Arabia","191","0","0",,,,,,,,"-",,,"0","0","0","4","0","0000-00-00 00:00:00"
"3451","1",,"CORIANDER SEEDS GLOBAL DATA","IMPORTER","M A TRADING FOR IMPORT AND EXPORT","Building 2547, Shop No. 3, Road 1535, Al Hidd, Muharraq, Bahrain","17","0","0","+97336353571",,,,,,,"-",,,"0","0","0","4","0","0000-00-00 00:00:00"
"3452","1",,"CORIANDER SEEDS GLOBAL DATA","IMPORTER","JIHYUN C C","Rm 237 Bundang Tra Palace, 234 Hwangsaeul-ro, Bundang-gu, Seongnam, Gyeonggi, 13595, Republic Of Korea","116","0","0",,,,,,,,"-",,,"0","0","0","4","0","0000-00-00 00:00:00"
"3453","1",,"CORIANDER SEEDS GLOBAL DATA","IMPORTER","SHIN YOUNG FSLTD","39, Bonchongongdan-gil, Yeongcheon-si, Gyeongsangbuk-do, Republic of Korea","116","0","0","+82-54-335-3000",,,,,,,"-",,,"0","0","0","4","0","0000-00-00 00:00:00"
"3454","1",,"CORIANDER SEEDS GLOBAL DATA","IMPORTER","AHMAD COMPANY",,"153","0","0",,,,,,,,"-",,,"0","0","0","4","0","0000-00-00 00:00:00"
"3455","1",,"CORIANDER SEEDS GLOBAL DATA","IMPORTER","FRISS INVESTMENTS PVT LTD","H. Hiriyaa 3 (1st Floor), Abadhahfehi Magu, Mal?, Maldives","133","0","0","+960 334-1516 / +960 778-4065",,"trade@frissmaldives.com",,,,,"-",,,"0","0","0","4","0","0000-00-00 00:00:00"
"3456","1",,"CORIANDER SEEDS GLOBAL DATA","IMPORTER","CHEMCARE GROUP LIMITED BALUS STREET PO BOX349LAE411 MOROBE PROVINC","Mangola Street, Lae, Morobe Province, 411","170","0","0","+675 472 3730",,,,,,,"-",,,"0","0","0","4","0","0000-00-00 00:00:00"
"3457","1",,"CORIANDER SEEDS GLOBAL DATA","IMPORTER","Aram International Gyonggi Do","Ilsan Dong Gu Mugunghwa Ro 7-45, Goyang-si, Gyeonggi-do, 1124 Ho, South Korea","116","0","0",,,"ashu007@naver.com",,,,,"-",,,"0","0","0","4","0","0000-00-00 00:00:00"
"3458","1",,"CORIANDER SEEDS GLOBAL DATA","IMPORTER","Chennai Trading",,"116","0","0",,,,,,,,"-",,,"0","0","0","4","0","0000-00-00 00:00:00"
"3459","1",,"CORIANDER SEEDS GLOBAL DATA","IMPORTER","AL MEHRATH GENERAL TRADING AND",,"117","0","0","+965 24824000",,"info@alqaem.com",,,,,"-",,,"0","0","0","4","0","0000-00-00 00:00:00"
"3460","1",,"CORIANDER SEEDS GLOBAL DATA","IMPORTER","M S RAZZAK ENTERPRISE","Ground Floor, Khulna-Jashore Highway Road, Eastern Gate Bazar, Atra Industrial Area, Khanjahan Ali, Atra Phultala Upazila, Khulna 9207, Bangladesh","18","0","0","+880 19-20-262526, +880 19-20-2485556",,"mrazzake56@gmail.com",,,,,"-",,,"0","0","0","4","0","0000-00-00 00:00:00"
"3462","1",,"CORIANDER SEEDS GLOBAL DATA","IMPORTER","MSMALEN IMPORTS 10 STR AG","Ag Stefanou 10, Megara, Sterea Ellada and Evoia, 19100","85","0","0","+30 2296 026132, +30 694 456 8074",,"malenimports@gmail.com",,,,,"-",,,"0","0","0","4","0","0000-00-00 00:00:00"
"3463","1",,"CORIANDER SEEDS GLOBAL DATA","IMPORTER","Chhetri Enterprise","Sipsoo Beltotay, Tashicholing, Bhutan","25","0","0","+975-2-33114",,,,,,,"-",,,"0","0","0","4","0","0000-00-00 00:00:00"
"3464","1",,"CORIANDER SEEDS GLOBAL DATA","IMPORTER","KRG Asian Food BV","Sevillaweg 90, 3047 AL Rotterdam, The Netherlands","155","0","0","+31 (0) 10 415 6793",,,"info@krgasianfood.com",,,,"-",,,"0","0","0","4","0","0000-00-00 00:00:00"
"3465","1",,"CORIANDER SEEDS GLOBAL DATA","IMPORTER","AKULA FOODS PTY LTD","Unit 1/64 Eastern Road, Browns Plains, Queensland 4118, Australia","13","0","0","+61 0433 116 263",,,,,,,"-",,,"0","0","0","4","0","0000-00-00 00:00:00"
"3466","1",,"CORIANDER SEEDS GLOBAL DATA","IMPORTER","DIVINITY TRADERS INC","110 Evansmeade Close Northwest, Calgary, Alberta, T3P 1E3","38","0","0",,,,,,,,"-",,,"0","0","0","4","0","0000-00-00 00:00:00"
"3467","1",,"CORIANDER SEEDS GLOBAL DATA","IMPORTER","DOBE IND CO LTD","6 Sanbon-ro 77beonan-gil, Gunpo-si, Gyeonggi-do, 15849, South Korea","116","0","0","+82-31-477-8524",,"dobe@dobecolor.com",,,,,"-",,,"0","0","0","4","0","0000-00-00 00:00:00"
"3468","1",,"CORIANDER SEEDS GLOBAL DATA","IMPORTER","THEMAR ALWADI FOR INTEGRATED BUSINE","Dhofar Governorate, Salalah, Salalah, Postal Code 211, Oman","165","0","0","96823138388","968 91198462","-","-","-","support@tiboman.com","-","-",,,"0","0","55","4","0","0000-00-00 00:00:00"
"3469","1",,"CORIANDER SEEDS GLOBAL DATA","IMPORTER","COOLER ELECTRONIC HK LIMITED","901, K83, No.83 Tai Lin Pai Road, Kwai Chung, Hong Kong","44","0","0","+852 2121 0503",,"info@cooler.hk","https://www.cooler.hk/",,,,"-",,,"0","0","0","4","0","0000-00-00 00:00:00"
"3470","1",,"CORIANDER SEEDS GLOBAL DATA","IMPORTER","DATAR AND SONS LIMITED LLC","Rd-123 Street - 66 Sheikh Salem Bin Sultan Al Qasimi St - Ajman Industrial 2 - Ajman - United Arab Emirates","191","0","0","+97167435240",,,"http://www.datarspices.ae/",,,,"-",,,"0","0","0","4","0","0000-00-00 00:00:00"
"3471","1",,"CORIANDER SEEDS GLOBAL DATA","IMPORTER","MS SHIVAAY SPICES FOOD","458A High Street, Hutt Central, Lower Hutt 5010, New Zealand","157","0","0","+64 4 901 9696",,,,,,,"-",,,"0","0","0","4","0","0000-00-00 00:00:00"
"3472","1",,"CORIANDER SEEDS GLOBAL DATA","IMPORTER","TO 403 AL ARIF BUSNINESS BAYOPP AMBASSADOR HOTEL","287, Dongho-ro, Jung-gu, Seoul, 04618, South Korea","116","0","0","+82-2-2275-1101",,,,,,,"-",,,"0","0","0","4","0","0000-00-00 00:00:00"
"3473","1",,"CORIANDER SEEDS GLOBAL DATA","IMPORTER","FOREIGN FOOD KOREA CO LTD","36 Usadan-ro, Yongsan-gu, Seoul, 04405, South Korea","116","0","0","+82-2-793-82",,,,,,,"-",,,"0","0","0","4","0","0000-00-00 00:00:00"
"3474","1",,"CORIANDER SEEDS GLOBAL DATA","IMPORTER","THE BRAMPTON NILGRIS INC","4525 Ebenezer Road, Unit 22, 23, Brampton, ON L6P 2K8","38","0","0","+1(905) 794-7444",,,,,,,"-",,,"0","0","0","4","0","0000-00-00 00:00:00"
"3475","1",,"CORIANDER SEEDS GLOBAL DATA","IMPORTER","OLG Co LIMITED",,"44","0","0",,,,,,,,"-",,,"0","0","0","4","0","0000-00-00 00:00:00"
"3476","1",,"CORIANDER SEEDS GLOBAL DATA","IMPORTER","ARDH ALNOOR CENTRAL LLC","Plot No. 142 Muweilah Area, As Sinaiyyah Street, Sohar, Oman","165","0","0","+968 7238 9232",,"info@centraltraders.ae",,,,,"-",,,"0","0","0","4","0","0000-00-00 00:00:00"
"3477","1",,"CORIANDER SEEDS GLOBAL DATA","IMPORTER","Lotus Investments Ltd","Level 1, 161 Manukau Road, Epsom, Auckland 1023, New Zealand","157","0","0","+64 9 630 3808",,,,,,,"-",,,"0","0","0","4","0","0000-00-00 00:00:00"
"3478","1",,"CORIANDER SEEDS GLOBAL DATA","IMPORTER","ENKI SPICES PTY LTD","222 Ontdekkers Road, Roodepoort, Gauteng, 1725","202","0","0",,,,,,,,"-",,,"0","0","0","4","0","0000-00-00 00:00:00"
"3479","1",,"CORIANDER SEEDS GLOBAL DATA","IMPORTER","Nepal Investment Mega Bank Ltd","Durbar Marg, Kathmandu, 44600, Kathmandu, B?gmat? Province","153","0","0",,,,,,,,"-",,,"0","0","0","4","0","0000-00-00 00:00:00"
"3480","1",,"CORIANDER SEEDS GLOBAL DATA","IMPORTER","Chandlok FZCO",,"83","0","0",,,,,,,,"-",,,"0","0","0","4","0","0000-00-00 00:00:00"
"3481","1",,"CORIANDER SEEDS GLOBAL DATA","IMPORTER","SEFALANA HOLDING COMPANY LIMITED","Plot 10038, Corner Nelson Mandela Drive and Kubu Road, Broadhurst Industrial Site, Gaborone, South-East District, Botswana","28","0","0","+267 391 3661",,"info@sefalana.com",,,,,"-",,,"0","0","0","4","0","0000-00-00 00:00:00"
"3482","1",,"CORIANDER SEEDS GLOBAL DATA","IMPORTER","E AKHALWAYA CO","13 Central Road, Fordsburg, Johannesburg, 2033, South Africa","202","0","0","27 11 833 1068",,"info@akhalwaya.com","akhalwaya.store",,,,"-",,,"0","0","0","4","0","0000-00-00 00:00:00"
"3483","1",,"CORIANDER SEEDS GLOBAL DATA","IMPORTER","NITU TRADING COMPANY",,"153","0","0",,,,,,,,"-",,,"0","0","0","4","0","0000-00-00 00:00:00"
"3484","1",,"CORIANDER SEEDS GLOBAL DATA","IMPORTER","EAKHALWAYA CO","13 Central Road, Fordsburg, Johannesburg, 2033, South Africa","202","0","0","27 11 833 1068",,"info@akhalwaya.com",,,,,"-",,,"0","0","0","4","0","0000-00-00 00:00:00"
"3485","1",,"CORIANDER SEEDS GLOBAL DATA","IMPORTER","RJ SHIPPING PTY LTD",": 401 Nedbank Circle, Beach, Durban, 4407","202","0","0","27 31 332 3431",,,"RJ Shipping",,,,"-",,,"0","0","0","4","0","0000-00-00 00:00:00"
"3486","1",,"CORIANDER SEEDS GLOBAL DATA","IMPORTER","Mohamed Saleh Abu Qayyas Sons Trading Co","Building No. 114A Al-Yarmook Street, Amman, 11118, Jordan","111","0","0","+962 6 462 3403",,"info@abuqayyasjo.com, abuqayyas_trd@hotmail.com",,,,,"-",,,"0","0","0","4","0","0000-00-00 00:00:00"
"3487","1",,"CORIANDER SEEDS GLOBAL DATA","IMPORTER","SAUDI ARABIA AL SALWA BROTHERS TRADING CO LIMITED",,"191","0","0",,,,,,,,"-",,,"0","0","0","4","0","0000-00-00 00:00:00"
"3488","1",,"CORIANDER SEEDS GLOBAL DATA","IMPORTER","HOUSE OF SHER 2018 LIMITED","104-2131 Queen St, Abbotsford, BC, V2T 6J3, Canada","38","0","0","+1(604) 859-3030",,,"sherbrarmills.com",,,,"-",,,"0","0","0","4","0","0000-00-00 00:00:00"
"3489","1",,"CORIANDER SEEDS GLOBAL DATA","IMPORTER","ORCHONG KONG",,"98","0","0",,,,,,,,"-",,,"0","0","0","4","0","0000-00-00 00:00:00"
"3490","1",,"CORIANDER SEEDS GLOBAL DATA","IMPORTER","D N Traders C C T","Shop 7, 319 Felix Dlamini Road, Overport, Durban, 4091, South Africa","202","0","0","27) 31 309 1815",,,,,,,"-",,,"0","0","0","4","0","0000-00-00 00:00:00"
"3491","1",,"CORIANDER SEEDS GLOBAL DATA","IMPORTER","Kalyan Herbal Products CC",,"202","0","0",,,,,,,,"-",,,"0","0","0","4","0","0000-00-00 00:00:00"
"3492","1",,"CORIANDER SEEDS GLOBAL DATA","IMPORTER","NEDSPICE ASIA BV","Hoa Lan Quarter, Thuan Giao Ward, Thuan An City, Binh Duong Province, Socialist Republic of Vietnam","155","0","0","+84 274 37 18 005","-","-","-","-","-","-","--",,,"0","0","0","4","0","0000-00-00 00:00:00"
"3493","1",,"CORIANDER SEEDS GLOBAL DATA","IMPORTER","GLOBAL TRADERS CANADA LTD","1120 Finch Ave West Ste 701-1494, Toronto, Ontario, M3J 3H7, Canada","38","0","0","+1 (647) 243-2815",,"sales.northamerica@globaltraders.ca","www.globaltraderscanada.com",,,,"-",,,"0","0","0","4","0","0000-00-00 00:00:00"
"3494","1",,"CORIANDER SEEDS GLOBAL DATA","IMPORTER","PRITAMA ENTERPRISE","Ruhia Thakurgaon, Ruhea, Rangpur Division, Bangladesh, 5103","18","0","0","+880 17-74-288959",,,,,,,"-",,,"0","0","0","4","0","0000-00-00 00:00:00"
"3495","1",,"CORIANDER SEEDS GLOBAL DATA","IMPORTER","B B CO LIMITED","191 Charlotte Street, Georgetown, Demerara-Mahaica, 1048, Guyana","94","0","0","+592 227 0632, +592 227 2526",,"ebbsec@beharrygroup.com",,,,,"-",,,"0","0","0","4","0","0000-00-00 00:00:00"
"3497","1",,"CORIANDER SEEDS GLOBAL DATA","IMPORTER","SWAAD SPICES LTD","107 Losino Street, Caledon, Ontario, L7C 3N7","38","0","0","+1(905) 744-1301",,,"https://swaadspicesltd.ca",,,,"-",,,"0","0","0","4","0","0000-00-00 00:00:00"
"3498","1",,"CORIANDER SEEDS GLOBAL DATA","IMPORTER","DEV INTERNATIONAL PTY LTD",,"202","0","0",,,,,,,,"-",,,"0","0","0","4","0","0000-00-00 00:00:00"
"3499","1",,"CORIANDER SEEDS GLOBAL DATA","IMPORTER","CHEIKH TIDIANE NDIAYE","Villa 211 Cite Senghor, Dakar, Dakar (r?gion), 01","192","0","0","+221 77 853 33 99",,"cheikh-tidiane.ndiaye@assemblee-nationale.sn",,,,,"-",,,"0","0","0","4","0","0000-00-00 00:00:00"
"3500","1",,"CORIANDER SEEDS GLOBAL DATA","IMPORTER","M S DEV INTERNATIONAL PTY LTD",,"202","0","0",,,,,,,,"-",,,"0","0","0","4","0","0000-00-00 00:00:00"
"3501","1",,"CORIANDER SEEDS GLOBAL DATA","IMPORTER","MOTHERLAND FOODS INC","1286 Kennedy Rd, Scarborough, ON M1P 2L5","38","0","0","+1(416) 551-4661",,"proactive.ik@gmail.com","https://toronto.motherlandgrocery.ca/",,,,"-",,,"0","0","0","4","0","0000-00-00 00:00:00"
"3502","1",,"CORIANDER SEEDS GLOBAL DATA","IMPORTER","GOGC",,"117","0","0",,,,,,,,"-",,,"0","0","0","4","0","0000-00-00 00:00:00"
"3503","1",,"CORIANDER SEEDS GLOBAL DATA","IMPORTER","ROOT2LEAF AUST PTY LTD","1/32 Alfred Street, Granville, New South Wales 2142, Australia","13","0","0","+61 (0) 402 927 227",,,,,,,"-",,,"0","0","0","4","0","0000-00-00 00:00:00"
"3504","1",,"CORIANDER SEEDS GLOBAL DATA","IMPORTER","Uni Trade",,"25","0","0",,,,,,,,"-",,,"0","0","0","4","0","0000-00-00 00:00:00"
"3505","1",,"CORIANDER SEEDS GLOBAL DATA","IMPORTER","RADIANT FMCG SARL",,"23","0","0",,,,,,,,"-",,,"0","0","0","4","0","0000-00-00 00:00:00"
"3506","1",,"CORIANDER SEEDS GLOBAL DATA","IMPORTER","E AKHALWAYA SONS",,"202","0","0",,,,,,,,"-",,,"0","0","0","4","0","0000-00-00 00:00:00"
"3507","1",,"CORIANDER SEEDS GLOBAL DATA","IMPORTER","AFRIPLEX PTY LTD",,"202","0","0",,,,,,,,"-",,,"0","0","0","4","0","0000-00-00 00:00:00"
"3508","1",,"CORIANDER SEEDS GLOBAL DATA","IMPORTER","CALICOM TRADING 346 PTY LTD",,"202","0","0",,,,,,,,"-",,,"0","0","0","4","0","0000-00-00 00:00:00"
"3510","1",,"CORIANDER SEEDS GLOBAL DATA","IMPORTER","NEDBANK LIMITED","Ubi Techpark, Singapore, 408564","202","0","0",,,,,,,,"-",,,"0","0","0","4","0","0000-00-00 00:00:00"
"3511","1",,"CORIANDER SEEDS GLOBAL DATA","IMPORTER","ISSTORMUR EHF KT","Skalareykjavegi 12, 251 Gardi, Sudurnesjabaer, Iceland","100","0","0","+354 547 712 570",,"sales@isstormur.is",,,,,"-",,,"0","0","0","4","0","0000-00-00 00:00:00"
"3512","1",,"CORIANDER SEEDS GLOBAL DATA","IMPORTER","PERNOD RICARD ARGENTINA S R L","Jujuy 1197, Bella Vista, Buenos Aires, B1661KTA, Argentina","10","0","0","+54 11 7079 0800",,"info@pernod-ricard.com.ar",,,,,"-",,,"0","0","0","4","0","0000-00-00 00:00:00"
"3513","1",,"CORIANDER SEEDS GLOBAL DATA","IMPORTER","GRUPO HAMZE LDA",,"6","0","0",,,,,,,,"-",,,"0","0","0","4","0","0000-00-00 00:00:00"
"3514","1",,"CORIANDER SEEDS GLOBAL DATA","IMPORTER","MHS Super Market","Unit 3, Norton Park, Corner of Link Rd and Lakeside Rd, Capricorn Business Park, Muizenberg, 7945","202","0","0","+27 21 447 0104",,,,,,,"-",,,"0","0","0","4","0","0000-00-00 00:00:00"
"3515","1",,"CORIANDER SEEDS GLOBAL DATA","IMPORTER","PANACHE SPICES PTY LTD","1 Crownwood Rd, Johannesburg, 2025","202","0","0","+27 11 837 9002",,"panachespice@mweb.co.za",,,,,"-",,,"0","0","0","4","0","0000-00-00 00:00:00"
"3516","1",,"CORIANDER SEEDS GLOBAL DATA","IMPORTER","RELIABLE PRODUCE AND PROVISIONS","42 Crownwood St, Ormonde, Johannesburg, Gauteng, 2091","202","0","0","+27 11 496 3613",,"omardaya@netscape.net",,,,,"-",,,"0","0","0","4","0","0000-00-00 00:00:00"
"3517","1",,"CORIANDER SEEDS GLOBAL DATA","IMPORTER","D N TRADERS PTY LTD","Shop 7, 319 Felix Dlamini Road, Overport, Durban, 4091","202","0","0","+27 31 309 1815",,,,,,,"-",,,"0","0","0","4","0","0000-00-00 00:00:00"
"3518","1",,"CORIANDER SEEDS GLOBAL DATA","IMPORTER","SAMIT NEPAL PVT LTD","Kupondole, GPO Box: 11577, Kathmandu, Nepal","153","0","0","+977-5554499-5539331",,"info@alsamitintl.com",,,,,"-",,,"0","0","0","4","0","0000-00-00 00:00:00"
"3519","1",,"CORIANDER SEEDS GLOBAL DATA","IMPORTER","NANTES LTD 3 LOWER KLIPFONTEIN",,"202","0","0",,,,,,,,"-",,,"0","0","0","4","0","0000-00-00 00:00:00"
"3520","1",,"CORIANDER SEEDS GLOBAL DATA","IMPORTER","CEYTHE JAPAN CO LTD","1F, Kikuya Building, 9-5 Wakitachou, Kawagoe, Saitama, Japan 350-1122","109","0","0","+81 49-293-9696",,"info@ceythe.co.jp",,,,,"-",,,"0","0","0","4","0","0000-00-00 00:00:00"
"3521","1",,"CORIANDER SEEDS GLOBAL DATA","IMPORTER","SHEF S AS LLC MPORT EXPORT",,"0","0","0",,,,,,,,"-",,,"0","0","0","4","0","0000-00-00 00:00:00"
"3522","1",,"CORIANDER SEEDS GLOBAL DATA","IMPORTER","AMAYA KUDA RAH","Amaya Kuda Rah South, South Ari (Alifu Dhaalu) Atoll, Republic of Maldives","133","0","0","+960 06 6 80000",,"reservations.kudarah@amayaresorts.com",,,,,"-",,,"0","0","0","4","0","0000-00-00 00:00:00"
"3523","1",,"CORIANDER SEEDS GLOBAL DATA","IMPORTER","ALHAYAH FOR IMPORT AND EXPORT FOR MOSSAD MOSSA ELSAYED MOHAMED","Hosh Issa, Behaira, Egypt","64","0","0","+20 045 3604518",,,"https://www.alhayah-agro.com/",,,,"-",,,"0","0","0","4","0","0000-00-00 00:00:00"
"3524","1",,"CORIANDER SEEDS GLOBAL DATA","IMPORTER","MANEKS DIS TICARET LTD STI",,"101","0","0",,,,,,,,"-",,,"0","0","0","4","0","0000-00-00 00:00:00"
"3525","1",,"CORIANDER SEEDS GLOBAL DATA","IMPORTER","Agroquest Global Llc",,"0","0","0","+971 54 314 7045, +971 56 364 2081",,,"agroquest.llc@gmail.com",,,,"-",,,"0","0","0","4","0","0000-00-00 00:00:00"
"3526","1",,"CORIANDER SEEDS GLOBAL DATA","IMPORTER","AST ENTERPRISE INC","12-2-719/A/2, Nanal Nagar Circle, Mehdipatnam, Hyderabad, Telangana 500028, India","0","0","0","+91 81069 77027",,,,,,,"-",,,"0","0","0","4","0","0000-00-00 00:00:00"
"3527","1",,"CORIANDER SEEDS GLOBAL DATA","IMPORTER","MSD N Traders",,"202","0","0",,,,,,,,"-",,,"0","0","0","4","0","0000-00-00 00:00:00"
"3528","1",,"CORIANDER SEEDS GLOBAL DATA","IMPORTER","JAS VENTURE LIMITED","4-A, Karia Estate, Mazgaon, Anjirwadi, Ganesh Mandir Lane, Mumbai, Maharashtra 400010, India","101","0","0","+91 22 2204 6666",,,"info@jasventures.com",,,,"-",,,"0","0","0","4","0","0000-00-00 00:00:00"
"3529","1",,"CORIANDER SEEDS GLOBAL DATA","IMPORTER","ARICOMM FZE",,"101","0","0",,,,,,,,"-",,,"0","0","0","4","0","0000-00-00 00:00:00"
"3530","1",,"CORIANDER SEEDS GLOBAL DATA","IMPORTER","KARAN IMPORT AND EXPORT PTY LTD","75 Plant Avenue, Crown Mines, Johannesburg, 2092, South Africa","202","0","0",,,"Kieptysa@gmail.com",,,,,"-",,,"0","0","0","4","0","0000-00-00 00:00:00"
"3531","1",,"CORIANDER SEEDS GLOBAL DATA","IMPORTER","EURL BRONZI NUTS","WVVM+CQ7, Oued Rhiou, Algeria","3","0","0","+213550383828",,,,,,,"-",,,"0","0","0","4","0","0000-00-00 00:00:00"
"3532","1",,"CORIANDER SEEDS GLOBAL DATA","IMPORTER","NADER ENTERPRIZ",,"166","0","0",,,,,,,,"-",,,"0","0","0","4","0","0000-00-00 00:00:00"
"3533","1",,"CORIANDER SEEDS GLOBAL DATA","IMPORTER","CALICOM TRADING 346 PTY LIMITED","72 Station Street, Inbani Circle, Komatipoort, Mpumalanga, 1320, South Africa","202","0","0","+27 74 862 9232",,,,,,,"-",,,"0","0","0","4","0","0000-00-00 00:00:00"
"3534","1",,"CORIANDER SEEDS GLOBAL DATA","IMPORTER","SHAREKAT ALNAJJAR ALALAMEIA LLESTETHMAR","Wad Alharia Street, Hebron, West Bank, Palestine","0","0","0",,,,,,,,"-",,,"0","0","0","4","0","0000-00-00 00:00:00"
"3535","1",,"CORIANDER SEEDS GLOBAL DATA","IMPORTER","Dntraders","34 Gladys Mazibuko Road, Essenwood, Durban, KwaZulu-Natal, 3990, South Africa","202","0","0","+27 31 309 1815",,,,,,,"-",,,"0","0","0","4","0","0000-00-00 00:00:00"
"3536","1",,"CORIANDER SEEDS GLOBAL DATA","IMPORTER","SAIND AGRO PROCESSORS PTY LIMITED","79 Planet Ave, Crown Mines, Johannesburg, 2025, South Africa","202","0","0",,,,,,,,"-",,,"0","0","0","4","0","0000-00-00 00:00:00"
"3537","1",,"CORIANDER SEEDS GLOBAL DATA","IMPORTER","FAIZAN AND RIZWAN TRADERS SMC PVT LTD","Tahilaram Quarters Shop G-3, Karachi, Sindh, Pakistan","166","0","0","+92-21-37932121, +92-21-37919510",,"info@faizantraders.com","https://faizantraders.com/",,,,"-",,,"0","0","0","4","0","0000-00-00 00:00:00"
"3538","1",,"CORIANDER SEEDS GLOBAL DATA","IMPORTER","M S MASUD SEED COMPANY","174 Siddique Bazar, Hannan Mansion, Dhaka-1000, Bangladesh","18","0","0","+880 2-8111516",,"masudseed@yaho.com",,,,,"-",,,"0","0","0","4","0","0000-00-00 00:00:00"
"3539","1",,"CORIANDER SEEDS GLOBAL DATA","IMPORTER","Supreme Seed Company Ltd","10, Gareeb-E-Newaz Avenue, (Level 4 & 5), Sector # 13, Uttara, Dhaka-1230, Bangladesh","18","0","0","+880 2-8951823, +880 2-8951830, +880 2-8931596, +8",,"info@supremeseed.net",,,,,"-",,,"0","0","0","4","0","0000-00-00 00:00:00"
"3540","1",,"CORIANDER SEEDS GLOBAL DATA","IMPORTER","SAVINO DEL BENE DO BRASIL LTDA","R. Alvorada, 1289 - Conj. 501 ? 509 - Vila Ol?mpia, S?o Paulo - SP, 04550-004, Brazil","30","0","0","+551121460700",,,"http://www.savinodelbene.com/",,,,"-",,,"0","0","0","4","0","0000-00-00 00:00:00"
"3541","1",,"CORIANDER SEEDS GLOBAL DATA","IMPORTER","KHAN TRADERS","02 No, Maulana Mufti Din Mohammad Sarak (Urdu Road), 2nd Floor, Chawk Bazar, Dhaka-1211, Bangladesh","18","0","0","+880 2-57310259, +880 2-57315548, +880 2-7341794, ",,"luckytravel70@yahoo.com, mmkhan1962@gmail.com",,,,,"-",,,"0","0","0","4","0","0000-00-00 00:00:00"
"3542","1",,"CORIANDER SEEDS GLOBAL DATA","IMPORTER","SHAKAR SUPERMARKET CC","ERF 1072 Andimba Toivo St, Katima Mulilo, Zambezi Region, 9999, Namibia","151","0","0","+264 66 253 643",,,,,,,"-",,,"0","0","0","4","0","0000-00-00 00:00:00"
"3543","1",,"CORIANDER SEEDS GLOBAL DATA","IMPORTER","STARKE AYRES NAMIBIA PTY LTD","215 Gold Street, Prosperita, Windhoek, Khomas Region, 10005, Namibia","151","0","0","+264 61 255 349",,,,,,,"-",,,"0","0","0","4","0","0000-00-00 00:00:00"
"3544","1",,"CORIANDER SEEDS GLOBAL DATA","IMPORTER","KARAS FRUIT AND VEGETABLES PRODUCE CC","Opposite Build It, Keetmanshoop, Namibia","151","0","0","+264 63 223 218",,,,,,,"-",,,"0","0","0","4","0","0000-00-00 00:00:00"
"3545","1",,"CORIANDER SEEDS GLOBAL DATA","IMPORTER","Ste Vinny Sarl",,"37","0","0",,,,,,,,"-",,,"0","0","0","4","0","0000-00-00 00:00:00"
"3546","1",,"CORIANDER SEEDS GLOBAL DATA","IMPORTER","FUSEINA ABDULAI","5th Floor CH Group Building, No.1 Rangoon Lane, Cantonments City, Cantonments, Accra, P.O. Box 8743 Accra North, Ghana","83","0","0","+233 55 588 7777, +233 55 588 7799",,"info@goldkeygh.com",,,,,"-",,,"0","0","0","4","0","0000-00-00 00:00:00"
"3547","1",,"CORIANDER SEEDS GLOBAL DATA","IMPORTER","CV EKA JAYA LESTARI","Jl. TB. Simatupang Komplek Pinang Baris Permai Blok R. 7, Medan City, North Sumatra - 20127, Indonesia","102","0","0","+62 852-9742-3669 | +62 811-6549-696","-","-","ekajayalestari.com","-","-","-","-",,,"0","0","86","4","0","0000-00-00 00:00:00"
"3548","1",,"CORIANDER SEEDS GLOBAL DATA","IMPORTER","Atlas Trading Co Pty Ltd","104 Wale Street, Cape Town, 8001","202","0","0","+27 21 423 4361",,"atlastrading@telkomsa.net",,,,,"-",,,"0","0","0","4","0","0000-00-00 00:00:00"
"3549","1",,"CORIANDER SEEDS GLOBAL DATA","IMPORTER","SHIPPER SOUTH AFRICA",,"202","0","0",,,,,,,,"-",,,"0","0","0","4","0","0000-00-00 00:00:00"
"3550","1",,"CORIANDER SEEDS GLOBAL DATA","IMPORTER","S E Mart Pty Ltd","33 Monty Naicker Street, Durban, KwaZulu-Natal, 4001","202","0","0","+27 31 332 5888",,"sales@semart.co.za",,,,,"-",,,"0","0","0","4","0","0000-00-00 00:00:00"
"3551","1",,"CORIANDER SEEDS GLOBAL DATA","IMPORTER","SERANDIB NEW ZEALAND LIMITED","Shop 3, 875 Dominion Road, Mount Roskill, Auckland 1041, New Zealand","157","0","0","+64 9 620 1000",,"sales@serandib.co.nz or wholesale@serandib.co.nz",,,,,"-",,,"0","0","0","4","0","0000-00-00 00:00:00"
"3552","1",,"CORIANDER SEEDS GLOBAL DATA","IMPORTER","HIRRA FOOD STUFF CRNO16437POBO","Doha, Qatar","178","0","0","+97455086219",,,,,,,"-",,,"0","0","0","4","0","0000-00-00 00:00:00"
"3553","1",,"CORIANDER SEEDS GLOBAL DATA","IMPORTER","ALMDAWI OVERALL PROJECT","Serving multiple locations including Ad Dakhiliyah Governorate, Al Batinah North Governorate, Muscat Governorate, Al Buraimi Governorate, Barka', Dhofar Governorate, Musandam Governorate, Al Musana`a, Nizw?, and Soh","165","0","0","+968 9298 0001",,"almdawiho@gmail.com",,,,,"-",,,"0","0","0","4","0","0000-00-00 00:00:00"
"3554","1",,"CORIANDER SEEDS GLOBAL DATA","IMPORTER","LIMRAS PHARMA HEALTHCARE CO LTD",,"36","0","0",,,,,,,,"-",,,"0","0","0","4","0","0000-00-00 00:00:00"
"3555","1",,"CORIANDER SEEDS GLOBAL DATA","IMPORTER","MS GLOBAL MECHANICAL AND SUPERLIF TPTY LTD","6 Duiker Street, Springbok, Northern Cape, 8893, South Africa","202","0","0","+27 71 940 2324",,"info@gmsl-za.com",,,,,"-",,,"0","0","0","4","0","0000-00-00 00:00:00"
"3556","1",,"CORIANDER SEEDS GLOBAL DATA","IMPORTER","KITCHENHUT PTY LTD","Unit F8, Supreme Industrial Park, 410 Southern Klipriviersberg Road, Steeldale, Johannesburg, Gauteng, 2197","202","0","0","+27 67 591 2008",,"info@kitchenhutt.co.za",,,,,"-",,,"0","0","0","4","0","0000-00-00 00:00:00"
"3557","1",,"CORIANDER SEEDS GLOBAL DATA","IMPORTER","GOOD LIFE ORGANIC","13-14 Scotia Park, 53 Nguni Way, Waterfall, Pinetown, KwaZulu-Natal, 3610","202","0","0","+27 31 766 3426",,"info@goodlife.co.za",,,,,"-",,,"0","0","0","4","0","0000-00-00 00:00:00"
"3558","1",,"CORIANDER SEEDS GLOBAL DATA","IMPORTER","OLIVE UWAYEZU",,"182","0","0",,,,,,,,"-",,,"0","0","0","4","0","0000-00-00 00:00:00"
"3559","1",,"CORIANDER SEEDS GLOBAL DATA","IMPORTER","FREDDY HIRSCH GROUP PTY LTD","2 Jeppe St, Northern Industrial Area, Windhoek, Khomas, 9100, Namibia","151","0","0","+264 61 215 750",,,,,,,"-",,,"0","0","0","4","0","0000-00-00 00:00:00"
"3560","1",,"CORIANDER SEEDS GLOBAL DATA","IMPORTER","IRANYUMVA EMMERINE",,"182","0","0",,,,,,,,"-",,,"0","0","0","4","0","0000-00-00 00:00:00"
"3561","1",,"CORIANDER SEEDS GLOBAL DATA","IMPORTER","ABAHIRE JENDE NICOLE",,"182","0","0",,,,,,,,"-",,,"0","0","0","4","0","0000-00-00 00:00:00"
"3562","1",,"CORIANDER SEEDS GLOBAL DATA","IMPORTER","Nedbank Ltd","135 Rivonia Road, Sandown, Sandton, Johannesburg, 2196","202","0","0","+27 11 294 4444 (Head Office)",,,,,,,"-",,,"0","0","0","4","0","0000-00-00 00:00:00"
"3563","1",,"CORIANDER SEEDS GLOBAL DATA","IMPORTER","Colors of India Pty Ltd","Shop No. 148, Phoenix Plaza, 19 Parthenon St, Starwood, Phoenix, Durban, KwaZulu-Natal, 4092","202","0","0","+27 65 972 0764",,,,,,,"-",,,"0","0","0","4","0","0000-00-00 00:00:00"
"3564","1",,"CORIANDER SEEDS GLOBAL DATA","IMPORTER","ATLAS TRADING COPTYLIMITED","104 Wale Street, Cape Town, 8001","202","0","0","+27 21 423 4361",,"atlastrading@telkomsa.net",,,,,"-",,,"0","0","0","4","0","0000-00-00 00:00:00"
"3565","1",,"CORIANDER SEEDS GLOBAL DATA","IMPORTER","KGK DIAMOND SA PTY LTD","KGK HSE, 230 Main St, Gauteng, Jeppestown, Johannesburg, 2001","202","0","0","+27 11 221 3100",,"enquiry.diasa@kgkmail.com",,,,,"-",,,"0","0","0","4","0","0000-00-00 00:00:00"
"3566","1",,"CORIANDER SEEDS GLOBAL DATA","IMPORTER","CASA ABASCAL S A","Andador No. Anden E, Int. Bodega 31, Central de Abastos, Iztapalapa, M?xico, CIUDAD DE MEXICO, 09040","142","0","0","+52 55 5694 0715",,"clientes@grupoabascal.com",,,,,"-",,,"0","0","0","4","0","0000-00-00 00:00:00"
"3567","1",,"CORIANDER SEEDS GLOBAL DATA","IMPORTER","MHHE ENTERPRISE","Spintex Road ? Coastal Junction, P.O. Box KA 16128, Accra, Ghana","83","0","0","+233 30 281 0552, +233 24 445 4597",,,,,,,"-",,,"0","0","0","4","0","0000-00-00 00:00:00"
"3568","1",,"CORIANDER SEEDS GLOBAL DATA","IMPORTER","YOUNGESTHAJIBEAUTY ENTERPRISE",,"83","0","0",,,,,,,,"-",,,"0","0","0","4","0","0000-00-00 00:00:00"
"3569","1",,"CORIANDER SEEDS GLOBAL DATA","IMPORTER","PARK AND SHOP SUPERMARKET LIMITED","2nd Palace Link, Off Dadeban Road, North Industrial Area, Accra, P.O. Box: 7253, Accra, Ghana","83","0","0","+233 24 498 4910",,"parkandshopgh@gmail.com",,,,,"-",,,"0","0","0","4","0","0000-00-00 00:00:00"
"3570","1",,"CORIANDER SEEDS GLOBAL DATA","IMPORTER","COSTCO ZION INVESTMENT GH LTD",,"83","0","0",,,,,,,,"-",,,"0","0","0","4","0","0000-00-00 00:00:00"
"3571","1",,"CORIANDER SEEDS GLOBAL DATA","IMPORTER","ULTIMAX LIMITED","#3 Fifth Crescent, Asylum Down, Accra, Greater Accra, Ghana","83","0","0","+233 30 223 4383, +233 20 811 8187",,"ultimaxltd@yahoo.com",,,,,"-",,,"0","0","0","4","0","0000-00-00 00:00:00"
"3572","1",,"CORIANDER SEEDS GLOBAL DATA","IMPORTER","HALLESCHE ESSIG UND SENFFABRIK GMBH","Gew?rzstra?e 6, 06231 Bad D?rrenberg, Germany","82","0","0","+49 (0) 34 62 541 000","-","info@hes-gewuerze.de","-","-","-","-","--",,,"0","0","29","4","0","0000-00-00 00:00:00"
"3573","1",,"CORIANDER SEEDS GLOBAL DATA","IMPORTER","LLC GELION","108820, Moscow, vn.ter.g. Munitsipalnyi Okrug Kommunarka, sh. Kievskoe, km 21-i, 3 str. 1, et. 7 pomeshch. 4","181","0","0",,,,,,,,"-",,,"0","0","0","4","0","0000-00-00 00:00:00"
"3575","1",,"CORIANDER SEEDS GLOBAL DATA","IMPORTER","AYMAN MACHANTAT/ COMPANY NAME - LORBEER COMPANY","Hauptstr. 164, 58675 Hemer, Germany","82","0","0","+49 237 2848441","+90 551 398 0000","info@awafey.com, ayman.machantat@gmail.com","-","-","-","-","-",,,"0","0","0","4","0","0000-00-00 00:00:00"
"3576","1",,"CORIANDER SEEDS GLOBAL DATA","IMPORTER","JL KAYU BESAR DALAM NO","West Jakarta City, Jakarta, Indonesia","102","0","0","-","-","-","-","-","-","-","-",,,"0","0","29","4","0","0000-00-00 00:00:00"
"3577","1",,"CORIANDER SEEDS GLOBAL DATA","IMPORTER","LLC ELPIS","R?mu?u Street 15, LV-1005 Riga, Latvia","120","0","0","+371 67 381 170",,"eveikals@elpis.lv",,,,,"-",,,"0","0","0","4","0","0000-00-00 00:00:00"
"3578","1",,"CORIANDER SEEDS GLOBAL DATA","IMPORTER","GIHWALAS EASTERN GEM PRODUCTS CC","Cnr. Angela Rd & Claude St, Sand Industria, Athlone, Cape Town, Western Cape, 7764","202","0","0","+27 21 637 1235",,"gihwala@mweb.co.za",,,,,"-",,,"0","0","0","4","0","0000-00-00 00:00:00"
"3579","1",,"CORIANDER SEEDS GLOBAL DATA","IMPORTER","NEUTRA CURE","SB-02 & 15, ST/10-1, Sector 6-G, Korangi Town Ship, Karachi, Sindh, Pakistan","166","0","0","+92-21-34209615",,"info@neutracure.com.pk",,,,,"-",,,"0","0","0","4","0","0000-00-00 00:00:00"
"3580","1",,"CORIANDER SEEDS GLOBAL DATA","IMPORTER","CHARATSIDIS I TSIKIRIDOU AOE","Kato Fousa, 19300 Aspropyrgos, Attica, Greece","85","0","0","+30 210 492 0183","-","info@holodok.gr","-","Larisa","-","-","-","-","-","0","0","0","4","0","0000-00-00 00:00:00"
"3581","1",,"CORIANDER SEEDS GLOBAL DATA","IMPORTER","CARE OF FATHIA ABDI AHMED","96MX+456, 634411010, Somalia","201","0","0","+252634411010",,,,,,,"-",,,"0","0","0","4","0","0000-00-00 00:00:00"
"3582","1",,"CORIANDER SEEDS GLOBAL DATA","IMPORTER","Exotic Fruit As","Persveien 22, 0581 Oslo, Norway","164","0","0","+4722641790",,,,,,,"-",,,"0","0","0","4","0","0000-00-00 00:00:00"
"3583","1",,"CORIANDER SEEDS GLOBAL DATA","IMPORTER","RE SUNS SPICES LIMITED","Albizzia Industrial Estate, Mangu Road, Thika, Kenya","113","0","0","+254 (20) 655 7960 or +254 719 129129",,"info@simbambili.co.ke",,,,,"-",,,"0","0","0","4","0","0000-00-00 00:00:00"
"3584","1",,"CORIANDER SEEDS GLOBAL DATA","IMPORTER","HAKIM YEM GIDA TASIMACILIK TICARET ITHALAT VE IHRACAT LIMITED",,"151","0","0",,,,,,,,"-",,,"0","0","0","4","0","0000-00-00 00:00:00"
"3585","1",,"CORIANDER SEEDS GLOBAL DATA","IMPORTER","TOO AGROWAY","Ulitsa Kabdolova 16, Almaty 050062, Kazakhstan","112","0","0","+77013442838",,,"http://www.agroway.kz/",,,,"-",,,"0","0","0","4","0","0000-00-00 00:00:00"
"3586","1",,"CORIANDER SEEDS GLOBAL DATA","IMPORTER","ONEEB ENTERPRISES","Shop No. 6, Lanewala Building, Karachi, Sindh, Pakistan","166","0","0",,,,,,,,"-",,,"0","0","0","4","0","0000-00-00 00:00:00"
"3587","1",,"CORIANDER SEEDS GLOBAL DATA","IMPORTER","Abshiro Somo Mohamed",,"113","0","0",,,,,,,,"-",,,"0","0","0","4","0","0000-00-00 00:00:00"
"3588","1",,"CORIANDER SEEDS GLOBAL DATA","IMPORTER","WELMEL GROUP INC","2192 Dundas Street West, Toronto, ON M6R 1X3","38","0","0",,,,,,,,"-",,,"0","0","0","4","0","0000-00-00 00:00:00"
"3589","1",,"CORIANDER SEEDS GLOBAL DATA","IMPORTER","SOMALIA MOGADISHU",,"201","0","0",,,,,,,,"-",,,"0","0","0","4","0","0000-00-00 00:00:00"
"3590","1",,"CORIANDER SEEDS GLOBAL DATA","IMPORTER","Bilal Ahmed Kakar Brothers","Shop #13-A, Jehangir Kothari Building, North Napier Road, Denso Hall, Karachi, Sindh, Pakistan","166","0","0","+92-21-32766845, +92-21-34209615",,"info@bilalbrothersind.com, bilal@jpstex.com",,,,,"-",,,"0","0","0","4","0","0000-00-00 00:00:00"
"3591","1",,"CORIANDER SEEDS GLOBAL DATA","IMPORTER","STAR EXPORTS",,"28","0","0",,,,,,,,"-",,,"0","0","0","4","0","0000-00-00 00:00:00"
"3592","1",,"CORIANDER SEEDS GLOBAL DATA","IMPORTER","INQLAB ENTERPRISES PVT LTD","Sector D-4 Industrial Area, Mirpur, Azad Jammu and Kashmir, 10360, Pakistan","166","0","0",,,,,,,,"-",,,"0","0","0","4","0","0000-00-00 00:00:00"
"3593","1",,"CORIANDER SEEDS GLOBAL DATA","IMPORTER","JILLANI TRADERS","Shop No: 23, Agha Qadirdad, Zari Market, Sukkur, Sindh, 65200, Pakistan","166","0","0","+92-71-5804144",,,,,,,"-",,,"0","0","0","4","0","0000-00-00 00:00:00"
"3594","1",,"CORIANDER SEEDS GLOBAL DATA","IMPORTER","CROGE INVESTMENTS PROPRIETARY LIMITED",,"28","0","0",,,,,,,,"-",,,"0","0","0","4","0","0000-00-00 00:00:00"
"3595","1",,"CORIANDER SEEDS GLOBAL DATA","IMPORTER","M S MAAMO GENERAL TRADING COMPANY","W 21ka Nofeembar, Mogadishu, Somalia","201","0","0",,,,,,,,"-",,,"0","0","0","4","0","0000-00-00 00:00:00"
"3596","1",,"CORIANDER SEEDS GLOBAL DATA","IMPORTER","MS MAAMO GENERAL COMPANY","W 21ka Nofeembar, Mogadishu, Somalia","201","0","0",,,,,,,,"-",,,"0","0","0","4","0","0000-00-00 00:00:00"
"3597","1",,"CORIANDER SEEDS GLOBAL DATA","IMPORTER","SARL SATPA QUARTIER DE BOUCHAOUI","M9VM+5PW, Ouled Moussa, Algeria","3","0","0","+213796315110",,,,,,,"-",,,"0","0","0","4","0","0000-00-00 00:00:00"
"3598","1",,"CORIANDER SEEDS GLOBAL DATA","IMPORTER","MS GTM GENERAL TRADING COMPANY",,"201","0","0",,,,,,,,"-",,,"0","0","0","4","0","0000-00-00 00:00:00"
"3599","1",,"CORIANDER SEEDS GLOBAL DATA","IMPORTER","NAMANGA LOGISTICS LTD","Plot No. 6129 Namanga-Kajiado Road, Kajiado, Rift Valley","113","0","0",,,,,,,,"-",,,"0","0","0","4","0","0000-00-00 00:00:00"
"3600","1",,"CORIANDER SEEDS GLOBAL DATA","IMPORTER","BLUEHILL INVESTMENTS LTD","Plot No. 209/4980 River Road, Nairobi, Kenya","113","0","0","+254 733 785793",,,,,,,"-",,,"0","0","0","4","0","0000-00-00 00:00:00"
"3601","1",,"CORIANDER SEEDS GLOBAL DATA","IMPORTER","DOLLARCITY GUATEMALA INC","Calzada Aguilar Batres #03-00, Zona 11, Ciudad de Guatemala, Guatemala, 01011","90","0","0","+502 2210 6000",,,,,,,"-",,,"0","0","0","4","0","0000-00-00 00:00:00"
"3602","1",,"CORIANDER SEEDS GLOBAL DATA","IMPORTER","PT BARKAT CITARASA INDONESIA","Pertokoan Ramayana Blok A-8, Jl. M. Toha Km 2.5, Pasar Baru, Karawaci, Kota Tangerang, Banten, 15113","102","0","0","0811-8331939, 0813-63252936","-","yulisanjoto65676@gmail.com","-","-","-","-","-",,,"0","0","29","4","0","0000-00-00 00:00:00"
"3603","1",,"CORIANDER SEEDS GLOBAL DATA","IMPORTER","PT MITRATAMA AGRO NIAGA","Menara Karya 28th Floor, Jl. H.R. Rasuna Said Blok X-5 Kav. 1-2, South Jakarta, 12950, Indonesia","102","0","0","+62 22 13334440","+62 822-1333-4440","-","-","-","-","-","-",,,"0","0","0","4","0","0000-00-00 00:00:00"
"3604","1",,"CORIANDER SEEDS GLOBAL DATA","IMPORTER","J F AGRO PRIVATE LIMITED","A-25/43 Binodbaid, Savar, Dhaka, Dhaka, 1340, Bangladesh","18","0","0","+880 17-18-387484",,,,,,,"-",,,"0","0","0","4","0","0000-00-00 00:00:00"
"3605","1",,"CORIANDER SEEDS GLOBAL DATA","IMPORTER","KHAYREDIN TRADING COMPANY",,"201","0","0",,,,,,,,"-",,,"0","0","0","4","0","0000-00-00 00:00:00"
"3606","1",,"CORIANDER SEEDS GLOBAL DATA","IMPORTER","CEYTHE INTERNATIONAL PVT LTD",,"109","0","0","(+81) 49-293-9696 (Phone), (+81) 49-293-9698 (Fax)",,,,,,,"-",,,"0","0","0","4","0","0000-00-00 00:00:00"
"3607","1",,"CORIANDER SEEDS GLOBAL DATA","IMPORTER","RP OVERSEAS DMCC DUBAI UAE","Unit No. AG-05A, AG Tower, Cluster I, Jumeirah Lakes Towers (JLT), Dubai, United Arab Emirates","201","0","0","+971 4 514 0404",,,,,,,"-",,,"0","0","0","4","0","0000-00-00 00:00:00"
"3608","1",,"CORIANDER SEEDS GLOBAL DATA","IMPORTER","BLACK SOIL TRADING LLC",,"0","0","0",,,,,,,,"-",,,"0","0","0","4","0","0000-00-00 00:00:00"
"3609","1",,"CORIANDER SEEDS GLOBAL DATA","IMPORTER","U A E",,"201","0","0",,,,,,,,"-",,,"0","0","0","4","0","0000-00-00 00:00:00"
"3610","1",,"CORIANDER SEEDS GLOBAL DATA","IMPORTER","Sheng Kimn Hong SDN BHD","No. 1231, Lorong Sungai Lokan 3/1, Kawasan Perindustrian Sungai Lokan, 13800 Sungai Dua, Butterworth, Penang, Malaysia","132","0","0","+604-356 5551 (Hunting Line), +604-356 5550 (Fax)",,"office@skhpg.com, skhspices@gmail.com",,,,,"-",,,"0","0","0","4","0","0000-00-00 00:00:00"
"3611","1",,"CORIANDER SEEDS GLOBAL DATA","IMPORTER","DOLPHIN GENERAL TRADING",,"201","0","0",,,,,,,,"-",,,"0","0","0","4","0","0000-00-00 00:00:00"
"3612","1",,"CORIANDER SEEDS GLOBAL DATA","IMPORTER","SOMALIA GTM GENERAL TRADING COMPANY",,"201","0","0",,,,,,,,"-",,,"0","0","0","4","0","0000-00-00 00:00:00"
"3613","1",,"CORIANDER SEEDS GLOBAL DATA","IMPORTER","SHUKRI ALI YABAROW",,"201","0","0",,,,,,,,"-",,,"0","0","0","4","0","0000-00-00 00:00:00"
"3614","1",,"CORIANDER SEEDS GLOBAL DATA","IMPORTER","HASHEM SAED ENTERPRISES",,"201","0","0",,,,,,,,"-",,,"0","0","0","4","0","0000-00-00 00:00:00"
"3615","1",,"CORIANDER SEEDS GLOBAL DATA","IMPORTER","GREEN GOLD SEEDS SAS","Central de Abastos de Bucaramanga, Bodega 3 - Local 3-43, Bucaramanga, Santander, Colombia","47","0","0","+57 320 3165682",,"comercial@greengold.com.co","https://greengold.com.co/",,,,"-",,,"0","0","0","4","0","0000-00-00 00:00:00"
"3616","1",,"CORIANDER SEEDS GLOBAL DATA","IMPORTER","GLOBOZOR INTERNATIOANAL TRADE PVT LTD","ILA Vila, Ashapura Road, Behind Karansinhji High School, Rajkot, Gujarat 360001, India","101","0","0","+91 90332 53350","+91 98205 89131","-","neel.doshi@globozor.com","-","-"," +91 22 4924 4900 , +91 22 4924 0040","-",,,"0","0","86","4","0","0000-00-00 00:00:00"
"3617","1",,"CORIANDER SEEDS GLOBAL DATA","IMPORTER","SHREE MADHU INTERNATIONAL","C.S No 471, Flat No F-403, Sangli, Maharashtra 416416, India","101","0","0","-","-","-","-","-","-","-","--",,,"0","0","86","4","0","0000-00-00 00:00:00"
"3618","1",,"CORIANDER SEEDS GLOBAL DATA","IMPORTER","INDIAN PRODUCTS PVT LTD","No. 604, Queens Corner, A 3 Queens Road, Bengaluru-560001, Karnataka, India","101","0","0","+91 88844 18800","-","-","-","-","-","-","-",,,"0","0","86","4","0","0000-00-00 00:00:00"
"3619","1",,"CORIANDER SEEDS GLOBAL DATA","IMPORTER","GLOBAL SEEDS INDIA PRIVATE LIMITED","4656 Roshanara Road, Delhi - 110007, India","101","0","0","+91 11-45027135","+91 7065156262","info@globalseedsindia.com","https://www.globalseedsindia.com/","-","-","-","-",,,"0","0","86","4","0","0000-00-00 00:00:00"
"3620","1",,"CORIANDER SEEDS GLOBAL DATA","IMPORTER","PATEL JIVRAM MADHAVJI","A-4, Main Line, Old Gunj Bazar, Unjha, Mehsana, Gujarat 384170, India","101","0","0","+91 98250 50508","-"," pjmexport1954@gmail.com","pjmexport1954@gmail.com","-","-","-","-",,,"0","0","86","4","0","0000-00-00 00:00:00"
"3621","1",,"CORIANDER SEEDS GLOBAL DATA","IMPORTER","RAGHUNATH CORPORATION","F.P.84, T.P.Scheme No.47, Shyam Vatika, Kholvad Opp. Opera Palace, Bhada Gam Road, Surat, Gujarat 394190, India","101","0","0",,,,,,,,"-",,,"0","0","0","4","0","0000-00-00 00:00:00"
"3622","1",,"CORIANDER SEEDS GLOBAL DATA","IMPORTER","DHAVAL AGRI EXPORTS LLP","Rajkot - Morbi Hwy, New Marketing Yard, Bedi, Rajkot, Gujarat 360003","101","0","0","-","+91‑98240 66375(Suresh chandra- purchase)","president@dhavalagri.com( Mr. Suresh), sales@dhava","https://www.dhavalagri.com/","9824200801","-","+91‑98242 00801 - Dhaval international sales","-",,,"0","0","0","4","0","0000-00-00 00:00:00"
"3623","1",,"CORIANDER SEEDS GLOBAL DATA","IMPORTER","ARPIT AGRO PRODUCTS","Ground, F-71, Ajanta Road, MIDC Area, Jalgaon, Maharashtra 425003, India","101","0","0","+91 257‑6603050 (0257‑2270050 / 2272352)","+91 88504 32738(Trade), +91 98231 15093(DM)","info@arpitagro.com","-","-","-","-","-",,,"0","0","0","4","0","0000-00-00 00:00:00"
"3624","1",,"CORIANDER SEEDS GLOBAL DATA","IMPORTER","BHANDARI AGRO PROCESSING INDUSTRIES","Gat No. 77, At Post Sakora (Mig), Taluka Niphad, Nashik, Maharashtra 422209, India","101","0","0","+91 93259 49606","-","-","info@bhandariagro.com","-","-","-","-",,,"0","0","86","4","0","0000-00-00 00:00:00"
"3625","1",,"CORIANDER SEEDS GLOBAL DATA","IMPORTER","R V Impex Logistics","No 1/47 Bajanai Koil Street, Madipakkam, Chennai, Tamil Nadu 600091, India","101","0","0","+91 9677254517",,,,,,,"-",,,"0","0","0","4","0","0000-00-00 00:00:00"
"3626","1",,"CORIANDER SEEDS GLOBAL DATA","IMPORTER","KBR SEEDS","Shop number 1, Indira Market, Sabzi Mandi Old, Delhi, 110007","101","0","0","01123821516","-","sales@kbrseeds.com","-","Surinder Kumar – ","-","+91 98738 25200","--",,,"0","0","0","4","0","0000-00-00 00:00:00"
"3627","1",,"CORIANDER SEEDS GLOBAL DATA","IMPORTER","955 SPICES PRIVATE LIMITED","B-1/25, New Kondli, Delhi - 110096, East Delhi, India","101","0","0","+91 12224421","-","sachindr348@gmail.com","-","-","-","-","-",,,"0","0","0","4","0","0000-00-00 00:00:00"
"3628","1",,"CORIANDER SEEDS GLOBAL DATA","IMPORTER","DURGA SEED FARM REGD","Plot No. 578, Industrial Area, Phase 2, Chandigarh, 160002, India","101","0","0","+91 172-2650193, +91 172-2656854, +91 172-5089358,","-","-","durgaseedfarm@gmail.com","-","-","-","-",,,"0","0","0","4","0","0000-00-00 00:00:00"
"3629","1",,"CORIANDER SEEDS GLOBAL DATA","IMPORTER","IMIALIYA LLC",,"81","0","0",,,,,,,,"-",,,"0","0","0","4","0","0000-00-00 00:00:00"
"3630","1",,"CORIANDER SEEDS GLOBAL DATA","IMPORTER","Smridu Services FZE","39, Adekunle Fajuyi Way, GRA, Ikeja, Lagos","160","0","0","+234 708 329 2071",,"sales@smridu.com",,,,,"-",,,"0","0","0","4","0","0000-00-00 00:00:00"
"3631","1",,"CORIANDER SEEDS GLOBAL DATA","IMPORTER","HALIMA JAMA YUSUF","278H+2F, Mogadishu, Somalia","201","0","0",,,,,,,,"-",,,"0","0","0","4","0","0000-00-00 00:00:00"
"3632","1",,"CORIANDER SEEDS GLOBAL DATA","IMPORTER","OZON AGRO INDUSTRY PVT LTD CO",,"201","0","0",,,,,,,,"-",,,"0","0","0","4","0","0000-00-00 00:00:00"
"3633","1",,"CORIANDER SEEDS GLOBAL DATA","IMPORTER","SOVORA SRO PRIBINOVA","Pribinova 4195/25, 811 09 Bratislava, Bratislavsk? kraj, Slovakia","197","0","0",,,,,,,,"-",,,"0","0","0","4","0","0000-00-00 00:00:00"
"3634","1",,"CORIANDER SEEDS GLOBAL DATA","IMPORTER","STERLING BANK PLC","Sterling Towers, 20 Marina, Lagos Island, Lagos, Nigeria","160","0","0","+234 1 263 5843, +234 700 822 0000",,"customercare@sterling.ng",,,,,"-",,,"0","0","0","4","0","0000-00-00 00:00:00"
"3635","1",,"CORIANDER SEEDS GLOBAL DATA","IMPORTER","FARUK AND BROTHERS","M/S Faruk and Brothers, Paindanga, Fatikchhari, Chittagong, Bangladesh","18","0","0","+880 17-831645511",,,,,,,"-",,,"0","0","0","4","0","0000-00-00 00:00:00"
"3636","1",,"CORIANDER SEEDS GLOBAL DATA","IMPORTER","P H U BARTFARM","Kwiatk?wek 11 u, 05-085 Kampinos A, Poland","175","0","0","+48224878742","-","e.kucharska@bartfarm.pl","http://www.bartfarm.pl/","ELIZABETH (ELA)","-","+48606757213","--",,,"0","0","86","4","0","0000-00-00 00:00:00"
"3637","1",,"CORIANDER SEEDS GLOBAL DATA","IMPORTER","TRUKARMA PTY LTD","48 Trigg St, Blair Athol SA 5084, Australia","13","0","0","+61870815290",,,,,,,"-",,,"0","0","0","4","0","0000-00-00 00:00:00"
"3638","1",,"CORIANDER SEEDS GLOBAL DATA","IMPORTER","Masalamagic AS","Dalsveien 57B, 0775 Oslo, Norway","164","0","0","+4790097291",,,,,,,"-",,,"0","0","0","4","0","0000-00-00 00:00:00"
"3639","1",,"CORIANDER SEEDS GLOBAL DATA","IMPORTER","SALALAH SOF OMAN",,"165","0","0",,,,,,,,"-",,,"0","0","0","4","0","0000-00-00 00:00:00"
"3640","1",,"CORIANDER SEEDS GLOBAL DATA","IMPORTER","MASPOMA SPOL SROTG MASARYKA","T. G. Masaryka 8, 960 01 Zvolen, Banskobystrick? kraj","197","0","0","+421 45 555 1111",,"info.maspoma@maspoma.sk",,,,,"-",,,"0","0","0","4","0","0000-00-00 00:00:00"
"3641","1",,"CORIANDER SEEDS GLOBAL DATA","IMPORTER","KBONG BHUTAN FOOD PVT LTD",,"25","0","0",,,,,,,,"-",,,"0","0","0","4","0","0000-00-00 00:00:00"
"3642","1",,"CORIANDER SEEDS GLOBAL DATA","IMPORTER","SHANTI TRADERS BIRGUNJ","Gaushalla Road, Birgunj 44300, Nepal","153","0","0","+977-51-4232502",,,,,,,"-",,,"0","0","0","4","0","0000-00-00 00:00:00"
"3643","1",,"CORIANDER SEEDS GLOBAL DATA","IMPORTER","Datar and Sons Ltd LLC",,"38","0","0",,,,,,,,"-",,,"0","0","0","4","0","0000-00-00 00:00:00"
"3644","1",,"CORIANDER SEEDS GLOBAL DATA","IMPORTER","K A PURCHASE MANAGER THE",,"38","0","0",,,,,,,,"-",,,"0","0","0","4","0","0000-00-00 00:00:00"
"3645","1",,"CORIANDER SEEDS GLOBAL DATA","IMPORTER","OSGN TRADING LLC",,"123","0","0",,,,,,,,"-",,,"0","0","0","4","0","0000-00-00 00:00:00"
"3646","1",,"CORIANDER SEEDS GLOBAL DATA","IMPORTER","Sentiasa Sinarjaya Resources","No.46-1 Jln PJU 8/5B Damansara Perdana, Sungai Buloh, Selangor Darul Ehsan, 47820, Malaysia","132","0","0",,,,,,,,"-",,,"0","0","0","4","0","0000-00-00 00:00:00"
"3647","1",,"CORIANDER SEEDS GLOBAL DATA","IMPORTER","A F HOOSEN SONS PTE LTD","141 Middle Road #06-07A GSM Building, Singapore 188976","196","0","0","65 8269 0704 ,65 6012 1786","-","sales@afhoosen.com","afhoosen.com","Aliasgar Fakhrudin (Director)","yakuta2006@gmail.com","-","-","-","-","0","0","86","4","0","0000-00-00 00:00:00"
"3648","1",,"CORIANDER SEEDS GLOBAL DATA","IMPORTER","PRODUCT AND PRODUCE PTE LTD","410 Jurong West Street 42, #10-897, Singapore 640410","196","0","0","65 6733 8643",,,,,,,"-",,,"0","0","0","4","0","0000-00-00 00:00:00"
"3649","1",,"CORIANDER SEEDS GLOBAL DATA","IMPORTER","Treezy Trends Pte Ltd","756 Pasir Ris Street 71, #11-150, Singapore 510756

Space@Tampines, 02-06A, 18 Tampines Industrial Crescent, Singapore 528605","196","0","0",,,"treezytrends@gmail.com",,,,,"-",,,"0","0","0","4","0","0000-00-00 00:00:00"
"3650","1",,"CORIANDER SEEDS GLOBAL DATA","IMPORTER","BANK OF CHINA GARDEN ROAD CENTRAL HONG KONG","Bank Of China Tower, 1 Garden Rd, Central, Hong Kong","98","0","0","+85228266888",,,"http://www.bochk.com/",,,,"-",,,"0","0","0","4","0","0000-00-00 00:00:00"
"3651","1",,"CORIANDER SEEDS GLOBAL DATA","IMPORTER","Jiangmen Mujur Food Ltd","No. 5 East Street, Songxiangshan Industrial Zone, Songling Village, Duruan Town, Jiangmen, Guangdong, 529075, China","44","0","0",,,,,,,,"-",,,"0","0","0","4","0","0000-00-00 00:00:00"
"3652","1",,"CORIANDER SEEDS GLOBAL DATA","IMPORTER","Bonavistamalidves Pvt Ltd","Ma. Malaaz, Huvadhuma Goalhi, Ma, Dutsi ma, Maldives","133","0","0","+960 300-5926",,,,,,,"-",,,"0","0","0","4","0","0000-00-00 00:00:00"
"3653","1",,"CORIANDER SEEDS GLOBAL DATA","IMPORTER","KARUS INDIA BANANA LEAF RESTAURANT","810A Upper Bukit Timah Road, Singapore 678145","196","0","0","65) 6762 7284",,,,,,,"-",,,"0","0","0","4","0","0000-00-00 00:00:00"
"3654","1",,"CORIANDER SEEDS GLOBAL DATA","IMPORTER","JAYARR IMPEX S PTE LTD","1 Upper Aljunied Link, #08-05, Singapore 367901","196","0","0","65 9877 9537",,,,,,,"-",,,"0","0","0","4","0","0000-00-00 00:00:00"
"3655","1",,"CORIANDER SEEDS GLOBAL DATA","IMPORTER","VIJAYAM BIZ SOLUTIONS PTE LTD","80 Gentine Lane, #04-03, Singapore 349565","196","0","0","+65 91394147",,,,,,,"-",,,"0","0","0","4","0","0000-00-00 00:00:00"
"3656","1",,"CORIANDER SEEDS GLOBAL DATA","IMPORTER","WEFRT KHAIRAT ALBASRAH GENERAL TRAD ING CO OFFICE","Aljazaer District, Basrah, Iraq","104","0","0","+964 770 556 5555",,,,,,,"-",,,"0","0","0","4","0","0000-00-00 00:00:00"
"3657","1",,"CORIANDER SEEDS GLOBAL DATA","IMPORTER","NUTRIFRESH FOODS LTD","60 Hymus Blvd, Pointe-Claire, QC H9R 1C9 (Montreal Office)","38","0","0","+1(514) 331-2099",,"info@nutrifreshfoods.ca","https://nutrifreshfoods.ca/",,,,"-",,,"0","0","0","4","0","0000-00-00 00:00:00"
"3658","1",,"CORIANDER SEEDS GLOBAL DATA","IMPORTER","CALIBER ESSENTIALS PTE LTD","79 Syed Alwi Road, Singapore 207658","196","0","0","+65 6419 9199",,,,,,,"-",,,"0","0","0","4","0","0000-00-00 00:00:00"
"3659","1",,"CORIANDER SEEDS GLOBAL DATA","IMPORTER","EURO BANK","Athanasiou Karpenisioti 37, Karpenisi, Sterea Ellada, 361 00, Greece","85","0","0","30 2237 025042",,,,,,,"-",,,"0","0","0","4","0","0000-00-00 00:00:00"
"3660","1",,"CORIANDER SEEDS GLOBAL DATA","IMPORTER","SARAVANA DISTRIBUTORS PTE LTD","124 Owen Road, #01-01, Singapore 218928","196","0","0","+65 6294 8134",,,,,,,"-",,,"0","0","0","4","0","0000-00-00 00:00:00"
"3661","1",,"CORIANDER SEEDS GLOBAL DATA","IMPORTER","CHUAN HONG GRINDING MILL SDN BHD","MK. 14, No. 6245, Jalan Sungai Puyu, 13020 Butterworth, Pulau Pinang, Malaysia","132","0","0","+604-323 3962","-","-","-","-","-","-","--",,,"0","0","0","4","0","0000-00-00 00:00:00"
"3662","1",,"CORIANDER SEEDS GLOBAL DATA","IMPORTER","RIGHT SPICES AND GRAINS WLL","Building 199, Zone 42, Street 230, C Ring Road, Near Gulf Times Building, Doha, Qatar","178","0","0","+974 4402 9888",,,,,,,"-",,,"0","0","0","4","0","0000-00-00 00:00:00"
"3663","1",,"CORIANDER SEEDS GLOBAL DATA","IMPORTER","AHMAD AND CO",,"153","0","0",,,,,,,,"-",,,"0","0","0","4","0","0000-00-00 00:00:00"
"3664","1",,"CORIANDER SEEDS GLOBAL DATA","IMPORTER","INDOSPICE SDN","No. 16, Jalan Hamilton, 11600 George Town, Penang, Malaysia","132","0","0","+604-283 1053","-","info@indospice.com.my","-","-","PURCHASING@INDOSPICE.COM.MY","-","--",,,"0","0","0","4","0","0000-00-00 00:00:00"
"3665","1",,"CORIANDER SEEDS GLOBAL DATA","IMPORTER","Thillai Super Market Pte Ltd","600 Serangoon Road , Singapore 218211","196","0","0","+65 84555543",,"contact@thillaisupermarket.com",,,,,"-",,,"0","0","0","4","0","0000-00-00 00:00:00"
"3666","1",,"CORIANDER SEEDS GLOBAL DATA","IMPORTER","MOHAMED NASER ALHAJERY SONS CO L","(Opposite to Sri Vadapathira Kaliamman Temple)","117","0","0","+965 2483 1000 / 1 807 777",,"mnh@hajery.com",,,,,"-",,,"0","0","0","4","0","0000-00-00 00:00:00"
"3667","1",,"CORIANDER SEEDS GLOBAL DATA","IMPORTER","Sri Mrb Traders Pte Ltd","11 Woodlands Close, #09-22, Woodlands 11, Singapore 737853","196","0","0","+65 8189 2185",,"sathvafoods@gmail.com",,,,,"-",,,"0","0","0","4","0","0000-00-00 00:00:00"
"3668","1",,"CORIANDER SEEDS GLOBAL DATA","IMPORTER","SRI MURUGAN MANUFACTURING PTE LTD","5 Second Chin Bee Road, Singapore 618772","196","0","0","+65 6734 3045",,,,,,,"-",,,"0","0","0","4","0","0000-00-00 00:00:00"
"3669","1",,"CORIANDER SEEDS GLOBAL DATA","IMPORTER","GURI INDIAN SUPERMARKET LIMITED","Flat/RM A 12/F, ZJ 300, 300 Lockhart Road, Wan Chai, Hong Kong","98","0","0",,,,,,,,"-",,,"0","0","0","4","0","0000-00-00 00:00:00"
"3670","1",,"CORIANDER SEEDS GLOBAL DATA","IMPORTER","SUBA SEEDS COMPANY S P A","Via Emilia, 1810, Longiano, FC, 47020, Italy","107","0","0","+39 0547 56191",,"suba@subaseeds.com",,,,,"-",,,"0","0","0","4","0","0000-00-00 00:00:00"
"3671","1",,"CORIANDER SEEDS GLOBAL DATA","IMPORTER","SIVASHAN IMPORTSANDEXPORTS PNG LTD",,"92","0","0",,,,,,,,"-",,,"0","0","0","4","0","0000-00-00 00:00:00"
"3672","1",,"CORIANDER SEEDS GLOBAL DATA","IMPORTER","SIDHI IMPEX PVTLIMITED","Birgunj Mahanagarpalika-13, Parsa, Nepal","153","0","0",,,,,,,,"-",,,"0","0","0","4","0","0000-00-00 00:00:00"
"3673","1",,"CORIANDER SEEDS GLOBAL DATA","IMPORTER","Shenzhen Skgrandbuy Ecommerce Ltd","11B, Building 1032, Cuizhu Street, Dongmen North Road, Luohu District, Shenzhen, Guangdong, 518001, China","44","0","0",,,,,,,,"-",,,"0","0","0","4","0","0000-00-00 00:00:00"
"3674","1",,"CORIANDER SEEDS GLOBAL DATA","IMPORTER","ANSELL-DELLIS COMPANY LIMITED","14, Arodromo Road, Apapa, V/I, Lagos, Lagos","160","0","0","+234 803 302 4866",,"fidel4kips@yahoo.co.uk",,,,,"-",,,"0","0","0","4","0","0000-00-00 00:00:00"
"3675","1",,"CORIANDER SEEDS GLOBAL DATA","IMPORTER","Hindustani Food Marbella S L","C. Granito, 7, 29603 Marbella, M?laga, Spain","155","0","0","+34965710731",,,,,,,"-",,,"0","0","0","4","0","0000-00-00 00:00:00"
"3676","1",,"CORIANDER SEEDS GLOBAL DATA","IMPORTER","STENA BEAUTY PTE","21 Lorong Ampas #04-00 Hainan Industrial Building, Singapore 328782","196","0","0","+65 9837 4030",,,,,,,"-",,,"0","0","0","4","0","0000-00-00 00:00:00"
"3677","1",,"CORIANDER SEEDS GLOBAL DATA","IMPORTER","TOP PLUS SUPERMARKET SIGLAP PTE","709 East Coast Road, Frankel Estate, Singapore 459064","196","0","0","+65 9347 8007",,,,,,,"-",,,"0","0","0","4","0","0000-00-00 00:00:00"
"3678","1",,"CORIANDER SEEDS GLOBAL DATA","IMPORTER","FREIGHT MARK LOGISTICS S PTE LTD","70 Alps Ave, Changi 498801, Singapore","196","0","0","+65 6542 3221",,,,,,,"-",,,"0","0","0","4","0","0000-00-00 00:00:00"
"3679","1",,"CORIANDER SEEDS GLOBAL DATA","IMPORTER","ENTRE NOUS","51 Quai Clemenceau, 69300 Caluire-et-Cuire, France","75","0","0","+33 4 78 28 42 60",,,,,,,"-",,,"0","0","0","4","0","0000-00-00 00:00:00"
"3680","1",,"CORIANDER SEEDS GLOBAL DATA","IMPORTER","ONESTO PRIVATE LIMITED","I Rasheed Fihaara (Irumathi Bai, 20002, Maldives","133","0","0","+9603013755",,,,,,,"-",,,"0","0","0","4","0","0000-00-00 00:00:00"
"3681","1",,"CORIANDER SEEDS GLOBAL DATA","IMPORTER","SAHU GENARAL STORE",,"153","0","0",,,,,,,,"-",,,"0","0","0","4","0","0000-00-00 00:00:00"
"3682","1",,"CORIANDER SEEDS GLOBAL DATA","IMPORTER","STENA BEAUTY PTE LTD","50 East Coast Road, #02-30, Roxy Square, Singapore 428769","196","0","0","+65 9837 4030",,,,,,,"-",,,"0","0","0","4","0","0000-00-00 00:00:00"
"3683","1",,"CORIANDER SEEDS GLOBAL DATA","IMPORTER","Rothmans Marketing Pte Ltd","1 Tuas Bay Close, #05-03, Singapore 636997","196","0","0",,,,,,,,"-",,,"0","0","0","4","0","0000-00-00 00:00:00"
"3684","1",,"CORIANDER SEEDS GLOBAL DATA","IMPORTER","K K Foods","55 Stafford Dr, Unit I, Brampton, ON L6W 1L3, Canada","38","0","0","+1(416) 906-7263

",,"info@kandkfoodliner.com","https://kandkfoods.ca/",,,,"-",,,"0","0","0","4","0","0000-00-00 00:00:00"
"3685","1",,"CORIANDER SEEDS GLOBAL DATA","IMPORTER","M S SP MUTHIAH SONS PTE LTD","9 Kaki Bukit Road 1 #03-06, Eunos Technolink, 415938, Singapore","196","0","0","+65 6242 5429",,"sales@spmuthiah.com",,,,,"-",,,"0","0","0","4","0","0000-00-00 00:00:00"
"3686","1",,"CORIANDER SEEDS GLOBAL DATA","IMPORTER","Amra Catering Pte Ltd","8A Admiralty Street, #04-06, Food Xchange @ Admiralty, Singapore 757437","196","0","0","+65 6362 1718",,,,,,,"-",,,"0","0","0","4","0","0000-00-00 00:00:00"
"3687","1",,"CORIANDER SEEDS GLOBAL DATA","IMPORTER","M S FARIYA SEED COMPANY",,"18","0","0",,,,,,,,"-",,,"0","0","0","4","0","0000-00-00 00:00:00"
"3688","1",,"CORIANDER SEEDS GLOBAL DATA","IMPORTER","SELVI MILLS S PTE LTD","63 Quality Road, Singapore 618819","196","0","0","+65 6778 2693",,"selvimillacc@yahoo.com",,,,,"-",,,"0","0","0","4","0","0000-00-00 00:00:00"
"3689","1",,"CORIANDER SEEDS GLOBAL DATA","IMPORTER","THE MANADALA GLOBAL","14 Canberra Drive, #06-31 Eight Courtyards, Singapore 768096","196","0","0",,,,,,,,"-",,,"0","0","0","4","0","0000-00-00 00:00:00"
"3690","1",,"CORIANDER SEEDS GLOBAL DATA","IMPORTER","M S A P ENTERPRISE","379/6, Saheed Tajuddin Ahmed, Kabir Sarani Rd, Dhaka, Bangladesh","18","0","0",,,,,,,,"-",,,"0","0","0","4","0","0000-00-00 00:00:00"
"3691","1",,"CORIANDER SEEDS GLOBAL DATA","IMPORTER","Avighna Impex Pte Ltd","306 Tanjong Katong Road, Singapore 437089","196","0","0",,,,,,,,"-",,,"0","0","0","4","0","0000-00-00 00:00:00"
"3692","1",,"CORIANDER SEEDS GLOBAL DATA","IMPORTER","HEALTHY CRAFTS GENERAL TRADING","Jumana Complex, Hawally, Tunis Street, 3rd Floor, Office No. 4, Kuwait","117","0","0","+965 22633010",,,,,,,"-",,,"0","0","0","4","0","0000-00-00 00:00:00"
"3693","1",,"CORIANDER SEEDS GLOBAL DATA","IMPORTER","Organizacoes Saza Limitada",,"6","0","0",,,,,,,,"-",,,"0","0","0","4","0","0000-00-00 00:00:00"
"3694","1",,"CORIANDER SEEDS GLOBAL DATA","IMPORTER","UOB Bank United Overseas Bank","80 Raffles Place, UOB Plaza 1, Singapore 048624","196","0","0","+65 1800 222 2121",,"customer.service@uobgroup.com",,,,,"-",,,"0","0","0","4","0","0000-00-00 00:00:00"
"3695","1",,"CORIANDER SEEDS GLOBAL DATA","IMPORTER","GRAND GROCERIA PTE LTD","7 Temasek Boulevard, #12-07, Suntec Tower One, Singapore 038987","196","0","0","+65 9003 947",,"purchase@grandgroceria.com",,,,,"-",,,"0","0","0","4","0","0000-00-00 00:00:00"
"3696","1",,"CORIANDER SEEDS GLOBAL DATA","IMPORTER","SHIV IMPORTS PTY LTD","5 George St, Strathfield NSW 2135, Australia","13","0","0","+61413939862",,,,,,,"-",,,"0","0","0","4","0","0000-00-00 00:00:00"
"3697","1",,"CORIANDER SEEDS GLOBAL DATA","IMPORTER","M SSP Muthiah and Sons Pte","9 Kaki Bukit Road 1 #03-06, Eunos Technolink, 415938, Singapore","196","0","0","+65 6242 5429",,"sales@spmuthiah.com",,,,,"-",,,"0","0","0","4","0","0000-00-00 00:00:00"
"3698","1",,"CORIANDER SEEDS GLOBAL DATA","IMPORTER","WW IMPORT EXPORT CO LTD",": No. 5 E0 E1, Kouk Khleang, Phnom Penh Thmei, Sen Sok, Phnom Penh, Cambodia","36","0","0","+855 89 499 933",,,,,,,"-",,,"0","0","0","4","0","0000-00-00 00:00:00"
"3699","1",,"CORIANDER SEEDS GLOBAL DATA","IMPORTER","VICTORY VISION TRADING","Block 50-03-01 Lorong Batu Nilam 4A, Bandar Bukit Tinggi 1, 41200 Klang, Selangor, Malaysia","132","0","0","+603-5569 1234","-","-","-","-","-","-","-",,,"0","0","0","4","0","0000-00-00 00:00:00"
"3700","1",,"CORIANDER SEEDS GLOBAL DATA","IMPORTER","LUNA IMPEX M SDN BHD","No 23-G Jalan Kemuning Prima D/33D Kemuning Utama Seksyen 33, Shah Alam, Selangor, 40460, Malaysia","132","0","0",,,,,,,,"-",,,"0","0","0","4","0","0000-00-00 00:00:00"
"3701","1",,"CORIANDER SEEDS GLOBAL DATA","IMPORTER","KOMALA S FOODS SERVICES PTE LTD","3 Upper Dickson Road, Singapore 207463","196","0","0","+65 6293 4464",,"contact@KomalasRestaurants.com",,,,,"-",,,"0","0","0","4","0","0000-00-00 00:00:00"
"3702","1",,"CORIANDER SEEDS GLOBAL DATA","IMPORTER","SHAOXING BHOOMI IMPORT EXPORT CO","502, Huatai Building, Keqiao, Shaoxing, Zhejiang, 312030, China","44","0","0","+86 575 84784062 (Phone), +86 13105759405 (Mobile)",,"annie.he@bhoomi.com.cn",,,,,"-",,,"0","0","0","4","0","0000-00-00 00:00:00"
"3703","1",,"CORIANDER SEEDS GLOBAL DATA","IMPORTER","PRISHA TRADE CONCERM","Naryantar, Shanker Chowk, Jorpati-4, Kathmandu, Nepal","153","0","0","+977-1-4911405 / 977-1-2073306",,"tskandsk@wlink.com.np / veddyestrade@gmail.com",,,,,"-",,,"0","0","0","4","0","0000-00-00 00:00:00"
"3704","1",,"CORIANDER SEEDS GLOBAL DATA","IMPORTER","Pramukh Export Pty Ltd","Unit 3/19 Harris St, North St Marys NSW 2760, Australia","13","0","0","+61 1300 772 685",,,,,,,"-",,,"0","0","0","4","0","0000-00-00 00:00:00"
"3705","1",,"CORIANDER SEEDS GLOBAL DATA","IMPORTER","Leems Collection Pte Ltd","621 Aljunied Road #05-08, Lipo Building, Singapore 389834","196","0","0",,,,,,,,"-",,,"0","0","0","4","0","0000-00-00 00:00:00"
"3706","1",,"CORIANDER SEEDS GLOBAL DATA","IMPORTER","PESHWAIS PTE LIMITED","35 Jurong East Avenue 1, #05-02, Parc Oasis, Singapore 609774","196","0","0","+65 6291 0835",,,,,,,"-",,,"0","0","0","4","0","0000-00-00 00:00:00"
"3707","1",,"CORIANDER SEEDS GLOBAL DATA","IMPORTER","CLASSIC FASHION APPAREL INDUSTRY","Al Hassan Industrial Estate, P.O Box 54, Ramtha, Irbid, Jordan 21467","111","0","0","+962 273 91369, +962 273 91368",,"info@classicfashionapparel.com",,,,,"-",,,"0","0","0","4","0","0000-00-00 00:00:00"
"3708","1",,"CORIANDER SEEDS GLOBAL DATA","IMPORTER","Credit Industriel Et Commercial","6 Avenue de Provence, 75452 Paris Cedex 9, France","75","0","0","+33 1 45 96 96 96",,"filbass@cic.fr",,,,,"-",,,"0","0","0","4","0","0000-00-00 00:00:00"
"3709","1",,"CORIANDER SEEDS GLOBAL DATA","IMPORTER","THE MANADALA GLOBALSINGAPORE","14 Canberra Drive, #06-31 Eight Courtyards, Singapore 768096","196","0","0",,,,,,,,"-",,,"0","0","0","4","0","0000-00-00 00:00:00"
"3710","1",,"CORIANDER SEEDS GLOBAL DATA","IMPORTER","SRI VARAAHI TRADERS","21 Bukit Batok Crescent, #28-78, Wcega Tower, Singapore 658065","196","0","0",,,,,,,,"-",,,"0","0","0","4","0","0000-00-00 00:00:00"
"3711","1",,"CORIANDER SEEDS GLOBAL DATA","IMPORTER","TREEZY TRENDS PTE LIMITED","756 Pasir Ris Street 71, #11-150, Singapore 510756","196","0","0",,,"treezytrends@gmail.com",,,,,"-",,,"0","0","0","4","0","0000-00-00 00:00:00"
"3712","1",,"CORIANDER SEEDS GLOBAL DATA","IMPORTER","INDIAN IMPORTS PTY LIMITED","4/25 Infinity Dr, Truganina VIC 3029, Australia","13","0","0","+61479137496",,,,,,,"-",,,"0","0","0","4","0","0000-00-00 00:00:00"
"3713","1",,"CORIANDER SEEDS GLOBAL DATA","IMPORTER","MEI LE PTE LTD","#01-31, Opp Watson, Level 1 left of main entrance, 10 Anson Road, International Plaza, Singapore 079903","196","0","0","+65 9785 0221",,"meileco.sg@gmail.com",,,,,"-",,,"0","0","0","4","0","0000-00-00 00:00:00"
"3714","1",,"CORIANDER SEEDS GLOBAL DATA","IMPORTER","GLORY TRADING MINIMART PTE LTD B","27 Norris Road, Singapore 208269","196","0","0","+65 9060 1107",,,,,,,"-",,,"0","0","0","4","0","0000-00-00 00:00:00"
"3715","1",,"CORIANDER SEEDS GLOBAL DATA","IMPORTER","A M Trading Enterprise Pte Ltd","470 Serangoon Road, Singapore 218143","196","0","0","+65 6846 8034",,"amtrading2004@gmail.com",,,,,"-",,,"0","0","0","4","0","0000-00-00 00:00:00"
"3716","1",,"CORIANDER SEEDS GLOBAL DATA","IMPORTER","RBC ROYAL BANK","10 York Mills Rd, 3rd Floor, Toronto, ON M2P 0A2","38","0","0","+1 (800) 769-2511 (Toll-Free) or +1 (416) 974-5000",,,"https://www.rbcroyalbank.com/",,,,"-",,,"0","0","0","4","0","0000-00-00 00:00:00"
"3717","1",,"CORIANDER SEEDS GLOBAL DATA","IMPORTER","MAHARAJA MART LTD","2/F, Haiphong Mansion, 99-101 Nathan Rd, Tsim Sha Tsui, Kowloon, Hong Kong","98","0","0","+852 2756 5611",,"mahamarthk@gmail.com",,,,,"-",,,"0","0","0","4","0","0000-00-00 00:00:00"
"3718","1",,"CORIANDER SEEDS GLOBAL DATA","IMPORTER","Casuarina Curry Banana Leaf Pte Ltd","187 MacPherson Road, Sennett Estate, Singapore 348545","196","0","0","+65 6285 9001",,"enquiry@casuarinacurry.com",,,,,"-",,,"0","0","0","4","0","0000-00-00 00:00:00"
"3719","1",,"CORIANDER SEEDS GLOBAL DATA","IMPORTER","GS HALL A DIVISION OF DAVIS TRADING COMPANY","2 Carmont Place, Mount Wellington, Auckland 1060, New Zealand","157","0","0","+64 9 270 0725",,"theresa.calman@gshall.co.nz",,,,,"-",,,"0","0","0","4","0","0000-00-00 00:00:00"
"3720","1",,"CORIANDER SEEDS GLOBAL DATA","IMPORTER","JUMBO SPICES LIMITED","Plot No. 256/1 Eastleigh 1st Avenue, Nairobi, Kenya","113","0","0","+254 715 558343 or +254 715 558993",,,,,,,"-",,,"0","0","0","4","0","0000-00-00 00:00:00"
"3721","1",,"CORIANDER SEEDS GLOBAL DATA","IMPORTER","DIST EL CO",,"142","0","0",,,,,,,,"-",,,"0","0","0","4","0","0000-00-00 00:00:00"
"3722","1",,"CORIANDER SEEDS GLOBAL DATA","IMPORTER","YASH ENTERPRISE NV","Mr. Treublaan 7, 1097 DP Amsterdam, Netherlands","155","0","0","+31 20 205 0104",,,,,,,"-",,,"0","0","0","4","0","0000-00-00 00:00:00"
"3723","1",,"CORIANDER SEEDS GLOBAL DATA","IMPORTER","NIMS PTE LTD","12 Woodlands Link, Singapore 738740","196","0","0","+65 6449 1922",,"nimspl@singnet.com.sg",,,,,"-",,,"0","0","0","4","0","0000-00-00 00:00:00"
"3724","1",,"CORIANDER SEEDS GLOBAL DATA","IMPORTER","LEONG HUAT TIEN GUAN TRADING SDN BHD","Lot 79, Jalan IKS MJ 4, Taman Malim Jaya, 75350, Melaka, Malaysia","132","0","0","+606-334 0684","-","leonghuat_tg@yahoo.com","-","-","-","-","--",,,"0","0","86","4","0","0000-00-00 00:00:00"
"3725","1",,"CORIANDER SEEDS GLOBAL DATA","IMPORTER","AL ZAHARAA INTL GENTRD CONT","Jleeb Al-Shuyoukh - Block 4 - Street 6 - Parcel 167 A15 - Ground floor - Shop No. 14769953, Farwaniyah, Kuwait","117","0","0","+965 24 55020",,,,,,,"-",,,"0","0","0","4","0","0000-00-00 00:00:00"
"3726","1",,"CORIANDER SEEDS GLOBAL DATA","IMPORTER","ESPECIERA DEL SUR LTDA","Mar?a Josefina 951, Lampa, Santiago, 9380000, Chile","43","0","0","+56 2 2745 3152",,,"https://especieradelsur.cl/",,,,"-",,,"0","0","0","4","0","0000-00-00 00:00:00"
"3727","1",,"CORIANDER SEEDS GLOBAL DATA","IMPORTER","SOHOOL WADI KHAWLAN CO",,"191","0","0",,,,,,,,"-",,,"0","0","0","4","0","0000-00-00 00:00:00"
"3728","1",,"CORIANDER SEEDS GLOBAL DATA","IMPORTER","CEYCAN AGRO LTD","Unit 4, 465 Milner Avenue, Toronto, ON M1B 2K4","38","0","0","+1(416) 459-7519",,"ceycanltd@gmail.com","https://www.ceycanagro.com/",,,,"-",,,"0","0","0","4","0","0000-00-00 00:00:00"
"3729","1",,"CORIANDER SEEDS GLOBAL DATA","IMPORTER","SOLANCE INDUSTRIES SA","Zone Industrial Sandiara, Route de Kaolack, Sandiara, Mbour, Senegal","192","0","0","+221 78 222 71 71, +221 33 867 20 22",,"info@solanceafrica.com",,,,,"-",,,"0","0","0","4","0","0000-00-00 00:00:00"
"3730","1",,"CORIANDER SEEDS GLOBAL DATA","IMPORTER","Aswant Group Pty Ltd","P.O. Box No: 1675, Victoria, Mahe, Seychelles","194","0","0","+248 2482725574",,,,,,,"-",,,"0","0","0","4","0","0000-00-00 00:00:00"
"3731","1",,"CORIANDER SEEDS GLOBAL DATA","IMPORTER","KANHA INTERNATIONAL",,"153","0","0",,,,,,,,"-",,,"0","0","0","4","0","0000-00-00 00:00:00"
"3732","1",,"CORIANDER SEEDS GLOBAL DATA","IMPORTER","Peshwais Pte Ltd","35 Jurong East Avenue 1, #05-02 Parc Oasis, Singapore 609774","196","0","0","+65 6291 0835",,,,,,,"-",,,"0","0","0","4","0","0000-00-00 00:00:00"
"3733","1",,"CORIANDER SEEDS GLOBAL DATA","IMPORTER","KENSA MALDIVES PRIVATE LIMITED RISING SUN FINFENMAA GOATHI 20014 K MALE REP OF MALDIVES","Rising Sun Finifenmaa Goalhi, Mal?, 20014, Maldives","133","0","0","+960 761-3870",,,,,,,"-",,,"0","0","0","4","0","0000-00-00 00:00:00"
"3734","1",,"CORIANDER SEEDS GLOBAL DATA","IMPORTER","DORJI AND OM TSHONGKHANG","FM25+367, Thimphu, Bhutan","25","0","0",,,,,,,,"-",,,"0","0","0","4","0","0000-00-00 00:00:00"
"3735","1",,"CORIANDER SEEDS GLOBAL DATA","IMPORTER","HANIFFA PTE LTD","104-120 Dunlop Street, Singapore 209437","196","0","0","+65 6339 0926",,"info@haniffa.com.sg",,,,,"-",,,"0","0","0","4","0","0000-00-00 00:00:00"
"3736","1",,"CORIANDER SEEDS GLOBAL DATA","IMPORTER","Oversea Chinese Banking Corporation Ltd","OCBC Centre East, 63 Chulia Street, #10-00, Singapore 049514","196","0","0","+65 6538 1111",,,,,,,"-",,,"0","0","0","4","0","0000-00-00 00:00:00"
"3737","1",,"CORIANDER SEEDS GLOBAL DATA","IMPORTER","PCL INC","5 Chome-44-14-107 Nakano, Nakano City, Tokyo 164-0001, Japan","109","0","0","+81363266713",,,"https://pcl-japan.jp/%E4%BC%9A%E7%A4%BE%E6%A6%82%E8%A6%81/",,,,"-",,,"0","0","0","4","0","0000-00-00 00:00:00"
"3738","1",,"CORIANDER SEEDS GLOBAL DATA","IMPORTER","COMPANY BAZEL LTD","P.O Box 917, Al Jubail - 31951, Kingdom of Saudi Arabia","191","0","0","+966 13 361 1280, +966 13 361 4685",,"contact@bezelarabia.com",,,,,"-",,,"0","0","0","4","0","0000-00-00 00:00:00"
"3739","1",,"CORIANDER SEEDS GLOBAL DATA","IMPORTER","ANREO TRANSIT SARL",,"37","0","0",,,,,,,,"-",,,"0","0","0","4","0","0000-00-00 00:00:00"
"3740","1",,"CORIANDER SEEDS GLOBAL DATA","IMPORTER","TRADE FINANCE OPERATION ICICI BANK",,"38","0","0","+1 (416) 981-0000 (General Inquiries for ICICI Ban",,,"www.icicibank.ca/business/tradefinance/default",,,,"-",,,"0","0","0","4","0","0000-00-00 00:00:00"
"3741","1",,"CORIANDER SEEDS GLOBAL DATA","IMPORTER","GIANT INVESTMENT PVT LTD",,"133","0","0",,,,,,,,"-",,,"0","0","0","4","0","0000-00-00 00:00:00"
"3742","1",,"CORIANDER SEEDS GLOBAL DATA","IMPORTER","SEMILLAS HORTACH GROUP SAC","Loma Hermosa 258 Dpto. 401, Urb. Prolg. Benavides - Santiago de Surco, Lima, Peru","172","0","0","+51 012744910",,"info@hortach.com",,,,,"-",,,"0","0","0","4","0","0000-00-00 00:00:00"
"3743","1",,"CORIANDER SEEDS GLOBAL DATA","IMPORTER","KUSHIARA SEEDS","2nd Floor, Surma Tower, 204 VIP Rd, Sylhet 3100, Bangladesh","18","0","0","+8801772842490",,,"http://www.kushiaraseeds.com/",,,,"-",,,"0","0","0","4","0","0000-00-00 00:00:00"
"3744","1",,"CORIANDER SEEDS GLOBAL DATA","IMPORTER","OOO VERESK","d. 98 k. 10 etazh 0 pom. I kom. 16, ul. Profsoyuznaya, Moscow, 117485, Russian Federation","181","0","0","+7 (48234) 2-04-56",,"info@vereck.com",,,,,"-",,,"0","0","0","4","0","0000-00-00 00:00:00"
"3745","1",,"CORIANDER SEEDS GLOBAL DATA","IMPORTER","LLC ALE IMPORT","2345 Cobb Pkwy SE, Smyrna, GA 30080, United States","81","0","0",,,,,,,,"-",,,"0","0","0","4","0","0000-00-00 00:00:00"
"3746","1",,"CORIANDER SEEDS GLOBAL DATA","IMPORTER","UMAEXPO PRIVATE LIMITED","Flat 15, Ganga Jamuna Apartment, 28/1, Shakespeare Sarani, Kolkata, West Bengal 700017, India","101","0","0","+91 033-40019730, +91 033-40033058",,,"care@umaexpo.in",,,,"-",,,"0","0","0","4","0","0000-00-00 00:00:00"
"3747","1",,"CORIANDER SEEDS GLOBAL DATA","IMPORTER","STENA BEAUTY PTE LIMITED","21 Lorong Ampas, #04-00 Hainan Industrial Building, Singapore 328782","196","0","0","+65 9837 4030",,,,,,,"-",,,"0","0","0","4","0","0000-00-00 00:00:00"
"3748","1",,"CORIANDER SEEDS GLOBAL DATA","IMPORTER","P T SUMBER ALAM JAYA PERKASA JALAN KAPTEN SUMARSONO KOMPLEK GRAHA","Jl. Kapten Sumarsono Komp. Graha Metropolitan 32, Medan 20124, Sumatera Utara, Indonesia","102","0","0","+62 61 80442888","+62 819 4422 9990 ​","sajp.berau@gmail.com","-","-","SAJPERKASA4228@GAMIL.COM","-","-",,,"0","0","0","4","0","0000-00-00 00:00:00"
"3750","1",,"CORIANDER SEEDS GLOBAL DATA","IMPORTER","ADINATH CORPORATION","First Floor, Shop No 1, Nirman Complex, Vishnagar Road, Unjha, Mehsana, Gujarat 384170, India","101","0","0","+91 099797 82126",,,"info@adinathcorporation.co.in",,,,"-",,,"0","0","0","4","0","0000-00-00 00:00:00"
"3751","1",,"CORIANDER SEEDS GLOBAL DATA","IMPORTER","IBRAHIM TRADERS","Sheikh Hindi Manzil, Sheikh Hindi Colony, A/1, Outside Bhati Gate, Lahore, Punjab, Pakistan","166","0","0","+92-42-37650205",,,,,,,"-",,,"0","0","0","4","0","0000-00-00 00:00:00"
"3752","1",,"CORIANDER SEEDS GLOBAL DATA","IMPORTER","IMPORTADORA ALASKA IMPORALASKA S A","Av. De Los Shyris N44-345 y Av. 6 De Diciembre, PB Sector El Inca, Quito, Pichincha, Ecuador","63","0","0","+593 2 225 9410 / +593 2 225 9411 / +593 098 305 7",,"alaska@imporalaska.com / gfonseca@imporalaska.com",,"https://www.imporalaska.com/",,,"-",,,"0","0","0","4","0","0000-00-00 00:00:00"
"3753","1",,"CORIANDER SEEDS GLOBAL DATA","IMPORTER","SARAH CRUZ",,"35","0","0",,,,,,,,"-",,,"0","0","0","4","0","0000-00-00 00:00:00"
"3754","1",,"CORIANDER SEEDS GLOBAL DATA","IMPORTER","SG",,"196","0","0",,,,,,,,"-",,,"0","0","0","4","0","0000-00-00 00:00:00"
"3755","1",,"CORIANDER SEEDS GLOBAL DATA","IMPORTER","NOTIFY 1DAWOOD FLOUR MILL AND PROVISION PTE LIMITED","Block 3017 Bedok North Street 5, #06-02 Gourmet East Kitchen, Singapore 486121","196","0","0","+65 6445 0733",,"dawoodspices786@gmail.com",,,,,"-",,,"0","0","0","4","0","0000-00-00 00:00:00"
"3756","1",,"CORIANDER SEEDS GLOBAL DATA","IMPORTER","EXIM CORPORATION NZ LTD 3 24 MOUNT","Flat 3/14 Mount Smart Road, Royal Oak, Auckland 1061","0","0","0","+64 210 819 8073",,"admin@eximcorporation.co.nz",,,,,"-",,,"0","0","0","4","0","0000-00-00 00:00:00"
"3757","1",,"CORIANDER SEEDS GLOBAL DATA","IMPORTER","KHEDR FOR IMPORT EXPORT","Abou Al Matamir- Housh Issa, An Negeili WA Awlad Ash Sheikh, Abu El Matamir, El Beheira Governorate, Egypt","64","0","0","+2 0100 508 43 40",,"khedrcompany@gmail.com",,"https://www.khedrco.com/",,,"-",,,"0","0","0","4","0","0000-00-00 00:00:00"
"3758","1",,"CORIANDER SEEDS GLOBAL DATA","IMPORTER","CHERRYS INTERNATIONAL EXIM PTELIMITED","175 Yishun Avenue 7, #04-760175, Singapore","196","0","0",,,,,,,,"-",,,"0","0","0","4","0","0000-00-00 00:00:00"
"3759","1",,"CORIANDER SEEDS GLOBAL DATA","IMPORTER","HUNTER FOOD LLC","National Industries Park, Multan, Vehari Road, Multan, Punjab, Pakistan","166","0","0","+92 3217 375637",,,,,,,"-",,,"0","0","0","4","0","0000-00-00 00:00:00"
"3760","1",,"CORIANDER SEEDS GLOBAL DATA","IMPORTER","SAVEAGRAM LLP","3 Pandan Valley, #09-303, Chempacka Court, Singapore 597627","196","0","0",,,,,,,,"-",,,"0","0","0","4","0","0000-00-00 00:00:00"
"3761","1",,"CORIANDER SEEDS GLOBAL DATA","IMPORTER","BSFIL TECHNOLIGIES INC","Suite 402 South Center Tower, 2206 Market St., Madrigal Business Park, Alabang, Muntinlupa City, Philippines 1770","173","0","0","+632 8807-5294, +632 8842-0600, +632 8842-5400, +6",,"customerservice@bsfiltechnologies.com",,,,,"-",,,"0","0","0","4","0","0000-00-00 00:00:00"
"3762","1",,"CORIANDER SEEDS GLOBAL DATA","IMPORTER","COLDOR COM SRL ALBA IULIA STREET","-","144","0","0","+373 22 828 698","+373 22 929 624, +373 22 228 698, +373 685 52552","--","-","-","-","-","--","-","-","0","0","13","4","0","0000-00-00 00:00:00"
"3763","1",,"CORIANDER SEEDS GLOBAL DATA","IMPORTER","CALIBER ESSENTIALS PVT LTD","79 Syed Alwi Road, Singapore 207658","196","0","0","+65 6419 9199",,,,,,,"-",,,"0","0","0","4","0","0000-00-00 00:00:00"
"3764","1",,"CORIANDER SEEDS GLOBAL DATA","IMPORTER","AGRICOLA Y JARDINERIA BORITA SA","Av. Quinta No. 131 Esq. Calle Primera y Colinas, Guayaquil, Guayas, Ecuador","63","0","0","+593 4 238-4149 / +593 99 592 8147",,"agricola_borita@hotmail.es",,"https://agricolajardineriaborita.com/",,,"-",,,"0","0","0","4","0","0000-00-00 00:00:00"
"3765","1",,"CORIANDER SEEDS GLOBAL DATA","IMPORTER","FARM DIRECT FOOD LATIN AMERICA SA","Presidente Eduardo Frei Montalva 7050, Santiago, Santiago, 8700489, Chile","43","0","0","+56 2 2784 3320",,,"www.fdfla.com",,,,"-",,,"0","0","0","4","0","0000-00-00 00:00:00"
"3766","1",,"CORIANDER SEEDS GLOBAL DATA","IMPORTER","5 STAR RESTAURANT CATERING PTE LT","plot 110/112","196","0","0",,,,,,,,"-",,,"0","0","0","4","0","0000-00-00 00:00:00"
"3767","1",,"CORIANDER SEEDS GLOBAL DATA","IMPORTER","ORO VERDE SEMILLAS SAS","Calle 28 A # 81-35, Medell?n, Antioquia, Colombia","47","0","0","+57 604 322 5160",,"administracion@oroverdesemillas.com","https://oroverdesemillas.com/",,,,"-",,,"0","0","0","4","0","0000-00-00 00:00:00"
"3768","1",,"CORIANDER SEEDS GLOBAL DATA","IMPORTER","AL AWAEL GEW RZE","Industriestrasse 15, 68169 Mannheim, Germany","82","0","0","+49 71 844 9820","+4917663168668","-","-","-"," info@alawaelgewurze.de","-","-",,,"0","0","0","4","0","0000-00-00 00:00:00"
"3769","1",,"CORIANDER SEEDS GLOBAL DATA","IMPORTER","G KBERK ALP YAKAR ECZANES","Mekanizi Cad. Royal Sun Residance, ?skele, Iskele District, Northern Cyprus","56","0","0","+90 539 109 9577",,,,,,,"-",,,"0","0","0","4","0","0000-00-00 00:00:00"
"3770","1",,"CORIANDER SEEDS GLOBAL DATA","IMPORTER","LLP SARVINOZ S","31, kv.7a, ulitsa Yqylas Dukenuly, Astana","112","0","0",,,,,,,,"-",,,"0","0","0","4","0","0000-00-00 00:00:00"
"3771","1",,"CORIANDER SEEDS GLOBAL DATA","IMPORTER","ASR ENTERPRISES","Unit 16/71/ A Milperra Rd, Revesby NSW 2212, Australia","13","0","0","+61403684608",,"info@asraustralia.com.au","https://www.asraustralia.com.au/",,,,"-",,,"0","0","0","4","0","0000-00-00 00:00:00"
"3772","1",,"CORIANDER SEEDS GLOBAL DATA","IMPORTER","FOX ENTERPRISE PTE LTD","15 Yishun Industrial Street 1, #09-17, Win 5, Singapore 768091","196","0","0","+65 6286 8242",,,,,,,"-",,,"0","0","0","4","0","0000-00-00 00:00:00"
"3773","1",,"CORIANDER SEEDS GLOBAL DATA","IMPORTER","PT PRIMA MESTIKA AGRO SEJAHTERA","Jl. Panggung No.63, Nyamplungan, Kec. Pabean Cantikan, Kota SBY, Jawa Timur 60162, Indonesia","102","0","0","+62 813-7367-8865","-","-","-","-","-","-","-",,,"0","0","29","4","0","0000-00-00 00:00:00"
"3774","1",,"CORIANDER SEEDS GLOBAL DATA","IMPORTER","STANDARD CHARTERTED BANK","8 Marina Boulevard, #01-01, Marina Bay Financial Centre Tower 1, Singapore 018981","196","0","0","+65 6222 8888",,"phishing@sc.com",,,,,"-",,,"0","0","0","4","0","0000-00-00 00:00:00"
"3775","1",,"CORIANDER SEEDS GLOBAL DATA","IMPORTER","TIMOR FOOD UNIPESSOAL","Akadiruhun, R. Jacinto de C?ndido, D?li, Timor-Leste","62","0","0","+67077280128",,,,,,,"-",,,"0","0","0","4","0","0000-00-00 00:00:00"
"3776","1",,"CORIANDER SEEDS GLOBAL DATA","IMPORTER","AL RADI AL ENEZI HUSSAM",,"14","0","0",,,,,,,,"-",,,"0","0","0","4","0","0000-00-00 00:00:00"
"3777","1",,"CORIANDER SEEDS GLOBAL DATA","IMPORTER","MAYA DISTRIBUTION PTE LTD","182 Cecil Street, #23-02, Frasers Tower, Singapore 069547","196","0","0","+65 6535 1555",,"info@maya.com.sg",,,,,"-",,,"0","0","0","4","0","0000-00-00 00:00:00"
"3778","1",,"CORIANDER SEEDS GLOBAL DATA","IMPORTER","AJNAS ENTERPRISES PTY LTD","191 Thames Promenade, Chelsea Heights VIC 3196, Australia","13","0","0",,,,,,,,"-",,,"0","0","0","4","0","0000-00-00 00:00:00"
"3779","1",,"CORIANDER SEEDS GLOBAL DATA","IMPORTER","COMERCIALIZADORA SANTO TOMAS S A DE C V","C. Manuel L?pez Cotilla 2032-Piso 6, Arcos Vallarta, 44130 Guadalajara, Jal., Mexico","142","0","0","+523336454481",,,"http://santotomas.com.mx/",,,,"-",,,"0","0","0","4","0","0000-00-00 00:00:00"
"3780","1",,"CORIANDER SEEDS GLOBAL DATA","IMPORTER","BARRON PENAGOS ANDRES ENRIQUE",,"142","0","0",,,,,,,,"-",,,"0","0","0","4","0","0000-00-00 00:00:00"
"3781","1",,"CORIANDER SEEDS GLOBAL DATA","IMPORTER","UPS NIG LTD","Plot 28 Seinde Calisto Crescent, Charity B/Stop, Behind Gas Oil Ltd, Oshodi, Lagos, Nigeria","160","0","0","+234 1-271-3605, +234 1-271-3606",,,,,,,"-",,,"0","0","0","4","0","0000-00-00 00:00:00"
"3782","1",,"CORIANDER SEEDS GLOBAL DATA","IMPORTER","UNITED SEED STORE","A K Complex (5th Floor), 19 Green Road, Dhaka-1205, Bangladesh","18","0","0","+880 16-36711077",,,"info@unitedseedbd.com",,,,"-",,,"0","0","0","4","0","0000-00-00 00:00:00"
"3783","1",,"CORIANDER SEEDS GLOBAL DATA","IMPORTER","QUALITY SEED CO","174 Siddique Bazar, Hannan Mansion, Dhaka-1000, Bangladesh","18","0","0","+880 2-8111516, +880 2-7161207",,,,,,,"-",,,"0","0","0","4","0","0000-00-00 00:00:00"
"3784","1",,"CORIANDER SEEDS GLOBAL DATA","IMPORTER","M S RATNA BIZ BHANDER",,"18","0","0",,,,,,,,"-",,,"0","0","0","4","0","0000-00-00 00:00:00"
"3785","1",,"CORIANDER SEEDS GLOBAL DATA","IMPORTER","GIBA GEWURZE GMBH CO KG","Elbestr. 6-8, 63452 Hanau, Hessen, Germany","82","0","0","+49 6181 3074770","-","-","-","-","-","-","-",,,"0","0","29","4","0","0000-00-00 00:00:00"
"3786","1",,"CORIANDER SEEDS GLOBAL DATA","IMPORTER","WOOLWORTHS LESOTHO PTY LTD","1st Floor NRH Shopping Centre, Kingsway, Maseru, Lesotho","122","0","0",,,,,,,,"-",,,"0","0","0","4","0","0000-00-00 00:00:00"
"3787","1",,"CORIANDER SEEDS GLOBAL DATA","IMPORTER","PT BELAWAN INDAH PT BELAWAN","Jl. Pelabuhan Raya No. 1, Kota Medan 20414, Sumatera Utara, Indonesia","102","0","0","+62 61 6943613,  +62 852-6100-1001","-","marketing@belawanindah.com","-","--","-","-","-",,,"0","0","29","4","0","0000-00-00 00:00:00"
"3788","1",,"CORIANDER SEEDS GLOBAL DATA","IMPORTER","AARUPADAI IMPEX PTE LTD","171A Edgedale Plains, #10-418, Singapore 821171","196","0","0","+65 809 809 89","-","-","-","-","akshayamproducts@gmail.com","-","--","-","-","0","0","0","4","0","0000-00-00 00:00:00"
"3789","1",,"CORIANDER SEEDS GLOBAL DATA","IMPORTER","Royal Feast","810 Geylang Road, Singapore 409286","196","0","0","+65 6392 2131",,,,,,,"-",,,"0","0","0","4","0","0000-00-00 00:00:00"
"3790","1",,"CORIANDER SEEDS GLOBAL DATA","IMPORTER","CERVECERIA Y MALTERIA QUILMES SAIC A"," Av. 12 de Octubre y Gran Canaria, Quilmes, Buenos Aires, B1878AAB, Argentina","10","0","0","+54 11 4349-1700",,"info@quilmes.com.ar",,,,,"-",,,"0","0","0","4","0","0000-00-00 00:00:00"
"3791","1",,"CORIANDER SEEDS GLOBAL DATA","IMPORTER","MD SHAIDUR RAHMAN",,"85","0","0",,,,,,,,"-",,,"0","0","0","4","0","0000-00-00 00:00:00"
"3792","1",,"CORIANDER SEEDS GLOBAL DATA","IMPORTER","PUKARA PTE LTD","488C Choa Chu Kang Avenue 5, #03-163, Sunshine Gardens, Singapore 683488","196","0","0","+65 83593101",,"pukaratraders@gmail.com",,,,,"-",,,"0","0","0","4","0","0000-00-00 00:00:00"
"3793","1",,"CORIANDER SEEDS GLOBAL DATA","IMPORTER","FAISAL TALAL ABDUL LATIF EST CR NO",,"191","0","0",,,,,,,,"-",,,"0","0","0","4","0","0000-00-00 00:00:00"
"3794","1",,"CORIANDER SEEDS GLOBAL DATA","IMPORTER","MEHRAB ENTERPRISES","Shop 1, Chinar Plaza, Railway Scheme 1, Chaklala, Rawalpindi, Punjab, 46000, Pakistan","166","0","0","+92-21-34525801, +92-21-34539431",,,,,,,"-",,,"0","0","0","4","0","0000-00-00 00:00:00"
"3795","1",,"CORIANDER SEEDS GLOBAL DATA","IMPORTER","IIR SONS","F-64, 04/A, S.I.T.E, Karachi West Site Town, Karachi, Sindh, Pakistan","166","0","0",,,,,,,,"-",,,"0","0","0","4","0","0000-00-00 00:00:00"
"3796","1",,"CORIANDER SEEDS GLOBAL DATA","IMPORTER","SHARAFUDDIN PARACHA CO","Yousuf Manzil, First Floor, Jodia Bazar, Karachi, Pakistan, Pakistan","166","0","0",,,,,,,,"-",,,"0","0","0","4","0","0000-00-00 00:00:00"
"3797","1",,"CORIANDER SEEDS GLOBAL DATA","IMPORTER","SHAHID IMPEX","C354+X6M moter market, Jhang Rd, Lakard Mandi, Faisalabad, Punjab, Pakistan","166","0","0","+92412552213",,,,,,,"-",,,"0","0","0","4","0","0000-00-00 00:00:00"
"3798","1",,"CORIANDER SEEDS GLOBAL DATA","IMPORTER","SONNAMERA PTE LTD","2 Bukit Batok Street 23, #07-02 Bukit Batok Connection, Singapore 659554","196","0","0","+65 6273 8782",,"admin@sonnamera.com.sg",,,,,"-",,,"0","0","0","4","0","0000-00-00 00:00:00"
"3799","1",,"CORIANDER SEEDS GLOBAL DATA","IMPORTER","DBS Bank","12 Marina Boulevard, DBS Asia Central, Marina Bay Financial Centre Tower 3, Singapore 018982","196","0","0","+65 6327 2265 (from overseas: +65 6327 2265)",,,,,,,"-",,,"0","0","0","4","0","0000-00-00 00:00:00"
"3800","1",,"CORIANDER SEEDS GLOBAL DATA","IMPORTER","CRYSTAL IMPEX","311B, Opposite PTCL Exchange, Gulgasht Colony, Multan, Punjab, Pakistan","166","0","0","+92-301-1401981",,"crystalimpexco@gmail.com",,,,,"-",,,"0","0","0","4","0","0000-00-00 00:00:00"
"3801","1",,"CORIANDER SEEDS GLOBAL DATA","IMPORTER","EXPERT TRADERS",,"166","0","0","+923406095087",,,,,,,"-",,,"0","0","0","4","0","0000-00-00 00:00:00"
"3802","1",,"CORIANDER SEEDS GLOBAL DATA","IMPORTER","IMSB RUSSELS",,"35","0","0",,,,,,,,"-",,,"0","0","0","4","0","0000-00-00 00:00:00"
"3803","1",,"CORIANDER SEEDS GLOBAL DATA","IMPORTER","HORTISEED S R L","Av. 26 de febrero 450 10260 Santa Cruz de la Siera, Santa Cruz de la Sierra, Bolivia","26","0","0","+59177042361",,,,,,,"-",,,"0","0","0","4","0","0000-00-00 00:00:00"
"3804","1",,"CORIANDER SEEDS GLOBAL DATA","IMPORTER","Dbs Bank Ltd","12 Marina Boulevard, DBS Asia Central, Marina Bay Financial Centre Tower 3, Singapore 018982","196","0","0","+65 6327 2265 (from overseas: +65 6327 2265)",,,,,,,"-",,,"0","0","0","4","0","0000-00-00 00:00:00"
"3805","1",,"CORIANDER SEEDS GLOBAL DATA","IMPORTER","SOFTLOGIC PVT LTD",,"133","0","0",,,,,,,,"-",,,"0","0","0","4","0","0000-00-00 00:00:00"
"3806","1",,"CORIANDER SEEDS GLOBAL DATA","IMPORTER","SPICE AND SCALE WORLD PTY LTD","Etienn Rosaue St, Windhoek West, Khomas, 9000, Namibia","151","0","0","+264 61 263 021",,,,,,,"-",,,"0","0","0","4","0","0000-00-00 00:00:00"
"3807","1",,"CORIANDER SEEDS GLOBAL DATA","IMPORTER","CJB GLOBAL LIMITED COMPANY",,"83","0","0",,,,,,,,"-",,,"0","0","0","4","0","0000-00-00 00:00:00"
"3808","1",,"CORIANDER SEEDS GLOBAL DATA","IMPORTER","AYISHATU SALEIMANA",,"83","0","0",,,,,,,,"-",,,"0","0","0","4","0","0000-00-00 00:00:00"
"3809","1",,"CORIANDER SEEDS GLOBAL DATA","IMPORTER","HANSAM PTELIMITED","30 Shaw Road, #07-02 Roche Building, Singapore 367957","196","0","0","+65 6392 6755",,,,,,,"-",,,"0","0","0","4","0","0000-00-00 00:00:00"
"3810","1",,"CORIANDER SEEDS GLOBAL DATA","IMPORTER","AARUPADAI IMPEX PTE LIMITED","171A Edgedale Plains, #10-418, Singapore 821171","196","0","0","+65 809 809 89","-","-","-","-","akshayamproducts@gmail.com","-","--","-","-","0","0","86","4","0","0000-00-00 00:00:00"
"3811","1",,"CORIANDER SEEDS GLOBAL DATA","IMPORTER","KARTHIKA ENTERPRISES PTE","34 Buffalo Road, Singapore 219796","196","0","0","+65 6297 7533",,"grocery@karthika.sg",,,,,"-",,,"0","0","0","4","0","0000-00-00 00:00:00"
"3812","1",,"CORIANDER SEEDS GLOBAL DATA","IMPORTER","CARAWAY FINLAND OY KAROSSERIVAGEN","Karosseriv?gen 1, 64230 N?rpes, Finland","74","0","0","+358 6 2243660",,"info@carawayfinland.fi","https://www.carawayfinland.fi/fi",,,,"-",,,"0","0","0","4","0","0000-00-00 00:00:00"
"3813","1",,"CORIANDER SEEDS GLOBAL DATA","IMPORTER","LAY GEWURZE GMBH","Im Oberen Weidig 2, 98631 Grabfeld, OT Queienfeld","82","0","0","+49 369 44 5210","-","info@lay-gewuerze.de","-","-","-","-","--",,,"0","0","29","4","0","0000-00-00 00:00:00"
"3814","1",,"CORIANDER SEEDS GLOBAL DATA","IMPORTER","BAGDAD FOOD GROB EINZELHANDEL","Mehringpl. 6, 10969 Berlin, Germany","82","0","0","+4917670111160","+49 176 63168668","info@bagdadgrosshandel.de","-","-","-","-","-",,,"0","0","86","4","0","0000-00-00 00:00:00"
"3815","1",,"CORIANDER SEEDS GLOBAL DATA","IMPORTER","AGUNG MAKMUR LESTARI","Jl. Jelambar Baru Raya No. 34-C, Lt. 2 Jelambar Baru, Grogol Petamburan, Kota Administrasi Jakarta Barat, DKI Jakarta, Indonesia","102","0","0","-","-","-","=","-","-","-","-",,,"0","0","86","4","0","0000-00-00 00:00:00"
"3816","1",,"CORIANDER SEEDS GLOBAL DATA","IMPORTER","FAIZAN ENTERPRISE BY ORDER GREEN HARVEST PAKISTAN","Building, Shop# 04, Royal Park, Basement Ishaq St, National Town Lahore, Punjab 54000, Pakistan","166","0","0","+923228024593",,,,,,,"-",,,"0","0","0","4","0","0000-00-00 00:00:00"
"3817","1",,"CORIANDER SEEDS GLOBAL DATA","IMPORTER","THE MANADALA BLOBAL","14 Canberra Drive, #06-31 Eight Courtyards, Singapore 768096","196","0","0",,,,,,,,"-",,,"0","0","0","4","0","0000-00-00 00:00:00"
"3818","1",,"CORIANDER SEEDS GLOBAL DATA","IMPORTER","SAFIR COCOA TARIM SANAYI VE TICARET LTD STI",,"101","0","0",,,,,,,,"-",,,"0","0","0","4","0","0000-00-00 00:00:00"
"3819","1",,"CORIANDER SEEDS GLOBAL DATA","IMPORTER","MUKAHIRWA ESP RANCE",,"182","0","0",,,,,,,,"-",,,"0","0","0","4","0","0000-00-00 00:00:00"
"3820","1",,"CORIANDER SEEDS GLOBAL DATA","IMPORTER","M M BICYCLES SALES",,"35","0","0",,,,,,,,"-",,,"0","0","0","4","0","0000-00-00 00:00:00"
"3821","1",,"CORIANDER SEEDS GLOBAL DATA","IMPORTER","LUNUID INVESTMENT LTD","59 Moyale Op. Import, Kenya","113","0","0","+254 724 720206",,"lunuidinvestment@gmail.com",,,,,"-",,,"0","0","0","4","0","0000-00-00 00:00:00"
"3822","1",,"CORIANDER SEEDS GLOBAL DATA","IMPORTER","EXOTIC PENINA FIELDS GROUP LTD","Plot No. 37/249/4 Muthaiti Avenue, Nairobi, Kenya","113","0","0",,,,,,,,"-",,,"0","0","0","4","0","0000-00-00 00:00:00"
"3823","1",,"CORIANDER SEEDS GLOBAL DATA","IMPORTER","HASSANA KASSIMU",,"83","0","0",,,,,,,,"-",,,"0","0","0","4","0","0000-00-00 00:00:00"
"3824","1",,"CORIANDER SEEDS GLOBAL DATA","IMPORTER","Mohamed Mustafa Samsuddin Co Pte Ltd","Mustafa Centre, 145 Syed Alwi Road, Singapore 207704","196","0","0","+65 6295 5855",,,,,,,"-",,,"0","0","0","4","0","0000-00-00 00:00:00"
"3825","1",,"CORIANDER SEEDS GLOBAL DATA","IMPORTER","K N P Trading Pte Ltd","50 Senoko Drive, Senoko Industrial Estate, Singapore 758232","196","0","0","+65 6257 3712",,"spices@knp-housebrand.com",,,,,"-",,,"0","0","0","4","0","0000-00-00 00:00:00"
"3826","1",,"CORIANDER SEEDS GLOBAL DATA","IMPORTER","R1 DELTA CIS PTE LTD","Office#10, First Floor, Ahmed Center, I-8 Markaz, Islamabad, Pakistan, I 8 Markaz I-8, Islamabad, Islamabad Capital Territory 44000, Pakistan","166","0","0","+92512719111",,,,,,,"-",,,"0","0","0","4","0","0000-00-00 00:00:00"
"3827","1",,"CORIANDER SEEDS GLOBAL DATA","IMPORTER","GREEN AGRO SEEDS","3 Umesh Datta Road, Chowkbazar, Dhaka-1211, Bangladesh","18","0","0","+880 2-9111211",,,,,,,"-",,,"0","0","0","4","0","0000-00-00 00:00:00"
"3828","1",,"CORIANDER SEEDS GLOBAL DATA","IMPORTER","UNITED SEED AGRO LTD","A K Complex (5th Floor), 19 Green Road, Dhaka-1205, Bangladesh","18","0","0","+880 16-36711077",,"info@unitedseedbd.com",,,,,"-",,,"0","0","0","4","0","0000-00-00 00:00:00"
"3829","1",,"CORIANDER SEEDS GLOBAL DATA","IMPORTER","MOHAMED MUSTAFA SAMSUDDIN CO PTE LIMITED","Mustafa Centre, 145 Syed Alwi Road, Singapore 207704","196","0","0","+65 6295 5855",,"mms786@mustafa.com.sg",,,,,"-",,,"0","0","0","4","0","0000-00-00 00:00:00"
"3830","1",,"CORIANDER SEEDS GLOBAL DATA","IMPORTER","DHL EXPRESS S PTE LTD GANTI AJU KE 42725","1 Tai Seng Drive, Singapore 535215","196","0","0","+65 8240 0610",,,,,,,"-",,,"0","0","0","4","0","0000-00-00 00:00:00"
"3831","1",,"CORIANDER SEEDS GLOBAL DATA","IMPORTER","Athena Partners Pte Ltd","2 Gambas Crescent, #08-09 Nordcom Two, Singapore 757044","196","0","0",,,,,,,,"-",,,"0","0","0","4","0","0000-00-00 00:00:00"
"3832","1",,"CORIANDER SEEDS GLOBAL DATA","IMPORTER","BUKIT RAHADIAN","Jl. Pangkalan 2 No.62, RT.002/RW.003, Kota Bekasi 17152, Jawa Barat, Indonesia","102","0","0","+62-21-82609238 or +62-812-1668-5921 (Ferdy)","(021) 82609238,    (","bukit.rahadian@gmail.com","-","elsa","-","-","-","-","-","0","0","0","4","0","0000-00-00 00:00:00"
"3833","1",,"CORIANDER SEEDS GLOBAL DATA","IMPORTER","SEEDS OF THE PACIFIC SAS",,"47","0","0",,,,,,,,"-",,,"0","0","0","4","0","0000-00-00 00:00:00"
"3835","1",,"CORIANDER SEEDS GLOBAL DATA","IMPORTER","NAM THAYAGAM","3031 Markham Road, Unit 35, Scarborough, ON M1X 1L9","38","0","0","+1(416) 282-7088 or +1(416) 558-2111",,"nam.thayagam@gmail.com",,,,,"-",,,"0","0","0","4","0","0000-00-00 00:00:00"
"3836","1",,"CORIANDER SEEDS GLOBAL DATA","IMPORTER","JOHANNES NICOLAAS BENADE",,"151","0","0",,,,,,,,"-",,,"0","0","0","4","0","0000-00-00 00:00:00"
"3837","1",,"CORIANDER SEEDS GLOBAL DATA","IMPORTER","CROWN MILLS NAMIBIA CC","42a Newcastle Street, Northern Industrial Area, Windhoek, Khomas Region, 9000, Namibia","151","0","0","+264 61 232 381",,,,,,,"-",,,"0","0","0","4","0","0000-00-00 00:00:00"
"3838","1",,"CORIANDER SEEDS GLOBAL DATA","IMPORTER","MAXMART LIMITED","37 Liberation Road, Opposite Golden Tulip Hotel, Accra, Ghana","83","0","0","+233 (302) 999979, +233 (302) 518881",,"maxmart@maxmartghana.com",,,,,"-",,,"0","0","0","4","0","0000-00-00 00:00:00"
"3839","1",,"CORIANDER SEEDS GLOBAL DATA","IMPORTER","SEFALI SUPPLIERS PTY LTD MASUPHA MASUPHA MOYENI HARDWARE HA FOSO","Maseru Moshoeshoe II Church St 393, 0100, Maseru, Lesotho","122","0","0","+266 62 393 0100",,,,,,,"-",,,"0","0","0","4","0","0000-00-00 00:00:00"
"3840","1",,"CORIANDER SEEDS GLOBAL DATA","IMPORTER","SP M SONS","9 Kaki Bukit Road 1 #03-06, Eunos Technolink, 415938, Singapore","196","0","0","+65 6242 5429",,"sales@spmuthiah.com",,,,,"-",,,"0","0","0","4","0","0000-00-00 00:00:00"
"3841","1",,"CORIANDER SEEDS GLOBAL DATA","IMPORTER","BEST NUTS UG HAFTUNGSBESCHRANKT MAHNDORFER","Beim Struckenberge 4, 28239 Bremen, Germany","82","0","0",,,,,,,,"-",,,"0","0","0","4","0","0000-00-00 00:00:00"
"3843","1",,"CORIANDER SEEDS GLOBAL DATA","IMPORTER","MAYYAS","Industrieweg 107, 3044 AS Rotterdam, Netherlands","155","0","0","+31 6 1777 9555",,,"info@mayyas.nl",,,,"-",,,"0","0","0","4","0","0000-00-00 00:00:00"
"3844","1",,"CORIANDER SEEDS GLOBAL DATA","IMPORTER","MURUGAN VEG MART PTE LTD","35 Selegie Road, #01-29B, Parklane Shopping Mall, Singapore 188307","196","0","0",,,,,,,,"-",,,"0","0","0","4","0","0000-00-00 00:00:00"
"3845","1",,"CORIANDER SEEDS GLOBAL DATA","IMPORTER","VELAN TRADING PTE LTD","10 Jalan Besar, #15-02A Sim Lim Tower, Singapore 208787","196","0","0","+65 6221 2609",,,,,,,"-",,,"0","0","0","4","0","0000-00-00 00:00:00"
"3846","1",,"CORIANDER SEEDS GLOBAL DATA","IMPORTER","WHOLESALE TRADE PTE LTD","41 Jalan Pemimpin #01-01, Singapore 577186","196","0","0","Office: +65 69700255, Mobile: +65 97702344, Mobile",,"Info@wholesaletrade.sg, Sales@wholesaletrade.sg",,,,,"-",,,"0","0","0","4","0","0000-00-00 00:00:00"
"3847","1",,"CORIANDER SEEDS GLOBAL DATA","IMPORTER","RAJ FOOD INDUSTRIES S PTE LTD","3017 Bedok North Street 5, #06-18 Gourmet East Kitchen, Singapore 486121","196","0","0","+65 6748 2438",,,,,,,"-",,,"0","0","0","4","0","0000-00-00 00:00:00"
"3848","1",,"CORIANDER SEEDS GLOBAL DATA","IMPORTER","SHOPPING BAGS PTE LTD","1 Temasek Avenue #21-01 Millenia Tower, Singapore 039192","196","0","0","+65 6887 5888",,"laveena@gillcapital.com.sg, corporate@gillcapital.",,,,,"-",,,"0","0","0","4","0","0000-00-00 00:00:00"
"3849","1",,"CORIANDER SEEDS GLOBAL DATA","IMPORTER","SIZZLING SPICES INC","8661 201 St 2nd Floor, Langley Twp, BC V2Y 0G9","38","0","0","+1(778) 683-2654",,,"https://sizzlingspices.ca/",,,,"-",,,"0","0","0","4","0","0000-00-00 00:00:00"
"3850","1",,"CORIANDER SEEDS GLOBAL DATA","IMPORTER","CONFIDENCE GENERAL TRADING FOODSTUF","building 9337, office 06, Al Jahra, Kuwait","117","0","0","+965 6078 8440",,,,,,,"-",,,"0","0","0","4","0","0000-00-00 00:00:00"
"3851","1",,"CORIANDER SEEDS GLOBAL DATA","IMPORTER","BD SEAFOOD LTD","Unit 1B, Kiltorcan Business Park, Ballyhale, Kilkenny, R95 WF86, Ireland","105","0","0","+353 056 776 4769",,,,,,,"-",,,"0","0","0","4","0","0000-00-00 00:00:00"
"3852","1",,"CORIANDER SEEDS GLOBAL DATA","IMPORTER","YASH GLOBAL SDN BHD"," LOT 2684-B, Jalan Industry, Al-283A, 7, Jalan Khalifah Zakaria 2, 47000 Shah Alam, Selangor","132","0","0","+603-6140 1104","601128017541","saleco@yash.com.my","-","NASIR","-","-","--",,,"0","0","0","4","0","0000-00-00 00:00:00"
"3853","1",,"CORIANDER SEEDS GLOBAL DATA","IMPORTER","TBARAK COMPANY FOR IMPORT AND EXPORT","20 El Emdad & El Tamween Bldgs., Nasr City, Cairo, Egypt","64","0","0","+20 122 214 6122",,,,,,,"-",,,"0","0","0","4","0","0000-00-00 00:00:00"
"3854","1",,"CORIANDER SEEDS GLOBAL DATA","IMPORTER","ALHAMWI AGROSERVICE GIDA ITHOLAT IHRACAT SANAYI VE TICARET LIMITED SIRKETI",,"101","0","0",,,,,,,,"-",,,"0","0","0","4","0","0000-00-00 00:00:00"
"3855","1",,"CORIANDER SEEDS GLOBAL DATA","IMPORTER","PRODUCT PRODUCE PTE LTD","410 Jurong West Street 42, #10-897, Singapore 640410","196","0","0","+65 6733 8643",,"info@clovescloves.com",,,,,"-",,,"0","0","0","4","0","0000-00-00 00:00:00"
"3856","1",,"CORIANDER SEEDS GLOBAL DATA","IMPORTER","GVR Bottlers Company Ltd",,"195","0","0","+23278575757",,,,,,,"-",,,"0","0","0","4","0","0000-00-00 00:00:00"
"3857","1",,"CORIANDER SEEDS GLOBAL DATA","IMPORTER","LIBRA VENTURES INTERNATIONAL","No 9 College Road, Clineteown,freetown, Sierra Leone,,,sierra Leona, Sierra Leone ","195","0","0",,,,,,,,"-",,,"0","0","0","4","0","0000-00-00 00:00:00"
"3858","1",,"CORIANDER SEEDS GLOBAL DATA","IMPORTER","SUKAYLA INVESTMENT LIMTED",,"113","0","0","+254 726 471735",,,,,,,"-",,,"0","0","0","4","0","0000-00-00 00:00:00"
"3859","1",,"CORIANDER SEEDS GLOBAL DATA","IMPORTER","MUSLIM BAHAR LTD",,"166","0","0",,,,,,,,"-",,,"0","0","0","4","0","0000-00-00 00:00:00"
"3860","1",,"CORIANDER SEEDS GLOBAL DATA","IMPORTER","RESPECT MEGA TRADE LTD",,"106","0","0",,,,,,,,"-",,,"0","0","0","4","0","0000-00-00 00:00:00"
"3861","1",,"CORIANDER SEEDS GLOBAL DATA","IMPORTER","SEMILLAS DEL MUNDO SAC","Calle Alfonso Cobian 179, Barranco, Lima, Peru","172","0","0","+51 997 592 884 or +51 914 082 470",,"infoventas@semillasdelmundo.com.pe",,,,,"-",,,"0","0","0","4","0","0000-00-00 00:00:00"
"3862","1",,"CORIANDER SEEDS GLOBAL DATA","IMPORTER","RAMPUR SYNDICATE",,"18","0","0",,,,,,,,"-",,,"0","0","0","4","0","0000-00-00 00:00:00"
"3863","1",,"CORIANDER SEEDS GLOBAL DATA","IMPORTER","Khan Agricultural Products Ltd","Rupayan Prime House #2 (1st Floor), Road #7, Dhanmondi, Dhaka-1205, Bangladesh","18","0","0","+880 2-9614562",,,,,,,"-",,,"0","0","0","4","0","0000-00-00 00:00:00"
"3864","1",,"CORIANDER SEEDS GLOBAL DATA","IMPORTER","M S JAHANGIR ENTERPRISE","Holding no-Rajdhani Super Market, Shop-197/198, Road-Hatkhola Road, Tikatuli, Dhaka, Bangladesh","18","0","0","+880 1712059193",,,,,,,"-",,,"0","0","0","4","0","0000-00-00 00:00:00"
"3865","1",,"CORIANDER SEEDS GLOBAL DATA","IMPORTER","DAN D FOODS LTD 11760","11760 Machrina Way, Richmond, BC V7A 4V1","38","0","0","+1604) 274-3263",,"info@dan-d-pak.com","https://dandpak.com/",,,,"-",,,"0","0","0","4","0","0000-00-00 00:00:00"
"3866","1",,"CORIANDER SEEDS GLOBAL DATA","IMPORTER","CITY CROWN",,"195","0","0","+232-99554526",,"INFO@CITYCROWN.CO",,,,,"-",,,"0","0","0","4","0","0000-00-00 00:00:00"
"3867","1",,"CORIANDER SEEDS GLOBAL DATA","IMPORTER","CABESI INTERNACIONAL SA DE CV","Blvd 14 Sur, 5509, San Manuel y San Francisco, Jardines de San Manuel, Puebla, Puebla, 72570, Mexico","142","0","0","+52 33 23 01",,,,,,,"-",,,"0","0","0","4","0","0000-00-00 00:00:00"
"3868","1",,"CORIANDER SEEDS GLOBAL DATA","IMPORTER","SODIREP STE DE","Rue Paul Langevin, Passage Bugeat, 01 BP 603, Abidjan 01, C?te d'Ivoire","53","0","0","+225 27 21 25 01 26",,"sodirep@comete.ci",,,,,"-",,,"0","0","0","4","0","0000-00-00 00:00:00"
"3869","1",,"CORIANDER SEEDS GLOBAL DATA","IMPORTER","ODHAV MULTI INDUSTRIES SL LIMITED","158 B, First Floor, Wilkinson Road, Freetown, Sierra Leone","195","0","0","+232 76602174",,"akeili@CEMMATSsl.com",,,,,"-",,,"0","0","0","4","0","0000-00-00 00:00:00"
"3870","1",,"CORIANDER SEEDS GLOBAL DATA","IMPORTER","CMAYA TRADERS",,"195","0","0",,,,,,,,"-",,,"0","0","0","4","0","0000-00-00 00:00:00"
"3871","1",,"CORIANDER SEEDS GLOBAL DATA","IMPORTER","KHALID ASAD AL ABDOULI FOR TRADING","3090 aljaber street, As Sulay, Riyadh 14275, Saudi Arabia","191","0","0","+966535006957",,,,,,,"-",,,"0","0","0","4","0","0000-00-00 00:00:00"
"3873","1",,"CORIANDER SEEDS GLOBAL DATA","IMPORTER","IMPORTACIONES PH SA DE CV",,"142","0","0","55 5229 5400",,,,,,,"-",,,"0","0","0","4","0","0000-00-00 00:00:00"
"3874","1",,"CORIANDER SEEDS GLOBAL DATA","IMPORTER","DON DON CO SA","2HX6+GHM, Panama City, Panam? Province, Panama","169","0","0","+507 231-4085",,,,,,,"-",,,"0","0","0","4","0","0000-00-00 00:00:00"
"3875","1",," ","IMPORTER",,,"0","0","0",,,,,,,,,,,"0","0","0","4","0","0000-00-00 00:00:00"
"3876","1",,"global  sheet of sorghum ","IMPORTER","LLC SORGHO GEORGIA","-","81","0","0","-","-","-","-","-","-","-","-",,,"0","0","20","4","0","2025-04-05 14:23:35"
"3877","1",,"global data of white sorghum","IMPORTER","LLC FAMILY FARM","-","81","0","0","-","-","-","-","-","-","-","-",,,"0","0","20","4","0","2025-04-05 14:26:17"
"3878","1",,"global data of white sorghum","IMPORTER","OOO AGROVETHIMOYA LLC","Republic of Uzbekistan, 100050 Tashkent, Yashnabad district, Korasu buyi street, 122 B","234","0","0","-","-","-","https://avh.uz/kontakty","-","-","+998 71 269 76 16","-",,,"0","0","20","4","0","2025-04-05 15:12:38"
"3879","1",,"Russian Sorghum sheet","IMPORTER","OOO ZAMIN EKO AGRO LLC","65J2+FJ4, Konkus, Tashkent Region, Uzbekistan","234","0","0","-","-","-","-","-","-","+998 99 329 00 80","-",,,"0","0","20","4","0","2025-04-05 15:15:48"
"3880","1",,"Ukraine white sorghum ","IMPORTER","ALLOUCHE PRODUITS AGRICOLES","16045, Birtouta 16045, Algeria","3","0","0","-","-","-","-","-","-","+213 770 97 82 76","-",,,"0","0","20","4","0","2025-04-05 15:23:33"
"3881","1",,"Ukraine white sorghum ","IMPORTER","VIKTORIA EXPORT IMPORT","-","33","0","0","-","-","-","-","-","-","-","-",,,"0","0","20","4","0","2025-04-05 15:41:45"
"3882","1",,"Ukraine white sorghum ","IMPORTER","HESHAM ALI DIAB AZOUBI PARTNERS CO","Zeid Ben Ad Dathenah, Building no.(8), Al-Muqablyn P.O.Box 850918, Amman 11185","111","0","0","-","+962 6420 2225"," info@alzanbaka.com","https://alzanbaka.com/pules-beans/","-","-","+962 6420 2227","-",,,"0","0","20","4","0","2025-04-05 15:48:40"
"3883","1",,"Ukraine white sorghum ","IMPORTER","AGRIMATCO-SERVICE"," R1, km 13,64, s. Cojușna, r Străşeni MD, MD-3715, Străşeni, Moldova","144","0","0","-","+373 68 687 738","-","https://agrimatco.md/","-","-","+373 22 210 969","-",,,"0","0","20","4","0","2025-04-05 15:51:29"
"3884","1",,"Ukraine white sorghum ","IMPORTER","COMPANY BIOPET LTD","-","228","0","0","-","-","-","-","-","-","-","-",,,"0","0","20","4","0","2025-04-05 15:58:43"
"3885","1",,"Ukraine white sorghum ","IMPORTER","AL RAED GRAIN TRADING CO."," Building Number 546, Street No. 200, New Industrial Area, Doha, Qatar","178","0","0","-","-","-"," www.alraedfresh.com","-","-","+974 6666 4420​","-",,,"0","0","20","4","0","2025-04-07 11:15:10"
"3886","1",,"Ukraine white sorghum ","IMPORTER","AIN AL QOUD TRADING","7GQM+J63, Doha, Qatar","178","0","0","-","-","-","-","-","-","+974 3347 6061","-",,,"0","0","20","4","0","2025-04-07 11:22:02"
"3887","1",,"Ukraine white sorghum ","IMPORTER","P.O. BOX 32829, DOHA, QATAR","-","178","0","0","-","-","-","-","-","-","+974 4683686","-",,,"0","0","20","4","0","2025-04-07 11:36:41"
"3888","1",,"Ukraine white sorghum ","IMPORTER","SOUVENIR TRADING COMPANY","P.O. Box 32829, Doha, Qatar","178","0","0","-","-","-","-","-","-","+974 4683686","-",,,"0","0","20","4","0","2025-04-07 11:39:59"
"3889","1",,"Ukraine white sorghum ","IMPORTER","RIMAL AL WATHBA","Barka - Nakhl Road, Barka, Oman​","165","0","0","-","-","-","-","-","-","+968 9030 8104","-",,,"0","0","20","4","0","2025-04-07 11:54:08"
"3890","1",,"sorghum data","IMPORTER","NATIONAL INITIATIVE FOR AGRICULTURAL DEVELOPMENT","Office 102, Building 190, Road 2803, District, Kingdom of Bahrian, Seef","17","0","0","-","-"," info@niadbh.com","https://niadbh.com/%d8%a5%d8%aa%d8%b5%d9%84-%d8%a8%d9%86%d8%a7/","-"," info@niadbh.com","+973 1717 1620","-",,,"0","0","20","4","0","2025-04-07 12:05:42"
"3891","1",,"sorghum data","IMPORTER","AGRO FOOD TRADES BAHRAIN W LL","Building 1823, Road 435, Block 304, Manama, Al Asimah","17","0","0","-","-","info@agro.bh","https://www.agro.bh/contact-us/","-","info@agro.bh","+973 3883 8468","-",,,"0","0","20","4","0","2025-04-07 12:14:53"
"3892","1",,"Ukraine white sorghum ","IMPORTER","RIMAL AL WATHBA UNITED TRAD ","Al Batinah, Oman​","165","0","0","-","-","-","-","-","-","+968 9030 8104","-",,,"0","0","20","4","0","2025-04-07 12:24:24"
"3893","1",,"Ukraine white sorghum ","IMPORTER","KHALDON AHAMAD COMPANY FOR EXPORT AND IMPORT","Irbid, Al Ramtha","111","0","0","-","-","-","-","-","-","-","-",,,"0","0","20","4","0","2025-04-07 12:56:38"
"3894","1",,"Ukraine white sorghum ","IMPORTER","MANOJ BEEJ BHANDAR","-","180","0","0","-","-","-","-","-","-","-","-",,,"0","0","20","4","0","2025-04-07 12:57:02"
"3895","1",,"Ukraine white sorghum ","IMPORTER","VANROBAEYS NV","Priester Coulonstraat 100 8930 Rekkem","21","0","0","-","-","info@vanrobaeysbelgium.com","https://www.vanrobaeysbelgium.com/en-BE/company","Natalie","info@vanrobaeysbelgium.com","+32 56 41 24 07","-",,,"0","0","0","4","0","2025-04-07 13:02:18"
"3896","1",,"sorghum data","IMPORTER","AL WAWAN LIVESTOCK & ANIMAL FEEDS TRADING CO.","Al Ghazali Street, Al Ray Industrial Area, Kuwait City","117","0","0","-","-","info@alwawankw.com","https://www.alwawankw.com/contact-information.html","-","info@alwawankw.com","(+965) 98031112","-",,,"0","0","20","4","0","2025-04-07 14:48:50"
"3897","1",,"Ukraine white sorghum ","IMPORTER","EQUIS AGRO LTD ","Plac Bankowy 2, 1309, 00-095, Warszawa, Poland","175","0","0","-","-","info@equis-group.com","https://equis-group.com/contact-us","-","-","+ 48 22 60 22 970","-",,,"0","0","20","4","0","2025-04-07 15:00:33"
"3898","1",,"Ukraine white sorghum ","IMPORTER","ALHAMWI AGROSERVICE GıDA İTHALAT İHRACAT SANAYI VE TICARET","Yeni, İsmet İnönü Blv., 33050 Akdeniz/Mersin","223","0","0","--","-","alhamwi@ukr.net​ alhumsiltd.com ","-","-","-","+90 538 585 53 95","-",,,"0","0","20","4","0","2025-04-08 12:20:14"
"3899","1",,"Ukrain Yellow Millet master sheet","IMPORTER","BAYAMTAS  ITHALAT IHRACAT A.S","Bahçeli Kürkçü Mh. Adana Yolu No:47 Kazanlı Kavşağı Akdeniz, Mersin","223","0","0","-","+905335600333"," bayam@bayamtas.com.tr","https://www.bayamtas.com.tr/en/contact-us","osmaan"," bayam@bayamtas.com.tr","+90 324 221 37 00","-",,,"0","0","0","4","0","2025-04-08 12:29:06"
"3900","1",,"OLD DATA","IMPORTER","AUSTRALIAN CHOICE EXPORTS PTY LTD","18 Brookfield Rd, Kenmore Hills QLD 4069","13","0","0","-","-","sales@australianchoiceexports.com.au","https://www.australianchoiceexports.com.au/contact/","-","sales@australianchoiceexports.com.au","+61 7 3167 6769","-",,,"0","0","79","4","0","2025-04-09 15:43:30"
"3901","1",,"Ukrain Yellow Millet master sheet","IMPORTER","SATRAH GENERAL TRADING LLC","Al Ras, Deira, Dubai","229","0","0","-","-","satrah1@emirates.net.ae","-","-","satrah1@emirates.net.ae","+971 50 363 8291","-",,,"0","0","20","4","0","2025-04-10 12:32:21"
"3902","1",,"Ukraine white sorghum ","IMPORTER","GRAINCO FZCO","Jebel Ali Free Zone (JAFZA) in Dubai","229","0","0","-","-","-","-","-","-","+971 4 352 4888","-",,,"0","0","0","4","0","2025-04-10 12:35:20"
"3903","1",,"Ukraine white sorghum ","IMPORTER","RICE & SPICE FILLING LLC","SharjahSharjah","229","0","0","-","+971 50 2099365","  -","-","-","-","+971 6 534 0000","-","-","-","0","0","20","4","0","2025-04-10 12:42:59"
"3904","1",,"Ukraine white sorghum ","IMPORTER","RIMALAL WATHBA UNITED TRAD (ASSO)","Barka-Nahkal Street, Near Barka Health Center, Barka, Governorate of Al Batinah","165","0","0","-","-","-","-","-","-","‪+968-97818644‬.","-",,,"0","0","20","4","0","2025-04-10 12:47:40"
"3905","1",,"Ukraine white sorghum ","IMPORTER","ALIDRISI COMPANY ZAKHOIRAQ"," Ibrahim Al Khalil Street, Zakho","103","0","0","-","+964 750 451 6201","idrisanwar@hotmail.com","-","alidrisi"," blind.betasi@gmail.com","+964 750 450 4406","-",,,"0","0","20","4","0","2025-04-10 12:58:33"
"3906","1",,"Ukraine white sorghum ","IMPORTER","AGRO FOOD TRADES BAHRAIN W.L.L. ","Building 1823 Road 435Block No 304","17","0","0","-","-","-","-","Kesavan Thankappan Kesavan","-"," +973-38838468","-",,,"0","0","20","4","0","2025-04-10 13:56:36"
"3907","1",,"Ukraine white sorghum ","IMPORTER","ALI KHALAF IBRAHIM ZAHRANI TRADING EST","Soroyah District, Jeddah 22523","191","0","0","-","-","-","-","-","-","+966 13 8349054","-",,,"0","0","20","4","0","2025-04-10 14:01:52"
"3908","1",,"Ukraine white sorghum ","IMPORTER","SARDAR MOHAMAD SAID COMPANY"," Zakho","104","0","0","-","-","-","-","-","-","-","-",,,"0","0","20","4","0","2025-04-10 14:12:24"
"3909","1",,"Ukraine white sorghum ","IMPORTER","FERS PALAWAN COMPANY","zarkho","104","0","0","-","-","fers.palawan.company@gmail.com","https://www.ferspalawancompany.com/contact","-","-","-","-",,,"0","0","20","4","0","2025-04-10 15:07:03"
"3910","1",,"Ukraine white sorghum ","IMPORTER","THOURAYA ALBILAD TRADING COMPANY ","5PR+3JW, Petromin, Jeddah 22412","191","0","0","-","-","-","-","-","-"," +966 55 016 8553","-",,,"0","0","20","4","0","2025-04-10 15:26:08"
"3911","1",,"Ukraine white sorghum ","IMPORTER","GRK FOOD INDUSTRY LLC","dubai","229","0","0","-","-","grkfoodstuff@gmail.com.","-","-","-","+971 52 710 8880","-",,,"0","0","20","4","0","2025-04-10 15:34:49"
"3912","1",,"Ukraine white sorghum ","IMPORTER","WORLD GREEN AGRICULTURAL CORPORATION COMPANY CO","48 Miseon-ro Chujeom 5-gil, Jangyeon-myeon, Goesan, Chungbuk","116","0","0","-","-","-","-","-","-","-","-",,,"0","0","20","4","0","2025-04-11 12:26:52"
"3913","1",,"Ukraine white sorghum ","IMPORTER","HISHAM ALI DIAB AL-ZOUBI & PARTNERS CO","Building No. 8, Zaid Bin Al-Dothnah Street, Al-Muqableen, Amman","111","0","0","-","-","-","-","-","-","+962 6 582 5556","-",,,"0","0","20","4","0","2025-04-11 15:05:26"
"3914","1",,"Ukraine white sorghum ","IMPORTER","SPINNE WALZENMUHLE GMBH CO KG","ZUM SUNDERN 1 D 59302 OELDE","82","0","0","-","-","""info@spinne-oelde.de"" <info@spinne-oelde.de>","-","-","-","+49 (0) 2522 / 96 05-0","-",,,"0","0","0","4","0","2025-04-11 16:34:45"
"3916","1",,"Ukraine white sorghum ","IMPORTER","PROAGRO EKO MARCIN KOWNACKI","Ul. Warszawska 40, 06-100 Pułtusk","175","0","0","-","-","-","-","-","-","+48 505 254 855","-",,,"0","0","20","4","0","2025-04-12 12:39:21"
"3917","1",,"Ukraine white sorghum ","IMPORTER","FLORNAS JOANNA CEPIL","Chrzanów 35, 28-133 Pacanów","175","0","0","+48 503 195 380","+48 500 024 319.","flornas@wp.pl","-","-","-","+48 503 195 372","-",,,"0","0","20","4","0","2025-04-12 12:42:52"
"3918","1",,"Ukraine white sorghum ","IMPORTER","PPHU KAREX BIS ANNA BęBEN","Posmykowizna 54, 98-355 Działoszyn","175","0","0","+48 43 841 35 51","+48 508 429 274","karex@karex.agro.pl","-","-","-","+48 506 360 800","-",,,"0","0","20","4","0","2025-04-12 12:45:46"
"3919","1",,"Ukraine white sorghum ","IMPORTER","AGERONA SP. Z O.O","Ul. Krochmalna 56/26, 00-864 Warszawa","175","0","0","-","-","info@agerona.pl","-","-","-","+48 784 482 879","-","If you are into export/import of agricultural commodities (grains, seeds, feed ingredients), Agerona appears relevant: they already operate in wholesale/trading of grains/seeds and feed-related products.

However, the scale and recent financials show a downturn — which suggests you should undertake due diligence if considering them as a partner.","I did not locate a documented publicly-accessible court case specifically naming Agerona Sp. z o.o. (Poland) with full details (e.g., insolvency, litigation) via the sources I checked.

There is no mention in the accessible sources of major litigation or administrative proceedings against them.

However, note: lack of mention does not guarantee absence of cases — some may not be freely or publicly listed, or accessible via these data sets.","0","0","13","4","0","2025-04-12 12:47:05"
"3920","1",,"Ukraine white sorghum ","IMPORTER","PPUH ZENEK JERZY ZYNEK","Bukowska Wola 57, 32-200 Miechów","175","0","0","-","+48 41 383 34 92","ppuhzenek@wp.pl","-","-","ppuhzenek@wp.pl","+48 602 636 287","-",,,"0","0","20","4","0","2025-04-12 12:48:38"
"3921","1",,"Ukraine white sorghum ","IMPORTER","PREMIUM GRAIN SP. Z O.O","Ul. Domaniewska 37/43, 02-672 Warszawa","175","0","0","-","-","-","-","-","-","+48 22 727 24 42","-",,,"0","0","20","4","0","2025-04-12 12:49:47"
"3922","1",,"Ukraine white sorghum ","IMPORTER","LIDEA POLAND SP. Z O.O","Ul. Wichrowa 1a, 60-449","175","0","0","-","-","-","-","-","-","+48 661 333 885.","-",,,"0","0","20","4","0","2025-04-12 12:50:49"
"3923","1",,"Ukraine white sorghum ","IMPORTER","FIRMA HANDLOWO-USłUGOWA VILIA","Ul. Nowowiejska 52, 28-400 Pińczów","175","0","0","-","-","info@vilia.pl","-","-","-","+48 728 738 840","-",,,"0","0","20","4","0","2025-04-12 12:55:50"
"3924","1",,"Ukraine white sorghum ","IMPORTER","RKSS SP ZOO TCZYCA","-","175","0","0","-","-","rktransport2019@wp.pl","-","-","rktransport2019@wp.pl","-","-",,,"0","0","0","4","0","2025-04-12 12:58:22"
"3925","1",,"Ukraine white sorghum ","IMPORTER","BAK-ROL SP. Z O.O","Ul. Spacerowa 36, 27-300 Lipsko","175","0","0","-","-","-","-","-","-","+48 378 01 42.","-",,,"0","0","20","4","0","2025-04-12 12:59:50"
"3926","1",,"Ukraine white sorghum ","IMPORTER","GLENPORT SWITZERLAND AG","Landis + Gyr-Strasse 1, 6300 Zug","212","0","0","-","-","-","-","-","-","-","-",,,"0","0","20","4","0","2025-04-29 14:52:59"
"3927","1",,"Indonesia 3 data for green mung","IMPORTER","BERKAT JAYA ONGGUL","Jl. Romokalisari No. 82B, Kecamatan Romokalisari, Benowo, Kota Surabaya, Jawa Timur 60192, Indonesia","102","0","0","+62 817 1717 5085","-","sales@berkatjayaonggul.com, surabaya.bejo82@gmail.","https://berkatjayaonggul.com/","krishna","-","-","-",,,"0","0","86","4","0","2025-06-04 16:46:48"
"3928","1",,"Indonesia 3 data for green mung","IMPORTER","PT ABERU CAHAYA SEMESTA","Jl. Madya Kebantenan No. 2A, RT.1/RW.3, Semper Timur, Jakarta Utara 14130, Indonesia","102","0","0","+62 21 2240 9320","-","aberu.cs@gmail.com","https://www.acs.co.id/","-","-","-","-",,,"0","0","87","4","0","2025-06-04 16:49:38"
"3929","1",,"Indonesia 3 data for green mung","IMPORTER","PT LAMITECH INDONESIA","Jl. Gaya Motor Raya Kav. H No. 8, Jakarta, Indonesia","102","0","0","+62 21 6007235","-","""Jl. Pangeran Jayakarta No. 68 Blok A-17, Jakarta ","- www.lamitechindonesia.com","-","-","-","-",,,"0","0","87","4","0","2025-06-04 17:05:56"
"3930","1",,"Indonesia 3 data for green mung","IMPORTER","PT NESTLE INDONESIA","""Perkantoran Hijau Arkadia, Tower B, 5th Floor Jl. Letjen T.B. Simatupang Kav. 88 Jakarta Selatan 12520, Indonesia""","102","0","0","+62 21 7883 6000 ","-","nestle.indonesia@id.nestle.com","https://www.nestle.co.id/","Mariska- Sales-","-","-","-",,,"0","0","87","4","0","2025-06-04 17:09:30"
"3931","1",,"Indonesia 3 data for green mung","IMPORTER","PT OSCAR KARUNIA CEMERLANG","Jl. Pelita V No. 89, Batam, Kepulauan Riau, Indonesia","102","0","0","+62 778 455822  ","+62 778 451917","-","-"," +62 778 457879 ","-","-","-",,,"0","0","87","4","0","2025-06-04 17:12:54"
"3932","1",,"Indonesia 3 data for green mung","IMPORTER","PT SAUDARA KUSUMA ERASEJAHTERA","-","102","0","0"," +62 21 6622210  ","-","-","https://sejahterakusumaabadi.com/","JEFFREY","-","+62 811-1181-555","-",,,"0","0","0","4","0","2025-06-04 17:25:29"
"3933","1",,"Indonesia 3 data for green mung","IMPORTER","PT SEKAR USAHA GEMILANG","Jl. Tanjung Batu No. 22 Blok A/10, RT.003/RW.011, Krembangan, Surabaya 60177,","102","0","0","+62 31 3538227","-","-","-","-","-","-","-",,,"0","0","87","4","0","2025-06-04 17:31:14"
"3934","1",,"Indonesia 3 data for green mung","IMPORTER","PT TANTRA MULTI SUKSES","indonesia mung imports sheet","102","0","0","(0765) 33686","-","-","https://tantramultisukses.com/","-","-","-","-",,,"0","0","87","4","0","2025-06-04 17:33:15"
"3935","1",,"Indonesia 3 data for green mung","IMPORTER","PT TERRA PANGAN LESTARI","indonesia mung import sheet","102","0","0","+62 812 8107 7900","-","-","-","-","-","-","-",,,"0","0","87","4","0","2025-06-04 17:35:17"
"3936","1",,"Indonesia 3 data for green mung","IMPORTER","PT. FUSION NIAGA BOGA","-","102","0","0","+62 21 5431 5007 (Sandra, Bruce)","-","-","hrd@fnbjkt.id"," Sandra / Bruce","-","-","-",,,"0","0","87","4","0","2025-06-04 17:40:39"
"3937","1",,"Indonesia 3 data for green mung","IMPORTER","SENTRA AGRO NIAGA","Ruko Permata Regency D, Jl. Haji Kelik No. 37, RT 001 RW 006, Srengseng, West Jakarta, Indonesia","102","0","0","+62 251 8313070","-","-","https://www.agricon.com/","-","-","-","-",,,"0","0","87","4","0","2025-06-04 17:44:34"
"3938","1",,"Indonesia 3 data for green mung","IMPORTER","PT TOTAL HARVEST CEMERLANG","-","102","0","0","+62 21 825 1202,","+62 81 988 9898","enquiry@totalharvest.co.id","-","-","-","-","-",,,"0","0","87","4","0","2025-06-04 17:52:05"
"3939","1",,"Indonesia 3 data for green mung","IMPORTER","SINAR INDO AGRO PULSES"," Dsn Tondowulan RT 003 RW 001, Temuwulan, Perak, Jombang, East Java 61461, Indonesia","102","0","0","+62 321 849 8514","-","-","https://www.sinarpulses.com/","-","-","-","-",,,"0","0","87","4","0","2025-06-04 17:54:04"
"3940","1",,"Ukraine Linseeed ","IMPORTER","ÖLMüHLE GARTING GMBH & CO. KG","Garting 2 83530 Schnaitsee","82","0","0","-","-","einkauf@oelmuehle-garting.de","https://oelmuehle-garting.de/","Philipp Unterforsthuber","einkauf@oelmuehle-garting.de","08074/9177-58","-",,,"0","0","13","4","0","2025-06-20 15:01:06"
"3941","1",,"Ukraine Linseeed ","IMPORTER","MARVIK KORP DOO","Magnetna polja 17, 24000 Subotica","193","0","0","-","-","koncz.marianna@gmail.com","https://www.marvik.rs/kontakt","Koncz Viktor","koncz.marianna@gmail.com","+381 64 6127563","-",,,"0","0","13","4","0","2025-06-20 15:06:00"
"3942","1",,"Ukrain Yellow Millet master sheet","IMPORTER","SANKERA SP Z OO","ul. ALEJA ""SOLIDARNOŚCI"" 117/207 00-140 WARSZAWA MAZOWIECKIE","175","0","0","-","+370 659 53842","invoice@sankera.com","-","Hana","-","+48 604 063 265","-",,,"0","0","12","4","0","2025-06-30 10:22:36"
"3943","1",,"kazak Linseed","IMPORTER","HEIMEX GMBH","Industriestraße 2, 27333 Schweringen, Niedersachsen, Germany","82","0","0","-","-","kontakt@raiffeisenmitte.de","https://www.raiffeisenmitte.de/","-","-","04257 / 9301-0","-",,,"0","0","13","4","0","2025-07-05 11:52:41"
"3944","1",,"kazak Linseed","IMPORTER","FIDES PARTNER A.S","Českomoravská 1181/21, 190 00 Praha 9, Czech Republic ","57","0","0","-","-","-","-","-","-","-","-",,,"0","0","13","4","0","2025-07-05 11:54:02"
"3945","1",,"kazak Linseed","IMPORTER","LINAGRO NV","Kortemarkstraat 8, 8810 Lichtervelde","21","0","0","-","-","sales@linagro.be","https://www.linagro.be/en","Mergin","sales@linagro.be","+32 51 59 12 40 ","-","-","-","0","0","0","4","0","2025-07-05 11:55:51"
"3946","1",,"kazak Linseed","IMPORTER","BVK SOURCING S.R.O","Řehořova 1003/34, Praha 3 (Žižkov), 130 00","57","0","0","-","-"," office@bvks.cz","www.waltorgroup.com","-","-","+420 773 184 027","-",,,"0","0","13","4","0","2025-07-05 12:15:58"
"3947","1",,"kazak Linseed","IMPORTER","FLAX TRADE SRL","Rue de la Forêt 3 (Zone Tournai Ouest 2), B‑7522 Tournai (Blandain)","21","0","0","-","-","office@flaxtrade.be","https://flaxtrade.eu","GUY VANHULLE","-","+32 69 66 93 50","-",,,"0","0","13","4","0","2025-07-05 12:19:57"
"3948","1",,"kazak Linseed","IMPORTER","DERVIşOğLU BAKLIYAT A.Ş.","Cumhuriyet Mahallesi Atatürk Bulvarı No: 60 A İç Kapı 1, Akdeniz, 33100 Mersin","223","0","0","-","-","derbak@derbak.com.tr ","www.derbak.com.tr","-","-","+90 324 221 57 29","-",,,"0","0","13","4","0","2025-07-05 12:22:51"
"3949","1",,"kazak Linseed","IMPORTER","GLOBAL TRADE NAR. LOJ. GIDA ITH. IHT. SAN. VE TIC. LTD. STI.","Çankaya Mh., Zeytinlibahçe Cad. No 23/2/4, Akdeniz, Mersin","223","0","0","-","-","-","-","-","-","-","-",,,"0","0","13","4","0","2025-07-05 12:24:32"
"3950","1",,"kazak Linseed","IMPORTER","INTERGRAIN S.A.","19 Ambitious LinkBibra Lake WA 6163","13","0","0","-","-","admin@intergrain.com","https://www.intergrain.com/contact/","-","-","(08) 9419 8000","-",,,"0","0","13","4","0","2025-07-05 12:28:23"
"3951","1",,"kazak Linseed","IMPORTER","EKO TURKA TEKSTIL TARIM HAYVACILIK TASMACILIK SANAYI VE TIC AS","Petrol Mahallesi, Organize Sanayi Bölgesi 7. Cadde No. 9, 02040 Adıyaman, Adıyaman Province","223","0","0","-"," +90 416 227 2401"," info@ecoturca.com.tr ","www.ecoturca.com.tr","-"," emcihan@ecoturca.com.tr"," +90 324 454 02 02","-",,,"0","0","13","4","0","2025-07-05 12:32:24"
"3952","1",,"kazak Linseed","IMPORTER","BOZS AGRO GIDA SANAYI VE TICARET LTD","İhsaniye Mh., Kuvayi Milliye Cd. No: 149/7 (Ofis Pastel), Akdeniz, 33070 Mersin","223","0","0","-","+90 538 786 37 19"," durmus@bozsagro.com","bozsagro.com","-"," info@bozsagro.com ","+90 544 939 48 29","-",,,"0","0","13","4","0","2025-07-05 12:34:41"
"3953","1",,"kazak Linseed","IMPORTER","NV BRAET","Kanaalweg 13, 8710 Ooigem (Wielsbeke), West‑Vlaanderen","21","0","0","-","-","Braet@braet‑nv.be","www.braet‑nv.be","-","-","+32 56 66 60 15","-",,,"0","0","13","4","0","2025-07-05 12:36:34"
"3954","1",,"kazak Linseed","IMPORTER","BUYUK IPEKYOLU LOJISTIK ITHALAT IHRACAT SANAYI VE TICARET LTD","Mahmutbey Mah. 2414 Sk. No: 5 İç Kapı No: 123, Bağcılar, Istanbul","223","0","0","-","-","-","-","-","-","-","-",,,"0","0","13","4","0","2025-07-05 12:39:05"
"3955","1",,"kazak Linseed","IMPORTER","ALI SUKRU NEPHANOGLU KURU BAKLIYAT UR WHOLESALE TRADE","Camışerif Mahallesi, 5207 Sk. Kardeşler İş H. Zemin Kat No: 4/A, 33060 Mersin","223","0","0","-","+90 532 286 10 92","-","-","Ahmet ","-","+90 531 011 36 65","-",,,"0","0","13","4","0","2025-07-05 12:41:17"
"3956","1",,"kazak Linseed","IMPORTER","SCHOKROS IMPORT EXPORT UND SPEDITIONS GMBH"," Hellersdorfer Weg 35, 12689 Berlin","82","0","0","-","-","-","-","-","-","+49 30 275 911 21","-",,,"0","0","13","4","0","2025-07-05 12:43:32"
"3957","1",,"kazak Linseed","IMPORTER","ARBEL BAKLIYAT HUBUBAT SANAYI VE TICARET A S","Yeni Mahalle, Cumhuriyet Bulvarı No 73/4, 33281 Kazanlı, Mersin","223","0","0","-","-"," arbel@arbel.com.tr","www.arbel.com.tr","-","-","+90 324 241 11 11","-",,,"0","0","13","4","0","2025-07-05 12:45:28"
"3958","1",,"kazak Linseed","IMPORTER","NOKA TRADING LLC","Jabal Ali Industrial First, Sabha Build, P.O. Box 599‑1900, Dubai","229","0","0","-","-","-","-","-","-","-","-",,,"0","0","13","4","0","2025-07-05 12:47:21"
"3959","1",,"kazak Linseed","IMPORTER","FABRICIUS SRO","Jožky Jabůrkové 560/1, 779 00 Olomouc (Neředín), Olomoucký kraj","57","0","0","-","-","-","-","-","-","-","-",,,"0","0","13","4","0","2025-07-05 12:49:46"
"3960","1",,"kazak Linseed","IMPORTER","MACTO AGRO LTD","Anthou Mylonas 12, Harmonia Building, Block 1, Floor 1, Flat 15, Limassol","21","0","0","-","-","-","-","-","-","-","-",,,"0","0","13","4","0","2025-07-05 13:51:08"
"3961","1",,"kazak Linseed","IMPORTER","MACTO AGRO LTD","Anthou Mylonas 12, Harmonia Building, Block 1, Floor 1, Flat 15, Limassol","21","0","0","-","-","-","-","-","-","-","-",,,"0","0","13","4","0","2025-07-05 13:53:09"
"3962","1",,"kazak Linseed","IMPORTER","VANDEPUTTE HUILERIE SA","Boulevard Industriel 120, 7700 Mouscron, Hainaut","21","0","0","-","-"," vdp@vandeputte.com","www.vandeputte.com","HENERY","-","	+32 56 85 97 20","-",,,"0","0","13","4","0","2025-07-05 14:02:29"
"3963","1",,"kazak Linseed","IMPORTER","HEINZ CO AG","Eisengasse 15 CH‑8008 Zürich","212","0","0","-","-","info@heinzco.ch "," heinzco.ch","-","-","+41 43 244 84 50 ","-",,,"0","0","13","4","0","2025-07-05 14:05:09"
"3964","1",,"kazak Linseed","IMPORTER","KB OIL GIDA URETIM ITHALAT VE IHRACAT AS","5 Temmuz Mah., Bahar Cd. A Sur Yapı Mirage No 91A, İç Kapı No 71, Bağcılar, Istanbul","223","0","0","-","-","info@kboil.com.tr","-","-","info@kboil.com.tr","	+90 282 686 6072","-",,,"0","0","13","4","0","2025-07-05 14:06:31"
"3965","1",,"kazak Linseed","IMPORTER","PINARSAN GIDA INSAAT NAKLIYAT SAN VE TIK LTD STI","Bekirde Mahallesi, Cumhuriyet Cad. No 103/A, Akdeniz, 33115 Mersin","223","0","0","-","-","info@pinarsan.com","http://www.pinarsan.com/","-","satis@pinarsan.com ","(0324) 453 26 96","-",,,"0","0","13","4","0","2025-07-05 14:08:10"
"3966","1",,"Ukraine Linseeed ","IMPORTER","MERSIN GLOBAL TARIMSAL URUNLER DIS TICARET ANONIM SIRKETI ","İnönü Mahallesi, Adnan Menderes Bulvarı, Saray Apt. Sit. No 86/1, Yenisehir, Mersin","223","0","0","-","-","-","-","-","-","-","-",,,"0","0","13","4","0","2025-07-05 14:12:36"
"3967","1",,"Ukraine Linseeed ","IMPORTER","MING HAU INDUSTRIAL CO LTD",": 2F, No. 124, Cheng-De Road, Section 4, Shih‑Lin District, Taipei","214","0","0","-","-","-","-","-","-"," +886‑2‑2886 8848 ","-",,,"0","0","13","4","0","2025-07-05 14:13:49"
"3968","1",,"Ukraine Linseeed ","IMPORTER","KONIGSKERN GMBH","Heinrich‑Albrod‑Straße 34, 47249 Duisburg","82","0","0","-","+49 203 933 18 64","info@koenigskern.de","-","Dennis Belkin","-"," +49 176 38 08 68 27","-",,,"0","0","13","4","0","2025-07-05 14:15:56"
"3969","1",,"Ukraine Linseeed ","IMPORTER","OLMUHLE GARTING GMBH CO KG","Garting 2 83530 Schnaitsee","82","0","0","-","-","info@oelmuehle‑garting.de","-","-","-","+49 8074 917758","-",,,"0","0","13","4","0","2025-07-05 14:17:07"
"3970","1",,"Ukraine Linseeed ","IMPORTER","KINDA COMMODITIES COMPANY","1F, No. 22, Lane 301, Section 2, Henan Road, Xitun District, Taichung City 40744","214","0","0","-","-","-","-","-","-","+886 4 2705 2148","-",,,"0","0","13","4","0","2025-07-05 14:20:01"
"3971","1",,"Ukraine Linseeed ","IMPORTER","RAPUNZEL NATURKOST GMBH & CO. KG","Rapunzelstraße 1 D‑87764 Legau, Bayern","82","0","0","-","-","info@rapunzel.de"," www.rapunzel.de","-","info@rapunzel.de","+49 (0)8330 529‑0","-",,,"0","0","13","4","0","2025-07-05 14:21:51"
"3972","1",,"Ukraine Linseeed ","IMPORTER","MEMISOGLU TARIM URUNLERI TIC LTD","Toroslar Mah. Atatürk Bulvarı 8, Memişoğlu Sitesi No: 1/1, Akdeniz, 33260 Mersin","223","0","0","-","+90 533 423 8275"," osman@tatbakliyat.com","tatbakliyat.com/eng","-","info@tatbakliyat.com","+90 324 454 04 04 ","-",,,"0","0","13","4","0","2025-07-05 14:23:41"
"3973","1",,"Ukraine Linseeed ","IMPORTER","ALEXANDRIA CENTRUM SRO","Dolečky I/537, 763 14 Zlín (Stipa area), Zlínský kraj","57","0","0","-"," +420 577 212 644"," alexandria@zlin.cz","-","-"," alexandria@zlin.cz","+420 603 742 032","-",,,"0","0","13","4","0","2025-07-05 14:32:05"
"3974","1",,"Ukraine Linseeed ","IMPORTER","SHIN GRAIN CO. LTD.","1F, No. 21, Guanghua Rd., Kaohsiung City 815008","214","0","0","-","-","-","--","-","-","-","-",,,"0","0","13","4","0","2025-07-05 14:33:03"
"3975","1",,"Ukraine Linseeed ","IMPORTER","PUREUREUN CO. LTD.","Daewoo Utopia Bldg. #1709, Bangi-Dong 22, Songpa-gu, Seoul","116","0","0","-","-","-","-","KRIS KIM","-","+82-10-4371-3457","-",,,"0","0","13","4","0","2025-07-05 14:35:02"
"3976","1",,"Ukraine Linseeed ","IMPORTER","AGROKOMMERZ AG","Industriestrasse 6, 6170 Schüpfheim (Lucerne canton)","212","0","0","-","-"," info@agrokommerz.ch"," www.agrokommerz.ch","-"," info@agrokommerz.ch","+41 34 493 93 93","-",,,"0","0","13","4","0","2025-07-05 14:37:08"
"3977","1",,"kazak Linseed","IMPORTER","LA COMMINTER SRL"," PIAZZA GIORDANO 37, 71121 FOGGIA, ITALY ","107","0","0","-","-","lacommintersrl@gmail.com","lacommintersrl.it","-","-","+39 347 752 1723","-",,,"0","0","13","4","0","2025-07-05 14:37:11"
"3978","1",,"Ukraine Linseeed ","IMPORTER","LUCAR DOO","Milenka Grčića 8, Novi Sad","193","0","0","-","-","lucar@lucardoo.co.rs"," lucardoo.co.rs","-","lucar@lucardoo.co.rs","+381 21 529‑519","-",,,"0","0","13","4","0","2025-07-05 14:39:47"
"3979","1",,"linseed sheet","IMPORTER","VELES AGRO SP. Z O.O. TORZYM","Kolejowa 5, 66-235 Torzym, Poland","175","0","0","-","+48 603 232 262","Siverenco@velesagro.pl","https://velesagro.pl/en/contact/","luri","-","+48 725 411 422","-",,,"0","0","13","4","0","2025-07-11 17:25:13"
"3980","1",,"Ukraine Linseeed ","IMPORTER","GRAIN PROTRADE GMBH","ABC-Straße 12, 20095 Hamburg","82","0","0","-","-","info@grainprotrade.de","-","-","-","+49 40 1234 5678","-",,,"0","0","13","4","0","2025-07-12 12:45:35"
"3981","1",,"Ukraine Linseeed ","IMPORTER","FLAXTRADE SPRL","Rue de la Forêt 3 Zone Tournai Ouest 2 B‑7522 Tournai (Blandain)","21","0","0","-","-","office@flaxtrade.be","-","-","office@flaxtrade.be","+32 69 66 93 50","-",,,"0","0","13","4","0","2025-07-12 12:52:46"
"3982","1",,"Ukraine Linseeed ","IMPORTER"," NV SCALDIS‑RUIEN N.V.","Avelgemstraat 4, 9690 Kluisbergen","21","0","0","-","-","info@scaldis‑ruien.com","-","-","lv@scaldis‑ruien.com","+32 55 38 84 12","-",,,"0","0","13","4","0","2025-07-12 12:55:03"
"3983","1",,"Ukraine Linseeed ","IMPORTER","BRAET IMPORT & EXPORT N.V","Kanaalweg 13 8710 Ooigem (Wielsbeke), West Flanders","21","0","0","-","-"," Braet@braet‑nv.be","-","-","-","+32 56 66 60 15","-",,,"0","0","13","4","0","2025-07-12 12:56:21"
"3984","1",,"Ukraine Linseeed ","IMPORTER","EUROLINEX GMBH","Wüstenhöferstr. 234, 45355 Essen, Nordrhein‑Westfalen","82","0","0","-","-","info@eurolinex.de","www.eurolinex.de","-","-","+49 201 760 267 0","-",,,"0","0","13","4","0","2025-07-12 13:04:27"
"3985","1",,"Ukraine Linseeed ","IMPORTER","FRUMENTA SRO ","Jiráskova 382 566 01 Vysoké Mýto Pardubický kraj, Czech","57","0","0","-","-"," frumenta@frumenta.cz","www.frumenta.cz","-"," frumenta@frumenta.cz","+420 465 421 073","-",,,"0","0","13","4","0","2025-07-12 13:08:45"
"3986","1",,"Ukraine Linseeed ","IMPORTER","BIALOň TRADE A.S.","Teslova 1129/2B 702 00 Ostrava – Přívoz","57","0","0","-","-","tomasbialon@gmail.com","www.bialontrade.com","-","-","+420 604 112 177","-",,,"0","0","13","4","0","2025-07-12 13:10:48"
"3987","1",,"Ukraine Linseeed ","IMPORTER","HERBONA S.R.O.","Zátiší 94/18 350 02 Cheb, Karlovarský kraj","57","0","0","-","+420 605 246 898"," info@herbona.cz","info@herbona.cz","Martin Šimon","simon@herbona.cz","+420 606 059 071 ","-",,,"0","0","13","4","0","2025-07-12 13:13:57"
"3988","1",,"Ukraine Linseeed ","IMPORTER","AVITIUM CZECH SRO","Na Kopečku 71, 691 76 Šitbořice","57","0","0","-","-","-","avitiumczech.cz","-","-","+420 777 639 932","-",,,"0","0","13","4","0","2025-07-12 13:56:15"
"3989","1",,"Ukraine Linseeed ","IMPORTER","GOLDEN BAKERY S.R.O.","Na Poříčním právu 1914/6 128 00 Praha 2 – Nové Město","57","0","0","-","-","info@goldenbakery.cz","www.goldenbakery.cz","-","-","+420 777 751 616","-",,,"0","0","13","4","0","2025-07-12 13:58:02"
"3990","1",,"Ukraine Linseeed ","IMPORTER","BIALON TRADE AS","Teslova 1129/2B, 702 00 Ostrava","57","0","0","-","-","tomasbialon@gmail.com","www.bialontrade.com","-","-","+420 604 112 177","-",,,"0","0","13","4","0","2025-07-12 13:59:57"
"3991","1",,"Ukraine Linseeed ","IMPORTER","RM FUTTER UND LEBENSMITTEL GMBH","Feldmark 11A 44267 Dortmund","82","0","0","-","-","-","-","-","-","+49 176 82128645","-",,,"0","0","13","4","0","2025-07-12 14:05:20"
"3992","1",,"Ukraine Linseeed ","IMPORTER","KRUCKEN GMBH CO. KG ","Altenberger Str. 23, 50668 Köln (Cologne)","82","0","0","-","+49 221 9127 57‑0"," info@kruecken.com","www.kruecken.com","Jens Kuchenbuch","kuchenbuch@kruecken.com","+49 221 9127 57‑11","-",,,"0","0","13","4","0","2025-07-12 14:21:20"
"3993","1",,"Ukraine Linseeed ","IMPORTER","GRAINLI GMBH CO. KG","Ballindamm 4–5, 20095 Hamburg","82","0","0","-","-","hey@grainli.de"," www.grainli.de","Matthias Wree","hey@grainli.de","+49 40 228 650 10","-",,,"0","0","13","4","0","2025-07-12 14:24:46"
"3994","1",,"Ukraine Linseeed ","IMPORTER","FINEXCIS GMBH","Soorstraße 7, 14050 Berlin","82","0","0","-","-","-","-","Dmytro Ryabushynskyy","-","-","-",,,"0","0","13","4","0","2025-07-12 14:26:03"
"3995","1",,"Ukraine Linseeed ","IMPORTER","AGROSOM GMBH","Mühlenplatz 9, 23879 Mölln, Schleswig‑Holstein","82","0","0","-","-","office@agrosom.de","http://www.agrosom.de/","-","-","+49 (0) 45 42 83 89 90 ","-",,,"0","0","13","4","0","2025-07-12 14:27:50"
"3996","1",,"Ukraine Linseeed ","IMPORTER","CDVET NATURPRODUKTE GMBH","Industriestraße 9–11 D‑49584 Fürstenau, Niedersachsen","82","0","0","-","-","info@cdvet.de","-","hustede ","r.hustede@cdvet.de","+49 5901 9796‑0","-","-","-","0","0","0","4","0","2025-07-12 14:30:56"
"3997","1",,"Ukraine Linseeed ","IMPORTER","RUISINGER GMBH CO KG","Am Schlarpfengrund 5, 86684 Pessenburgheim (Holzheim)","82","0","0","-","-","-","-","-","-","-","-",,,"0","0","13","4","0","2025-07-12 14:34:07"
"3998","1",,"Ukraine Linseeed ","IMPORTER","PRIMA MATERIA FOOD INGREDIENTS GMBH","Alemannenweg 9, 74248 Ellhofen, Baden-Württemberg","82","0","0","-","-","-","www.prima-materia.de ","-","-","-","-",,,"0","0","13","4","0","2025-07-12 14:36:11"
"3999","1",,"Ukraine Linseeed ","IMPORTER","H & B GMBH "," Auenstraße 49, 73079 Süßen, Baden-Württemberg","82","0","0","-","-","-","hb‑company.eu","-","-","-","-","-","-","0","0","0","4","0","2025-07-12 14:39:49"
"4000","1",,"Ukraine Linseeed ","IMPORTER","SHIN GRAIN CO. LTD","1F, No. 21 Guanghua Rd., Kaohsiung City 815008","214","0","0","-","-","-","-","-","-","-","-",,,"0","0","13","4","0","2025-07-12 14:44:20"
"4001","1",,"Ukraine Linseeed ","IMPORTER","INTERGRAIN SA","Avenue de la Porte‑Neuve 29, 1206 Genève","212","0","0","-","-","admin@intergrain.com"," www.intergrain.com","-","-"," (08) 9419 8000","-",,,"0","0","13","4","0","2025-07-12 16:04:21"
"4002","1",,"Ukraine Linseeed ","IMPORTER","AGRO KVARTA GMBH","Knabenkrautstraße 8, 30855 Langenhagen","82","0","0","-","-","-","-","-","-","-","-",,,"0","0","13","4","0","2025-07-12 16:19:45"
"4003","1",,"Ukraine Linseeed ","IMPORTER","CCE HANSEATIC AGRI GMBH "," Tempowerkring 6, 21079 Hamburg","82","0","0","-","-","info@hanseatic‑agri.com","http://www.xn--hanseaticagri-jm6g.com/","-","-","+49 (0) 40 5379 97770","-",,,"0","0","13","4","0","2025-07-12 16:21:12"
"4004","1",,"russia linseed ","IMPORTER","DANEX IC VE DIS TICARET SANAYI LTD","Zafer SB Mah. Ayhan Sok. Üretim A2/500 No:12 A/4, Aegean Free Economic Zone (ESBAS), Gaziemir, İzmir 35410","223","0","0","-","-","office@danexoils.com","http://www.marvik.rs/","katerina ","-","+90 549 350 2777","-",,,"0","0","13","4","0","2025-07-12 16:30:02"
"4005","1",,"russia linseed ","IMPORTER","AKMER TARıM ÜRüNLERI SAN. VE TIC. LTD. ŞTI.","Özgürlük Mah. 6260 Sk. C Blok No: 2, Akdeniz Bakliyatçılar Sitesi, 33300 Mersin","223","0","0","-","-","-","-","-","-","+90 533 772 0564 ","-",,,"0","0","13","4","0","2025-07-12 16:31:17"
"4006","1",,"kazak Linseed","IMPORTER","COVEN SPA","Stradone San Tomaso 13, 37129 Verona (VR), Italy","107","0","0","-","-"," info@coven.it ","https://www.coven.it","-"," info@coven.it ","+39 011 18864131","-",,,"0","0","13","4","0","2025-07-19 11:30:00"
"4007","1",,"kazak Linseed","IMPORTER","SAVI ITALO SRL","Via S. Protaso, 171 29017 Fiorenzuola d’Arda (PC), Italy  italy.globaldatabase.com +11","107","0","0","-","-","fornitori@saviitalo.it "," https://www.saviitalosrl.com ","-"," william@saviitalo.it","+39) 0523 982601","-",,,"0","0","13","4","0","2025-07-19 11:33:30"
"4008","1",,"kazak Linseed","IMPORTER","MITSUI CO LTD","	2‑1 Otemachi 1‑chome, Chiyoda‑ku, Tokyo 100‑8631, Japan","109","0","0","-","-","-","mitsui.com","-","-","+81‑3‑3285‑1111","-",,,"0","0","13","4","0","2025-07-19 12:32:32"
"4009","1",,"kazak Linseed","IMPORTER","BIOCORE B.V","De Entrée 99‑197, 13th Fl., Oval Tower, 1101 HE Amsterdam, Netherlands","155","0","0","-","-","biocore@biocore.nl","	biocore.nl","-","biocore@biocore.nl","+31 (0)294 805 000","-",,,"0","0","13","4","0","2025-07-19 12:43:52"
"4010","1",,"kazak Linseed","IMPORTER","KREMER ZADEN BB","Industrieweg 7, 1775 PV Middenmeer, The Netherlands","155","0","0","-","-","info@kremerzaden.com","https://www.kremerzaden.com ","-","info@kremerzaden.com","(+31) 0227 50 13 08","-",,,"0","0","13","4","0","2025-07-19 12:46:39"
"4011","1",,"kazak Linseed","IMPORTER","BIOCORE B.V.","De Entrée 99–197, 13th Floor (Oval Tower) 1101 HE Amsterdam, The Netherlands","155","0","0","-","-","biocore@biocore.nl"," https://www.biocore.nl","-","biocore@biocore.nl","+31 (0)294 805 000","-",,,"0","0","13","4","0","2025-07-19 17:17:38"
"4012","1",,"kazak Linseed","IMPORTER","KREMER ZADEN B.V","Industrieweg 7, 1775 PV Middenmeer, The Netherlands","155","0","0","-","-"," info@kremerzaden.com","https://www.kremerzaden.com","-","-","+31 (0)227 501 308","-",,,"0","0","13","4","0","2025-07-19 17:27:38"
"4013","1",,"kazak Linseed","IMPORTER","MINTAS SPECIALTY FOOD","Polderstraat 62, 4543 NA Zaamslag, The Netherlands","155","0","0","-","-","vanvuuren@mintas.nl"," quality@mintas.nl • logistics@mintas.nl ","-","-","+31 6 83 56 05 43","-",,,"0","0","13","4","0","2025-07-19 17:30:31"
"4014","1",,"kazak Linseed","IMPORTER","ADVISORY SPZ OO","ul. Słowackiego 33A, 58‑371 Boguszów‑Gorce, Poland","175","0","0","-","-",": info@advisory.com.pl","-","-","-","+48 606 424 027","-",,,"0","0","13","4","0","2025-07-19 17:35:13"
"4015","1",,"russia linseed data","IMPORTER","APEX AGRI LTD","16 Rue Washington, 75008 Paris, France - OPUS 33, 61 Quai de Paludate, 33800 Bordeaux, France","75","0","0","-","-","info@apexagri.com","apexagri.com","-","info@apexagri.com","-","-",,,"0","0","13","4","0","2025-08-02 13:17:32"
"4016","1",,"russia linseed data","IMPORTER","	IP MCHEDLIDZE BADRI","-","81","0","0","-","-","-","-","-","-","-","-",,,"0","0","13","4","0","2025-08-02 13:19:32"
"4017","1",,"russia linseed data","IMPORTER","LLC GIDANI","10 T. Pipia Street, Didube‑Chugureti District, Tbilisi 0154, Georgia","81","0","0","-","-","-","-","-","-","-","-",,,"0","0","13","4","0","2025-08-02 13:21:15"
"4018","1",,"russia linseed data","IMPORTER","LLC IGOETI ","	Igoeti Village, Kaspi Municipality, Shida Kartli Region, Georgia, Postal Code 2609 ","81","0","0","-","-","	info@igoetispices.ge","	igoetispices.ge ","-","	info@igoetispices.ge","	+995 551 22 66 40 ","-",,,"0","0","13","4","0","2025-08-02 13:24:08"
"4019","1",,"russia linseed data","IMPORTER","OOO GIDANI","Tbilisi, Tevdore Mgvdeli Str. 51","81","0","0","-","-","-","-","-","-","-","-",,,"0","0","13","4","0","2025-08-02 14:06:03"
"4020","1",,"russia linseed data","IMPORTER","COVEN S.P.A.","Stradone S. Tomaso 13, 37129 Verona, Italy","107","0","0","-","-","-","-","-","-","-","-",,,"0","0","13","4","0","2025-08-02 14:07:36"
"4021","1",,"russia linseed data","IMPORTER","NBR CO LTD","4‑chome Kanda‑surugadai, Ome, Tokyo 101‑0062","109","0","0","-","-","-","-","-","-","-","-",,,"0","0","13","4","0","2025-08-02 14:38:01"
"4022","1",,"russia linseed data","IMPORTER","ADVISORY SP Z O O","Ul. Słowackiego 33A, 58‑371 Boguszów‑Gorce, Dolnośląskie, Poland","175","0","0","-","-","info@advisory.com.pl","advisory.com.pl ","-","info@advisory.com.pl","+48 606 424 027 ","-","ADVISORY Sp. z o.o. describes itself as “a dynamically developing and innovative company operating on the wholesale market of grains and additives for the baking industry","Legal form: “Sp. z o.o.” stands for Spółka z ograniczoną odpowiedzialnością — the Polish equivalent of a limited liability company, meaning liability of shareholders is limited to their contributions.

Registration numbers:

NIP (tax ID): 886 288 7637 
Advisory

REGON (business ID): 020 691 810 
Advisory

KRS number: 020 691 810 (the same as REGON in this case) 
Advisory
+1","0","0","16","4","0","2025-08-02 14:59:25"
"4023","1",,"Ukraine Linseeed ","IMPORTER","F&E GROßHANDEL GMBH ","-","82","0","0","-","-","-","-","--","-","+49 163 4963966","-","-","-","0","0","20","4","0","2025-09-25 16:37:12"
"4024","1",,"sir given data","IMPORTER","XINJIANG SHIGUANG RUIHENG INFORMATION TECHNOLOGY CO.LTD","Block D3B, 3rd Floor, Baihua Village Software Park, No. 226, Zhongshan Road, Tianshan District, Urumqi, Xinjiang ","44","0","0","-","-","419896873@qq.com","-","-","-","-","-","-","-","0","0","12","4","0","2025-09-26 10:57:29"
"4025","1",,"sir given data","IMPORTER","KREMERZADEN BV","Kremer Zaden B.V. Industrieweg 7 1775 PV Middenmeer","155","0","0","-","-"," info@kremerzaden.com","https://www.kremerzaden.com/contact/index.html","-"," info@kremerzaden.com","(+31) 0227 50 13 08","-","- VAT: NL813109644B01
Wholesale Trade
Farm product raw material merchant wholesaling, especially grains","Legal Form: Besloten Vennootschap (B.V.)
This is the Dutch equivalent of a private limited company. It means:
• 	Shareholders are not personally liable for company debts.
• 	Shares are privately held and not publicly traded.
• 	The company is governed by Dutch corporate law.
• 	Registered Capital: €18,000
This is the minimum issued capital required for incorporation under Dutch law.
• 	Registration Authority:
• 	KvK (Kamer van Koophandel): Dutch Chamber of Commerce
• 	KvK Number: 37110156
• 	VAT Number: NL813109644B01
• 	Legal Address:
","0","0","12","4","0","2025-09-26 11:54:59"
"4026","1",,"sir given data","IMPORTER","QINGHAI OULONG INTERNATIONAL LOGISTICS CO., LTD.","Building 1, No.13, Wusi Avenue, Chengxi District, Xining, Qinghai, 810000, China","44","0","0","-","-","-","-","-","-","-","-","_","-","0","0","12","4","0","2025-09-26 12:00:04"
"4027","1",,"OLD DATA","IMPORTER","BAK ROL SPOLKA  Z O O ","Ul. Spacerowa 36, 27-300 Lipsko, Poland","175","0","0","-","+48 48 378 01 42","bakrol.sienno@gmail.com","www.bakrol.com.pl","-","bakrol.sienno@gmail.com","-","-","Company Registration Number (KRS): 0001032711
VAT Number (NIP): 5090072565","As of now, there are no publicly available records indicating any legal disputes or cases involving BAK ROL SPÓŁKA Z O.O. The company appears to be operating within the legal framework established for its industry.","0","0","13","4","0","2025-10-04 14:33:20"
"4028","1",,"Ukraine white sorghum ","IMPORTER","STAR WINGS TRADING","Al Ruwais District, Ghosn Al Salam Street, Building No. 4024, Jeddah","191","0","0","-","-","-","-","-","-","+971-52-320-8682","-","-","-","0","0","20","4","0","2025-10-10 11:40:16"
"4029","1",,"Ukraine white sorghum ","IMPORTER","SATRAH GENERAL TRADING (L.L.C)","Al Zarooni Building - 2nd floor - Deira - Al Ras - Dubai","229","0","0","-","+971 50 724 3292 ","shamounbhalli@gmail.com","https://www.satrahllc.com/contact","-","-","+971 50 363 8291 ","-","-","-","0","0","20","4","0","2025-10-10 11:44:48"
"4030","1",,"Ukraine white sorghum ","IMPORTER","REVAL TRADING COMPANY OU","vi tn 5-307, Jõhvi linn, Jõhvi vald, Ida-Viru maakond, 41533","68","0","0","-","-","reval.trading.ou@gmail.com","http://revaltrading.ee/#projects","-","-","+372 58804683","-","-","-","0","0","20","4","0","2025-10-10 12:12:12"
"4031","1",,"sir given data","IMPORTER","LEIZHOU TACHENG AGRICULTURE & ANIMAL HUSBANDRY CO., LTD, LOCATED IN GUANGDONG, CHINA","-","44","0","0","-","-","gdlzmycwb@muyuanfoods.com ","-","-","gdlzmycwb@muyuanfoods.com ","+86 0759-8888798‬","-","-","-","0","0","13","4","0","2025-10-10 12:58:17"
"4032","1",,"sir given data","IMPORTER","TACHENG HUINONG FENGZHONG BREEDING PEASANT PROFESSIONAL COOPERATIVE","-","44","0","0","-","-","18690111757@qq.com ","-","-","18690111757@qq.com ","+86 18690111757‬","-","-","-","0","0","13","4","0","2025-10-10 13:01:04"
"4033","1",,"sir given data","IMPORTER","XINGANG GUDWEN TRADING COMPANY LTD, CHINA","-","44","0","0","-","-","vincent@cnxingang.cn ","-","-","-","+86 13355028767‬","-","-","-","0","0","13","4","0","2025-10-10 13:02:07"
"4034","1",,"sir given data","IMPORTER","URUMQI HAIZHIYI TRADING CO., LTD, CHINA","-","44","0","0","-","-","-","-","-","-","-","-","-","-","0","0","13","4","0","2025-10-10 13:03:20"
"4035","1",,"sir given data","IMPORTER","XIAMEN GULONG IMP. & EXP. CO., LTD,","-","44","0","0","-","-","-","-","-","-","+86 592 560 8888‬","-","-","-","0","0","13","4","0","2025-10-10 13:05:43"
"4036","1",,"sir given data","IMPORTER","ALASHANKOU KAIXIN JIAYE INTERNATIONAL TRADE CO., LTD. ","-","44","0","0","-","-"," 393170917@qq.co","-","-"," 393170917@qq.co","-","-","-","-","0","0","13","4","0","2025-10-10 13:07:08"
"4037","1",,"linseed sheet ukraine origin","IMPORTER","PROGRAIN ORGANIC S R L","42 Albisoara Street, 3rd floor, MD-2005, Chişinău, Republic of Moldova","144","0","0","+373 (22) 780-123","-","office@prograinorganic.com","-","-","-","-","-","-","-","0","0","13","4","0","2025-10-11 15:05:09"
"4038","1",,"linseed sheet ukraine origin","IMPORTER","47TH PARALLEL LTD MD ","MD-2012, mun. Chişinău, sec. Centru, strada Ştefan cel Mare şi Sfînt, nr. 132","144","0","0","-","+373 22 881 979, +373 22 881 955, +373 22 881 962","-","-","-","-","-","-","-","-","0","0","13","4","0","2025-10-11 15:32:29"
"4039","1",,"linseed sheet ukraine origin","IMPORTER","SC  STALAGMITA  SRL ","-","144","0","0","-","+373 680 98666","-","-","-","office@stalagmita.md","-","-","-","-","0","0","13","4","0","2025-10-11 16:11:13"
"4040","1",,"Ukraine lin seeds sheet","IMPORTER","AETOS TRADING EOOD","98 General Stefan Toshev St., Bl. 5, Entrance B, Fl. 3, Apt. 9, Manastirski Livadi District, Sofia 1618, Bulgaria.","33","0","0","-","-","-","-","-","-","-","-","-","-","0","0","0","4","0","2025-11-08 12:27:09"
"4041","1",,"linseed sheet ukraine origin","IMPORTER","AGROLEADER INTERNATIONAL","St St Konstantin and Helen Str 50, Nr 27, Ap 37, Varna, Bulgaria","33","0","0","-","-","-","--","-","-","-","-","-","-","0","0","0","4","0","2025-11-08 12:42:44"
"4042","1",,"linseed sheet ukraine origin","IMPORTER","AGROS 98 LTD ","36 TZAREVETZ STREET VARNA BULGARIA","33","0","0","-","-","agros98ltd@gmail.com","-","Georgi Berbenkov ","-"," +359 879 127 112 ","-","-","-","0","0","0","4","0","2025-11-08 12:49:06"
"4043","1",,"linseed sheet ukraine origin","IMPORTER","BALCHO AGRO PRODUCT LTD","29 TRAYAN TANEV STR 1362 SOFIA BULGARIA","33","0","0","+359 2 920 95 95 +359 2 829 02 80 +359 886 611 244","-","info@balcho.bg","-","-","sales@balcho.bg","-","-","-","-","0","0","0","4","0","2025-11-08 12:58:21"
"4044","1",,"linseed sheet ukraine origin","IMPORTER","DJANIT CO LTD ","P TODOROV 45 VARNA BULGARIA BG 206361340 DZHANER ERTURK","33","0","0","-","-","-","-","~Dzhaner Ertyurk","-","+359 88 570 2422","-","------","---------","0","0","0","4","0","2025-11-08 14:00:54"
"4045","1",,"linseed sheet ukraine origin","IMPORTER","VICTORIA EXPORT IMPORT 2016 LTD"," STR P VOLOV 53 A 6 PLEVEN 5800 BULGARIAVAT BG204 151 222","33","0","0","+359 (0)89 780 1634","-","-","-","Lubomir Zvetkov","-","-","-","-------","---","0","0","0","4","0","2025-11-08 14:17:37"
"4046","1",,"RUS LINSEED SHEET","IMPORTER","PRIMORIS BULGARIA AD","134 Bratia Bakston Str., Plovdiv 4004, Bulgaria","33","0","0","+359 885 508 187","-","nfo@primoris-lab.bg","-","-","-","-","-","----","------------","0","0","0","4","0","2025-11-08 14:30:46"
"4047","1",,"Ukraine Linseeed ","IMPORTER","TUNDERKERT TRADING KFT","PAPIRGYARI UT 1/G  6782 MORAHALOM  HUNGARY","99","0","0","+36 30 190 6000","-","info@tunderkert.biz","https://www.tunderkert.biz/?utm_source=chatgpt.com","-","-","-","-","-","-","0","0","0","4","0","2025-11-08 14:47:43"
"4048","1",,"safflower sheet ","IMPORTER","PT RAM TRADING","Jl. Padang Galak No. 12, Sanur, Denpasar – Bali 80227, Indonesia","102","0","0","+62 361 281 696","-","info@ptramtrading.com","-","-","-","-","-","-","-","0","0","0","4","0","2025-11-11 14:03:17"
"4049","1",,"mustard seed","IMPORTER","EKO GRAIN PHU ROBERT","Cedrowa Street 3 58-312 Stare Bogaczowice","175","0","0","-","+48 507 017 157","ekograin.pl@gmail.com","https://ekograin.pl/kontakt-2/kontakt/","-","-","-","-","looking like a new company","no legal case in google ",,"0","13","4","0","2026-01-10 12:44:54"
"4050","1",,"ukraine mustard sheet","IMPORTER","RWA RAIFFEISEN WARE ","RWA Raiffeisen Ware Austria AG Raiffeisenstraße 1 2100 Korneuburg","14","0","0"," +43 (0) 2262 / 755 50-0 ","-","office@rwa.at"," www.rwa.at","-","-","-","-","-------------","-----------------","0","0","0","4","0","2026-01-17 15:28:45"
"4051","1",,"ukraine mustard sheet","IMPORTER","MAUTNER MARKHOF FEINKOST GMBH","Mautner, Markhof-Gasse 39-41, 1110 Vienna, Austria.","14","0","0","+43 1 740 80","-","info@mautner.at.","-","-","-","-","-","-ghhg","gghg","0","0","0","4","0","2026-01-17 15:41:51"
"4052","1",,"ukraine mustard sheet","IMPORTER","AMT TAYEL HANDELSGMBH"," Heimgartengasse 4/B03, 3002 Purkersdorf, Niederösterreich, Austria","14","0","0","+43 2231 61473 , +43 2231 61690","-","amt.austria@tayel.at"," http://www.tayel.at","-","-","-","-","--------","------------------","0","0","0","4","0","2026-01-17 15:45:52"
"4053","1",,"ukraine mustard sheet","IMPORTER","SAATBAU ERNTEGUT GMBH "," Schirmerstraße 19, 4060 Leonding, Austria ","14","0","0"," +43 732 389 00-0 ","-"," office@saatbau.com"," https://www.saatbau.com","-","-","-","-","---","-----","0","0","0","4","0","2026-01-17 15:49:14"
"4054","1",,"ukraine mustard sheet","IMPORTER","CONDITO SA FOOD INDUSTRY INDUSTRIAL","NB 6 (St), Industrial Area of Sindos, 570 22 Thessaloniki, Greece. ","85","0","0","+30 2310 795 055 ","Fax: +30 2310 796 182 "," info@conditofoods.com"," https://www.conditofoods.com/en/","Tzerkezi","-","-","-","-","---","0","0","0","4","0","2026-01-17 16:03:51"
"4055","1",,"ukraine mustard sheet","IMPORTER","BONITA APPETIZERS PRIVATE COMPANY","18th km Old National Road Thessaloniki – Kavala, Kavallari, 57200, Greece.","85","0","0"," +30 23940 52611 / +30 23940 52685."," Fax: +30 23940 52686.","-","bonita.gr","-","-","-","-","-","-","0","0","0","4","0","2026-01-17 16:11:38"
"4056","1",,"ukraine linseeds sheet","IMPORTER","RGG GRAIN GMBH","RGG GRAIN GmbH Rasumofskygasse 34/11 1030 Vienna, Austria","14","0","0","+43 676 92 012 92","-","sales@rgg-grain.com","https://rgg-grain.com/","Yaroslav Kazmirskyi","yk@rgg-grain.com","-","-","-----","-----------","0","0","0","4","0","2026-01-20 14:32:28"
"4057","1",,"ukraine mustard sheet","IMPORTER","HELLENIC GASTRONOMY PALTSIDIS SA ","11 ONR Thessaloniki – Kilkis, Neochorouda, Thessaloniki, 54500, Greece","85","0","0","+30 2310 781 868 ","Fax: +30 2310 781 984 "," info@paltsidis.gr,logistirio@paltsidis.gr","paltsidis.gr","-","Dimitra","-","-","-","-","0","0","0","4","0","2026-01-24 12:24:33"
"4058","1",,"ukraine mustard sheet","IMPORTER","SAVVAIDIS PARASKEVAS"," Polystylo, Krinides, 64003 Kavala, Greece","85","0","0",": 25 103 92355 (landline) "," 693 236 7970 (mobile)","savvaid@otenet.gr","/www.vrisko.gr","MR. SAVVAID OTENET","savvaid@otenet.gr","-","-","--","--","0","0","0","4","0","2026-01-24 14:27:49"
"4059","1",,"linseed sheet ukraine origin","IMPORTER","VALOGLOU EMMANOUIL PC","-","85","0","0","-","-","info@familia-valoglou.gr","familia-valoglou.gr"," +30 210 4920183","-","-","-","---------","-----------","0","0","0","4","0","2026-01-31 13:38:21"
"4060","1",,"ukraine mustard sheet","IMPORTER","CE KALAMARAKIS KALAS SA","68 SP PATSI STREET GR 118 55 ATHENS GREECE","85","0","0","-","-","-","-","-","-","-","-","-","-","0","0","0","4","0","2026-01-31 15:33:31"
"4061","1",,"ukraine mustard sheet","IMPORTER","CHRIS C PAPADIMITRIOU SA","--","85","0","0","-","-","-","-","-","-","-","-","---","---","0","0","0","4","0","2026-01-31 15:41:02"
"4062","1",,"linseed sheet ukraine origin","IMPORTER","S TZANIDIS S A"," 81 13677 ACHARNES ATHENS GREECE","85","0","0","+30 210 8002550"," +30 210 8002559","tzanidis@tzanidis.gr","www.tzanidis.gr","johanna","tzanidis@tzanidis.gr","-","-","--","--","0","0","0","4","0","2026-02-07 15:36:19"
"4063","1",,"kazak Linseed","IMPORTER","UBF GR SU RENTIS","Unilever Knorr A.B.E.E. 22 Legaki Anastasiou Street Agios Ioannis Rentis, 18233 Piraeus, Attica, Greece","85","0","0","+30 210 3408100","-","-","--","-","-","-","-","-","-","0","0","0","4","0","2026-02-07 16:21:14"
"4064","1",,"WHEAT SHEET","IMPORTER","PT CROWN FLOUR MILLS","abupaten Tangerang, Banten, Indonesia","102","0","0","+62 21 2987 0431","-","henry@ptcrownflourmills.com, ","-","-","-","-","-","-","-",,"0","76","4","0","2026-02-28 13:50:14"
"4065","1",,"WHEAT SHEET","IMPORTER","PT INDOJAYA AGRINUSA"," Jl. Medan Tanjung Morawa, KM. 12,8. Kel. Bangun sari, Ujung Serdang, Kec. Tj. Morawa, Kabupaten Deli Serdang, Sumatera Utara 20362, Indonesia","102","0","0","+62 61 7940211","-","-","-","-","-","-","-","-","-",,"0","90","4","0","2026-02-28 14:01:15"
"4066","1",,"WHEAT SHEET","IMPORTER","PT MURTI JAYA ABADI","Jl. Mayjend Sungkono No.15A, RW.1, Jagongan, Ngargosari, Kec. Kebomas, Kabupaten Gresik, Jawa Timur 61123, Indonesia","102","0","0"," +62 31 3975222","-","-","-","-","-","-","-","-","-",,"0","90","4","0","2026-02-28 14:17:10"
"4067","1",,"WHEAT SHEET","IMPORTER","PEMBORONG MAJU AA SDN. BHD.","Lot 64530/46053, Jalan Binjai, Kampung Sungai Tua, Batu 9 off Jalan Ulu Yam, 68100 Batu Caves, Selangor, Malaysia","132","0","0"," +60 3-6188 3786 / ","+60 3-6179 0609 / +60 3-6177 7488","pemborongpurchase@gmail.com","-","-","purchase@pemborongmaju.com.my"," +60 17-284 8503","-","-","-","0","0","0","4","0","2026-02-28 14:26:49"
"4068","1",,"WHEAT SHEET","IMPORTER","SEBERANG FLOUR MILL SDN BHD","-","132","0","0","+60 4-3828 288","+60 4-3828 220","toksh@soonsoongroup.com","soonsoongroup.com","-","-","-","-","-","-","0","0","0","4","0","2026-02-28 14:35:26"
"4069","1",,"WHEAT SHEET","IMPORTER","SRI JS SDN BHD","No. 122A, Jalan Damar KS9, Glenmarie Cove, Teluk Gong, 42000 Pelabuhan Klang, Selangor, Malaysia","132","0","0"," +60 17-720 5255","-","info@srijs.com","-","-","-","-","-","-","-","0","0","0","4","0","2026-02-28 14:40:48"
"4070","1",,"new data llinseed","IMPORTER","KATOLIK GROUP SP Z O.O","Okrzei 21, 48-130 Kietrz, Poland","175","0","0","-","+48 793 110 814","-","-","-","-","+48 508 521 584","-","there is some news that  this company has bankrupted  so only work the payment term which is no risky","not really",,"0","21","4","0","2026-03-21 13:49:39"
"4071","1",,"given data by akash sir","IMPORTER","AGRICOM TRADING LLC","RUSSIAN FEDERATION, ST. PETERSBURG, UTKIN AVENUE, 15, LIT. E, BUILD. 2-H, ROOM 27 Russia","181","0","0","-","+7 (812) 677-59-32","office@agricomtrading.ru","-","-","-","+7 (812) 677-59-32","-"," The company operates as a major importer, exporter, and wholesale merchant of natural grains, pulses, and grocery commodities. It specializes heavily in bulk shipments of basmati rice, lentils, chickpeas, peas, and coriande
The firm commands a multi-million dollar annual trade volume, frequently showcasing its supply infrastructure at global agricultural forums like Gulfood.","low-risk litigation profile No legal disputes found ","0","0","55","4","0","2026-07-06 13:45:47"
"4072","1",,"Given By Akash Sir","IMPORTER","PREMIUM FROD LLC","Apartment 33, Building 33, Orekhovy Proezd, Zyablikovo District, Moscow 115573, Russia","181","0","0","+7 (916) 328-0324","+7 (916) 328-0324","premier.rice@mail.ru","www.dasrice.ru","-","-","-","-"," Operates as a major bulk food distributor and non-specialized wholesale merchant, coordinating domestic logistics chains and importing specialty foods from European and Asian supply networks.
 The firm maintains a strong financial health score with an estimated annual turnover reaching roughly 640 million rubles","Involved in only 3 commercial arbitral court cases overall
Asset Recovery: In its primary civil lawsuits, Premium Food LLC acted as the plaintiff to collect outstanding accounts receivable and enforce distribution payment contracts against regional grocery retailers","0","0","55","4","0","2026-07-06 14:11:31"
"4073","1",,"Given By Akash Sir","IMPORTER","MILORADA  LLC ","Ulitsa Godovikova, d. 9, str. 16, 129085, Moscow, Russia","181","0","0","+7 (495) 956-9801","+7 (495) 956-9801","trade@milorada.ru","https://www.milorada.ru","-","-","-","-","It acts as a primary supply chain link, sourcing functional food starches, sweeteners, emulsifiers, and stabilizers from European and global manufacturers to supply large-scale Russian bakery, confectionery, dairy, and meat processing networks","According to the Russian Arbitral Court Case Files (Картотека арбитражных дел), Milorada LLC has an active, distinct litigation profile divided across commercial and state regulatory categories
A. Customs & Regulatory Challenges (State vs. Enterprise)
B. Commercial Contract Enforcements (Enterprise vs. Clients)","0","0","55","4","0","2026-07-06 14:19:42"
"4074","1",,"Given By Akash Sir","IMPORTER","SELTING LLC ","Ul. Tukhachevskogo 3A, 241020, Bryansk, Bryansk Region, Russia","181","0","0","+7 (4832) 41-04-13","+7 (4832) 41-07-88","selting@selting.ru    and   baikovaea@selting.ru","https://selting.ru","(Director) Sybott (Subbot) Alexander Vladimirovich","-","-","-","Selting LLC operates as a major processor, packager, and wholesale distributor of grocery products (бакалея). Its core portfolio includes wheat, bulgur, rice, sugar, salt, flour, and pasta. 
The company owns and distributes food products under its own proprietary trademarks, most notably ""MELKRUP"" (МЕЛЬКРУП) and ""Blagaya"" (Благая","According to Russian arbitral court data (Картотека арбитражных дел), Selting LLC has been involved in between 95 and 110 commercial court cases over its extensive operational lifecycle
The structural nature of these legal disputes indicates a very low-risk profile for external partners","0","0","55","4","0","2026-07-06 14:27:34"
"4075","1",,"Given By Akash Sir","IMPORTER","DILSE LLC (BASMATI RICE)","Skornyazhny Lane 1, Premises 2/1, Municipal District Krasnoselsky, Moscow 107078, Russia","181","0","0","+7 (916) 328-0324","+7 (916) 328-0324","premier.rice@mail.ru   and   winter57@mail.ru","http://www.dasrice.ru","Director / Founder: Manish Jha","-","-","-","Core Activity: Import and distribution of Indian Basmati rice and tea
Import of Basmati rice (premium long grain)
Tea trading (leaf tea, CTC tea)
Wholesale grain distribution in Russia
Wholesale grain distribution in Russia","No major bankruptcy cases found
 No enforcement proceedings recorded
 No known criminal or commercial disputes in public arbitration databases
Low legal risk / clean operational profile (based on public records)","0","0","91","4","0","2026-07-06 14:37:29"
"4076","1",,"Given By Akash Sir","IMPORTER","MISTRAL TRADING LLC "," Floor 5, Entrance E3, 3 Poklonnaya Street, Moscow, 121170, Russia","181","0","0","+7 (495) 741-7888"," +7 (495) 741-7888","info@tkmistral.ru  and   info@mistraleuro.com","-","-","-","-","-"," Mistral Trading LLC is an enterprise in the bulk rice, agricultural grains, and grocery commodity categories.
 Operating for more than 20 years, the firm imports raw agricultural commodities globally and processes, packages, and distributes them across retail networks
Rice varieties, cereal flakes, pasta, muesli, pulses (such as yellow peas), dietary nutrition products, and canned fish","According to Russian Arbitral Court Case Files (Картотека арбитражных дел), Mistral Trading LLC maintains a low-to-medium risk legal profile:
Civil Debts & Collections
Customs Infrastructure Cases",,"0","55","4","0","2026-07-06 15:04:05"
